consumer_id,n_purchases,total_spend,mean_ticket,median_ticket,ticket_cv,share_retail,share_food,share_hotels_rest,share_travel,share_clothing,share_home,share_phones_web,share_repairs,share_cash_advance,share_services,weekday_concentration,active_months,spend_per_active_month,post_payday_share,n_bills,total_bills,bill_utilities_n,bill_telecom_n,bill_rent_n,bill_mortgage_n,bill_consumer_loan_n,late_fee_n,late_fee_sum,total_income,mean_income_credit,n_income,cur_balance,cur_total_in,cur_total_out,LEAK_cur_n_entries,balance_std_proxy,LEAK_debt_service_n,LEAK_debt_service_sum,LEAK_overdraft_n,LEAK_credit_draw_n,LEAK_credit_draw_sum,LEAK_savings_balance,LEAK_pension_balance,LEAK_debt_balance,LEAK_min_balance_proxy
118,461,19872.96,43.108373101952274,25.78,2.297631498677346,0.23956823744424588,0.1819351520860506,0.07652609374748402,0.09173167962900343,0.06560119881487207,0.04683549909022108,0.04486095679757822,0.17238649904191425,0.04506424810395633,0.03549043524467417,0.002688591926026773,24,19.208333333333332,0.3522615654638262,48.0,7728.0,24.0,0.0,0.0,0.0,24.0,0.0,0.0,54518.89,2370.3865217391303,23,29189.54,54518.94,27601.02,532,9089.755545052636,0.0,0.0,0.0,0.0,0.0,0.0,0.0,0.0,1493.7725537903557
119,437,15496.92,35.462059496567505,25.38,0.9159944432514461,0.2952051117254268,0.22530928726482424,0.11800280313765575,0.04004860320631455,0.08233571574222492,0.07678106359199119,0.04799405301182429,0.013398146212279603,0.07598025930313895,0.024944956804319827,0.0015704967259010383,24,18.208333333333332,0.38668393461410394,24.0,2976.0,24.0,0.0,0.0,0.0,0.0,0.0,0.0,70440.48,3062.6295652173912,23,2142.7,70440.54,71232.86,507,16075.113360455289,0.0,0.0,0.0,0.0,0.0,0.0,52759.91,0.0,2137.8523188526965
120,440,17100.84,38.865545454545455,24.284999999999997,1.2986553088431523,0.26549514526771784,0.15840508419469454,0.10510653277850679,0.07308062060109329,0.04647607953761335,0.08653902381403487,0.06731423719536585,0.09418309276035564,0.05503998633985231,0.048360197510765555,0.002765195368550022,24,18.333333333333332,0.3283698344642719,24.0,960.0,0.0,24.0,0.0,0.0,0.0,0.0,0.0,38546.88,1675.951304347826,23,778.42,38546.93,39374.63,509,6476.679532106846,0.0,0.0,0.0,0.0,0.0,0.0,21313.74,0.0,1112.7820967077448
121,436,16532.97,37.91965596330275,25.815,1.2913736053482603,0.268761148178458,0.21149497035317916,0.14372190840484197,0.07351855111332085,0.06116747323681106,0.06377257080851172,0.0321303431869773,0.028986322481683573,0.0515841981204829,0.0648625141157336,0.0039632093341722685,24,18.166666666666668,0.38263240059106135,48.0,3936.0,24.0,24.0,0.0,0.0,0.0,0.0,0.0,58510.799999999996,2543.9478260869564,23,40479.79,58510.86,20469.02,507,11546.438247630826,0.0,0.0,0.0,0.0,0.0,0.0,0.0,0.0,1920.422421899522
122,440,15957.58,36.267227272727276,25.915,0.9641977480459606,0.2537558953174604,0.19260815236395493,0.12460535996059553,0.07939173734363231,0.06705402698905473,0.06872909300783703,0.06749582330152817,0.0174656808864502,0.07840599890459582,0.05048823192489087,0.0022938797445491987,24,18.333333333333332,0.3799730284917888,72.0,14496.0,24.0,24.0,24.0,0.0,0.0,0.0,0.0,82500.23000000001,3586.9665217391307,23,47322.12,82500.14,38615.53,548,13950.68460255004,13.0,8162.05,0.0,0.0,0.0,0.0,0.0,0.0,1723.0260342579136
123,446,17980.79,40.31567264573991,24.68,2.177243839444423,0.2283715009184802,0.1932929532017225,0.08673256291853694,0.179703450182111,0.06715611494266936,0.06008523540956766,0.031089290292584473,0.07484765686046052,0.04734052285800568,0.03138071241586159,0.004663329082922774,24,18.583333333333332,0.37297193282386365,0.0,0.0,0.0,0.0,0.0,0.0,0.0,0.0,0.0,46057.27,2002.4899999999998,23,1593.66,46057.26,46466.09,492,8500.603571479027,0.0,0.0,0.0,0.0,0.0,28485.4,0.0,0.0,1517.0595091840541
124,452,17577.24,38.88769911504425,27.37,1.0734363198739225,0.2580854559646452,0.19430354253568824,0.10086680275174033,0.08256017440735862,0.09629725713479478,0.07983619726418938,0.04743805056994159,0.04785506712089043,0.051609922832025965,0.041147529418725584,0.0018488492838197867,24,18.833333333333332,0.357637490299956,24.0,960.0,0.0,24.0,0.0,0.0,0.0,0.0,0.0,51171.11,2224.830869565217,23,1375.63,51171.01,51927.51,522,9925.842749324995,0.0,0.0,0.0,0.0,0.0,33390.19,0.0,0.0,1569.4452835264483
125,447,16164.24,36.161610738255035,24.11,1.1282054497662233,0.26053189014763456,0.1806357737821265,0.061524080315560774,0.14131193300767622,0.0720998945821146,0.05262356906356254,0.0452381305894988,0.042405334243985494,0.08709101077440079,0.05653838349343985,0.003225709453654191,24,18.625,0.3494435865837181,48.0,3936.0,24.0,24.0,0.0,0.0,0.0,0.0,0.0,97269.6,4229.113043478261,23,3400.19,97269.56,97922.27,554,21279.080767328625,13.0,7187.76,0.0,0.0,0.0,0.0,70634.14,0.0,2886.2483889020223
126,467,18548.52,39.71845824411135,26.57,1.2366526270810962,0.2469442305909043,0.1966507300852036,0.11149514893910677,0.05529012557336112,0.07756036600224708,0.06925619941644941,0.050069762978393974,0.054905728327650956,0.07839978607457632,0.059427922012106636,0.0017104494843117601,24,19.458333333333332,0.3283178388356591,72.0,14496.0,24.0,24.0,24.0,0.0,0.0,0.0,0.0,99048.58,4306.46,23,3092.55,99048.64,100262.56,598,17384.31911237526,13.0,10403.3,0.0,0.0,0.0,0.0,56814.81,0.0,2209.1726236237696
127,423,15418.62,36.450638297872345,25.46,1.1622424328679462,0.33394622865081314,0.20395275322953677,0.08955276153118762,0.08752209990258532,0.06008708950606475,0.08070501769937906,0.044791297794484854,0.05439981009973655,0.011130697818611524,0.03391224376760048,0.0037432832525152726,24,17.625,0.38569405044031174,48.0,3936.0,24.0,24.0,0.0,0.0,0.0,0.0,0.0,62083.69,2699.2908695652177,23,2018.23,62083.79,62652.38,517,13383.383131827468,0.0,0.0,0.0,0.0,0.0,43297.76,0.0,0.0,1991.5643960218063
128,437,15057.23,34.45590389016018,23.75,1.1179570396557101,0.25935713275283706,0.23672813658289077,0.1104884497347786,0.05054382512586978,0.07956310689283488,0.1081633208764162,0.06353824707466116,0.0026219962104583653,0.04989098260437014,0.03910480214488323,0.002618312255965094,24,18.208333333333332,0.35500619967948954,48.0,3936.0,24.0,24.0,0.0,0.0,0.0,0.0,0.0,31114.56,1352.8069565217393,23,13417.74,31114.58,18993.28,508,3866.3932396494097,0.0,0.0,0.0,0.0,0.0,0.0,0.0,0.0,796.4907531932183
129,459,17709.15,38.582026143790856,26.21,1.3206401547119873,0.25235880886434414,0.18208440269578155,0.11463904252886219,0.12934443493900044,0.060022643661609955,0.06475748412543797,0.03467868305367564,0.06438987754917655,0.055881281710302294,0.0418433408718092,0.0010177567112510388,24,19.125,0.2990431500100231,48.0,3936.0,24.0,24.0,0.0,0.0,0.0,0.0,0.0,60685.21000000001,2638.487391304348,23,41568.7,60685.3,21645.16,530,12425.869412297629,0.0,0.0,0.0,0.0,0.0,0.0,0.0,0.0,1706.4442985093683
130,441,15880.02,36.00911564625851,26.3,0.98167001474717,0.2687137673630134,0.19086688807696714,0.14712135123255513,0.0645288859837708,0.04377450406233745,0.11116988517646703,0.06531918725543166,0.024840019093174945,0.04501253776758468,0.03865297398869775,0.002454030983032318,24,18.375,0.38191009835000206,24.0,960.0,0.0,24.0,0.0,0.0,0.0,0.0,0.0,31690.07,1377.8291304347827,23,686.37,31690.01,32324.06,511,4851.605960419669,0.0,0.0,0.0,0.0,0.0,0.0,15484.0,0.0,762.997024383015
131,462,16709.54,36.1678354978355,24.634999999999998,1.2497016634298932,0.2539950232023144,0.20354779365560033,0.12428229622120057,0.08588147848474584,0.06777385852632688,0.06554878231237964,0.05360231340898672,0.046734380479654135,0.033474290734514536,0.06515978297427696,0.002383864920307177,24,19.25,0.3595526866688131,24.0,2976.0,24.0,0.0,0.0,0.0,0.0,0.0,0.0,25071.360000000004,1090.059130434783,23,6430.38,25071.33,19685.59,509,1988.5011730097585,0.0,0.0,0.0,0.0,0.0,0.0,0.0,0.0,271.63881428805814
132,462,16493.9,35.701082251082255,27.494999999999997,0.9712024989939194,0.25711626722606545,0.2240258519816417,0.13825353615579095,0.054997302032872765,0.08524969837333804,0.047284147472702036,0.057375150813331,0.05410242574527553,0.04681973335596797,0.0347758868430147,0.003976803819608854,24,19.25,0.33422780543109876,0.0,0.0,0.0,0.0,0.0,0.0,0.0,0.0,0.0,25894.57,1125.8508695652174,23,10479.75,25894.65,16493.85,485,2967.639230384245,0.0,0.0,0.0,0.0,0.0,0.0,0.0,0.0,588.7138567061024
133,435,17247.6,39.64965517241379,24.97,1.58203622222712,0.23101706904148986,0.22490781326097545,0.0894785361441592,0.07811869477492521,0.07436686843386907,0.04905899951297572,0.04608003432361604,0.10344627658340871,0.030197244834063875,0.07332846309051695,0.0044891630062341425,24,18.125,0.38157424801131756,96.0,20424.0,24.0,24.0,0.0,24.0,24.0,0.0,0.0,53808.72000000001,2339.509565217392,23,18379.22,53808.77,37671.59,554,5346.555595487926,0.0,0.0,0.0,0.0,0.0,0.0,0.0,0.0,730.432280027354
134,448,16581.99,37.01337053571429,26.855,1.1614195989218576,0.27954907704081355,0.20389711970638025,0.12551267972058844,0.049630955030126066,0.12528170623670623,0.050200850440749276,0.04143471320390375,0.05144738357700132,0.04596553248433995,0.027079982559391244,0.0042581142483635315,24,18.666666666666668,0.3122851961676493,72.0,15672.0,24.0,24.0,0.0,24.0,0.0,0.0,0.0,32713.93,1422.3447826086956,23,1823.1,32714.01,32254.0,543,934.4238484869727,0.0,0.0,0.0,0.0,0.0,0.0,0.0,0.0,-27.066363290139634
135,441,15841.46,35.921678004535146,23.59,1.2560286757421733,0.24720069993548577,0.17895699007540972,0.12000093425732225,0.09163107440854568,0.09097456926318662,0.07845993992977919,0.06374159957478667,0.027794786591639913,0.051843075070100865,0.04939633089374338,0.0018689906912853216,24,18.375,0.3316493555518242,48.0,3936.0,24.0,24.0,0.0,0.0,0.0,0.0,0.0,52598.88,2286.9078260869564,23,1388.86,52598.88,53401.64,535,10257.049124222696,0.0,0.0,0.0,0.0,0.0,33624.18,0.0,0.0,1467.8900201561987
136,438,18845.41,43.0260502283105,25.765,2.0613669938993935,0.23780910046531217,0.20313858918431593,0.10869808616527843,0.12880961464887203,0.05128675895085327,0.08223912347887363,0.03228531509794692,0.09473712697150126,0.03569038826961047,0.025305896767435672,0.0021751141881954927,24,18.25,0.3941214332826932,48.0,3936.0,24.0,24.0,0.0,0.0,0.0,0.0,0.0,41175.840000000004,1790.2539130434784,23,-343.16,41175.84,43234.67,556,6360.90634069758,23.0,651.5899999999999,1.0,0.0,0.0,0.0,19771.71,5665.450902021204,671.600125878168
137,422,14452.98,34.24876777251185,25.369999999999997,1.0692370209250288,0.2733470882821397,0.211264389765986,0.14801099842385446,0.07855196644567418,0.08472370403889025,0.06759228892588241,0.03326234451303468,0.035034989324001,0.04796381092342202,0.02024841935711528,0.004304112624097356,24,17.583333333333332,0.35163405747465226,72.0,8688.0,24.0,24.0,0.0,0.0,24.0,0.0,0.0,39882.0,1734.0,23,18402.77,39881.95,23140.94,517,5524.642900835074,0.0,0.0,0.0,0.0,0.0,0.0,0.0,0.0,874.128111695853
138,408,14584.32,35.74588235294117,25.545,0.9034288387228009,0.2771833037124803,0.21113840069334738,0.13865370480077235,0.013735299280322976,0.06449735057925224,0.0959112252062489,0.04339043575566087,0.03788315121994032,0.07662338730911006,0.040983741442864666,0.003363013190059161,24,17.0,0.42187911400737227,48.0,3936.0,24.0,24.0,0.0,0.0,0.0,3.0,13.200000000000001,17811.85,774.4282608695652,23,20.58,17811.95,18533.53,482,356.28896435783264,0.0,0.0,0.0,0.0,0.0,0.0,0.0,0.0,-162.51556403338952
139,78,2243.73,28.76576923076923,21.215,1.0085078094162212,0.3849527349547405,0.28306881844072146,0.1581919393153365,0.011396201860295134,0.03237911869966529,0.037932371542030455,0.06931315265205706,0.0,0.022765662535153514,0.0,0.0074696522713260105,23,3.391304347826087,0.8859711284334567,60.0,21741.0,18.0,0.0,21.0,21.0,0.0,55.0,2178.88,25627.93,1114.2578260869566,23,0.5,25627.98,26695.32,233,611.0903894400874,0.0,0.0,0.0,0.0,0.0,0.0,531.72,0.0,-1044.0973425222933
140,448,16818.9,37.542187500000004,25.095,1.1339109091502455,0.23971365547092852,0.19248583438869366,0.12978672802620858,0.12552366682720034,0.09046727193811722,0.07455957286148321,0.031233314901687976,0.03284162460089542,0.038605973042232254,0.044782357942552725,0.0041138944542955524,24,18.666666666666668,0.3257335497565239,0.0,0.0,0.0,0.0,0.0,0.0,0.0,0.0,0.0,37767.130000000005,1642.049130434783,23,22522.0,37767.23,16818.87,471,6768.1050858341205,0.0,0.0,0.0,0.0,0.0,0.0,0.0,0.0,1000.3347238236514
141,436,14717.619999999999,33.75600917431193,24.42,0.9642355678546466,0.2506274791712247,0.21444567803761752,0.14537404824964906,0.04810084782729816,0.10228759813067603,0.05848907635881345,0.06471630603317656,0.024502603002387616,0.06426310775791194,0.027193255431244998,0.0015702050243052712,24,18.166666666666668,0.35405045109195643,48.0,5712.0,0.0,24.0,0.0,0.0,24.0,0.0,0.0,33351.840000000004,1450.0800000000002,23,14311.85,33351.82,20429.63,507,4427.2445715146205,0.0,0.0,0.0,0.0,0.0,0.0,0.0,0.0,700.7991368193062
142,259,8076.99,31.185289575289573,21.39,1.357372638022742,0.237706125673054,0.2398913456621836,0.1281219860368776,0.020927350411477547,0.06608526196021043,0.12496363125372201,0.05861589527782009,0.02773310354476111,0.06337014159977913,0.032585158580114626,0.004437811036843153,24,10.791666666666666,0.7154868335852838,46.0,12972.0,23.0,0.0,23.0,0.0,0.0,34.0,950.4,23144.15,1006.2673913043479,23,1.81,23144.05,24106.57,376,753.0657022055973,0.0,0.0,0.0,0.0,0.0,0.0,2107.16,0.0,-235.39467761592994
143,152,4820.82,31.715921052631575,21.205,1.1270400744550912,0.2598313150045013,0.18615505245995495,0.13705759601063722,0.013881455851909013,0.06994038358619489,0.10550279827913095,0.06416543243680536,0.012728125090752197,0.047122688671221914,0.10361515260889227,0.0018269855920423073,23,6.608695652173913,0.779724196298555,92.0,18446.0,23.0,23.0,23.0,0.0,23.0,80.0,1605.78,25549.679999999997,1110.8556521739129,23,0.83,25549.62,26613.36,361,770.7528368968888,0.0,0.0,0.0,0.0,0.0,0.0,1740.78,0.0,-791.0423118657666
144,399,13693.37,34.31922305764411,26.47,0.8739882804267322,0.30903933801540456,0.26276731001937437,0.09457861724323523,0.009733177442806265,0.07400734808158985,0.05163520740329079,0.04614276836162318,0.027081719109320793,0.08382888945526194,0.0411856248680931,0.0023642497164643173,24,16.625,0.37530279251929943,47.0,7530.0,24.0,0.0,0.0,0.0,23.0,14.0,304.92,24218.08,1052.96,23,9.66,24218.06,25261.36,502,1290.2408310778849,0.0,0.0,0.0,0.0,0.0,3733.11,0.0,0.0,-240.60065548186253
145,405,13029.36,32.17125925925926,22.62,0.9609488207538965,0.33237089158638644,0.19652001326235521,0.12767549595682368,0.029264676085394833,0.1127760688168874,0.04952737509747217,0.048631705624834994,0.037395543603062624,0.03421349935837217,0.03162473060841055,0.004840823625923418,24,16.875,0.388846420699098,48.0,3936.0,24.0,24.0,0.0,0.0,0.0,2.0,8.8,18535.24,805.8800000000001,23,22.46,18535.3,19318.72,497,797.6495957582543,0.0,0.0,0.0,0.0,0.0,2344.68,0.0,0.0,7.5225164384957
146,382,13302.84,34.82418848167539,23.55,1.0845504254105431,0.3133548926394665,0.1894302269289866,0.13420818411707575,0.027068656016309298,0.09530897161809058,0.06674289099169801,0.04187827561633456,0.04185572404088149,0.05788538387291736,0.032266794158239895,0.0020338154559029764,24,15.916666666666666,0.48720348436875127,70.0,14332.0,23.0,23.0,24.0,0.0,0.0,10.0,71.72,30670.320000000003,1333.4921739130436,23,1.33,30670.32,31946.92,503,1369.408991138784,0.0,0.0,0.0,0.0,0.0,0.0,4240.34,0.0,205.13008837158304
147,126,4081.52,32.39301587301587,20.935000000000002,1.0931087119316552,0.25291558047002094,0.22520041553146866,0.07377643622963993,0.028638840431995924,0.10957437425272938,0.05886777475058312,0.04068337286109097,0.09152472608243988,0.01555057919598581,0.10326790019404536,0.005288791005640614,23,5.478260869565218,0.8666060683274859,47.0,13559.0,23.0,0.0,21.0,3.0,0.0,45.0,1429.45,20053.24,871.8800000000001,23,0.09,20053.25,20925.04,259,552.7689192274562,0.0,0.0,0.0,0.0,0.0,1855.05,0.0,0.0,-699.4794772264248
148,440,15893.11,36.120704545454544,24.744999999999997,1.1291923621294986,0.2674171386217046,0.20637370533520497,0.08539675368760424,0.07811057747665497,0.1005838379020846,0.04834988243333116,0.06590151329727158,0.07922238001247081,0.03917924182239976,0.029464969411273183,0.0033836010169934205,24,18.333333333333332,0.40532092208510484,24.0,2976.0,24.0,0.0,0.0,0.0,0.0,0.0,0.0,25558.56,1111.2417391304348,23,7754.33,25558.56,18869.17,487,2311.0281907234034,0.0,0.0,0.0,0.0,0.0,0.0,0.0,0.0,166.89996875572342
149,89,1871.8700000000001,21.032247191011237,17.73,0.7191300663786396,0.3208609572245936,0.3480583587535459,0.10427540374064438,0.0,0.010978326486347877,0.11478361210981533,0.05830533103260376,0.0017469161854188594,0.010892850465042979,0.030098244001987316,0.0026254526407961665,22,4.045454545454546,0.7798565071292344,69.0,13892.0,23.0,23.0,23.0,0.0,0.0,63.0,1360.48,16607.61,722.07,23,0.56,16607.56,17329.07,259,341.15850852154597,0.0,0.0,0.0,0.0,0.0,0.0,204.74,0.0,-700.9521059579978
150,456,18441.18,40.441184210526316,27.345,1.4465812788049095,0.27315822523287553,0.2043583978899398,0.14624226866176676,0.12195803088522533,0.06492968454296309,0.037234602124159084,0.046952526899037915,0.03737721772684828,0.048500692471956784,0.019288353565227387,0.0018476127557586208,24,19.0,0.3861108670920191,48.0,14712.0,24.0,0.0,0.0,24.0,0.0,0.0,0.0,42058.08,1828.6121739130435,23,-803.35,42058.04,44613.81,582,2551.852161212231,22.0,1187.66,12.0,0.0,0.0,9913.06,0.0,10845.291420451873,542.2081885606822
151,436,15252.47,34.98272935779816,24.314999999999998,1.4172587036839832,0.2813282045465423,0.22854658950320833,0.08805721302844718,0.10579925743174712,0.09325112588321759,0.06973755726121736,0.04457769790728977,0.023320157325338122,0.049580166359940385,0.0158020307530518,0.0010062993054220648,24,18.166666666666668,0.31011632869954836,120.0,30984.0,24.0,24.0,24.0,24.0,24.0,0.0,0.0,46737.350000000006,2032.0586956521743,23,2448.2,46737.28,46236.47,579,1218.2995701393518,0.0,0.0,0.0,0.0,0.0,0.0,0.0,0.0,144.0867637473075
152,463,15998.54,34.554082073434124,26.11,0.8695531816523007,0.24627497259124895,0.21496961597745792,0.1352573422324787,0.10119673420199593,0.053289862699971366,0.07944287416226731,0.05179910166802721,0.025560457391736995,0.06577412688907862,0.026434912185736948,0.002983415064747197,24,19.291666666666668,0.3882935567870568,72.0,8688.0,24.0,24.0,0.0,0.0,24.0,0.0,0.0,63374.89,2755.43,23,1910.14,63374.94,64220.24,581,11793.869853966076,0.0,0.0,0.0,0.0,0.0,0.0,39533.7,0.0,1859.0121618999399
153,425,16775.88,39.472658823529414,25.53,2.5681673889853913,0.21403228921523043,0.2445213008199868,0.1018569517664647,0.1578742814087845,0.1010039413729712,0.05452530657110089,0.04564648769542939,0.011244715627436532,0.04643929260342825,0.022855432919167275,0.0047459961067714,24,17.708333333333332,0.4618833706488124,72.0,14496.0,24.0,24.0,24.0,0.0,0.0,0.0,0.0,127318.08,5535.568695652174,23,4007.09,127318.05,128615.87,543,29514.194494019033,0.0,0.0,0.0,0.0,0.0,0.0,97344.14,0.0,3981.278588185177
154,461,19310.44,41.888156182212576,24.73,1.6421755184192215,0.25904277686059973,0.16833847390323578,0.1457905671750618,0.13039733947025547,0.04163913406426783,0.047390427147180496,0.04408806842309135,0.09569745691967661,0.02387827517135809,0.04373748086527288,0.0032466629342526865,24,19.208333333333332,0.27979010317734865,24.0,960.0,0.0,24.0,0.0,0.0,0.0,0.0,0.0,43004.88,1869.7773913043477,23,24526.18,43004.84,20270.53,508,7179.4763439776425,0.0,0.0,0.0,0.0,0.0,0.0,0.0,0.0,541.5485097926019
155,418,15246.57,36.47504784688995,26.810000000000002,0.9484031621355321,0.2712295290022608,0.25107745545391524,0.14183714763386127,0.0806037029968052,0.058287208204861815,0.049043817724248796,0.049918768614842554,0.04111088592385041,0.04402236043910204,0.0128691240062519,0.0031223444544907775,24,17.416666666666668,0.3505896736118353,24.0,960.0,0.0,24.0,0.0,0.0,0.0,0.0,0.0,22134.239999999998,962.3582608695651,23,6849.88,22134.19,16206.57,465,2150.0788254810022,0.0,0.0,0.0,0.0,0.0,0.0,0.0,0.0,382.09778061565066
156,438,16032.87,36.60472602739726,23.215,1.3322638267871345,0.2581290810690787,0.19084667935310395,0.12593378478089073,0.07664317118519641,0.07563898416191236,0.10795447103357039,0.03514280350305342,0.04049867553345096,0.06446631202024342,0.024746037359499578,0.0031173474323513695,24,18.25,0.41006257769195403,48.0,3936.0,24.0,24.0,0.0,0.0,0.0,0.0,0.0,53741.99,2336.608260869565,23,1651.43,53741.91,54329.72,532,10763.210151905196,0.0,0.0,0.0,0.0,0.0,34360.81,0.0,0.0,1503.2561662542655
157,451,17195.42,38.12731707317073,27.04,1.2627881648868444,0.2349078998942742,0.2238578644778668,0.1087626821560625,0.10735765686444415,0.0872819622899586,0.0706653283257984,0.03137812277920516,0.03828461299578609,0.06031199005316532,0.03719188016343887,0.001966096976482423,24,18.791666666666668,0.36088214187266143,48.0,3936.0,24.0,24.0,0.0,0.0,0.0,0.0,0.0,42816.71,1861.5960869565217,23,1047.71,42816.61,43552.93,545,7101.2477792091,0.0,0.0,0.0,0.0,0.0,0.0,22421.57,0.0,1198.1655151718778
158,445,17666.41,39.69979775280899,28.15,1.1568459737829146,0.238618372380127,0.19867307506165657,0.10017824787265778,0.08005361587328721,0.06680191391459839,0.05937142860377406,0.06367281185028537,0.05623723212582522,0.06673002607773736,0.06966327624005104,0.004235193655981018,24,18.541666666666668,0.35338249253809917,24.0,960.0,0.0,24.0,0.0,0.0,0.0,0.0,0.0,60482.4,2629.669565217391,23,2062.4,60482.35,60940.05,515,13198.872994190022,0.0,0.0,0.0,0.0,0.0,42313.62,0.0,0.0,1856.9377544151366
159,218,6502.88,29.8297247706422,21.490000000000002,0.970035994528175,0.25066278325910984,0.24139765765322443,0.14908317545456784,0.09485950840243093,0.09130723617843171,0.065438697930763,0.04579201830573531,0.017100115641069804,0.02319587628865979,0.021162930886007434,0.0028571144225292278,24,9.083333333333334,0.771424353517211,69.0,17526.0,23.0,0.0,23.0,0.0,23.0,48.0,1042.3600000000001,25970.149999999998,1129.136956521739,23,4.03,25970.06,27048.11,372,772.2222875507806,0.0,0.0,0.0,0.0,0.0,1976.79,0.0,0.0,-363.6242391069927
160,322,11046.68,34.3064596273292,23.240000000000002,0.9956082879898333,0.2981447819616391,0.2390347145024568,0.13073339682148843,0.07124584037919084,0.07699870006191904,0.06286232605633547,0.04452831076848428,0.033754032885898747,0.024853621178489823,0.0178442753840973,0.003540246809503822,24,13.416666666666666,0.6018369320012891,23.0,2852.0,23.0,0.0,0.0,0.0,0.0,16.0,218.24,13554.96,589.3460869565217,23,2.9,13554.98,14116.87,384,207.04907781063898,0.0,0.0,0.0,0.0,0.0,0.0,0.0,0.0,-191.53927833871842
161,40,703.4300000000001,17.58575,9.89,1.0991093871228426,0.5319079368238488,0.06860668438934932,0.20375872510413257,0.010761554099199636,0.0,0.08525368551241772,0.04381388339991186,0.0,0.0,0.05589753067113998,0.027301620775359692,19,2.1052631578947367,0.6314487582275421,33.0,11253.0,6.0,6.0,0.0,21.0,0.0,31.0,1219.79,12627.46,549.02,23,0.19,12627.37,13176.2,127,296.2182200577612,0.0,0.0,0.0,0.0,0.0,0.0,0.0,0.0,-543.1937782490463
162,439,15613.6,35.56628701594533,25.05,1.1548695997343772,0.25521276323205405,0.2347235743198237,0.10785789311881948,0.09432225751908592,0.08009876005533637,0.06247053850489316,0.0644450991443357,0.019046856586565554,0.029091305016139775,0.05273095250294614,0.0046340441522264575,24,18.291666666666668,0.36734641594507356,0.0,0.0,0.0,0.0,0.0,0.0,0.0,0.0,0.0,56924.64000000001,2474.9843478260873,23,35411.29,56924.6,23885.17,475,10155.507367100237,13.0,8271.6,0.0,0.0,0.0,0.0,0.0,0.0,1357.9482383719912
163,351,12409.86,35.3557264957265,25.36,1.004350691126028,0.2780313395960954,0.22023697285867855,0.12933344937009766,0.06880738380610257,0.06924091005055658,0.08387524113890084,0.03767165785915393,0.012010610917447902,0.058867706807329015,0.041924727595637666,0.0024681051879387184,24,14.625,0.4498995153853468,48.0,3936.0,24.0,24.0,0.0,0.0,0.0,0.0,0.0,96441.84,4193.123478260869,23,17.89,97121.07,97103.18,459,23739.23298047351,0.0,0.0,0.0,14.0,679.28,0.0,80757.34,23607.9236659728,-56.21
164,129,2940.2400000000002,22.792558139534886,15.99,0.7881473888278033,0.28081721220036465,0.20886050118357688,0.13101651565858569,0.041826517563192125,0.08039139662068404,0.01582523875601992,0.10045438467608085,0.01908007509591054,0.044118847441025226,0.07760931080456018,0.0023680662324450097,24,5.375,0.6543241368051588,81.0,19858.0,23.0,23.0,21.0,14.0,0.0,74.0,2081.86,23888.15,1038.6152173913044,23,3.3,23888.09,24880.13,307,521.6766681707984,0.0,0.0,0.0,0.0,0.0,0.0,0.0,0.0,-1969.0328466773726
165,435,17003.52,39.08855172413793,26.79,1.838618992712156,0.27123030995934955,0.21900171258657028,0.07998461495031615,0.05942769497139414,0.08849050079042456,0.07227738727040046,0.05031546409214092,0.09026542739385726,0.036094879177958436,0.032912008807588065,0.003180324289860148,24,18.125,0.32548966331677204,24.0,2976.0,24.0,0.0,0.0,0.0,0.0,0.0,0.0,96681.11,4203.526521739131,23,3355.62,96681.06,97353.82,505,22758.763700815165,0.0,0.0,0.0,0.0,0.0,0.0,77374.28,0.0,3628.8074746275597
166,420,17892.86,42.60204761904762,25.905,1.2100787305691296,0.2699316934240809,0.16593490364312916,0.07882082573719348,0.11739878364889682,0.10770720835014637,0.055548414283686336,0.042282228777288815,0.041095163098576755,0.09124812914201531,0.030032649894986045,0.00620881036859755,24,17.5,0.3129326446414939,48.0,14712.0,24.0,0.0,0.0,24.0,0.0,0.0,0.0,56766.759999999995,2468.12,23,1137.04,56766.79,58097.87,514,7930.643342332521,0.0,0.0,0.0,0.0,0.0,0.0,25492.96,0.0,843.8612164607805
167,414,15666.42,37.84159420289855,24.119999999999997,1.907108757502287,0.24442023129725873,0.1932630428649302,0.09895432396169641,0.057563885048402895,0.08706200906141927,0.15170983543145147,0.04290705853666633,0.05037334630375031,0.030355371552658487,0.043390895941765886,0.005565773985641176,24,17.25,0.33202224886093956,24.0,960.0,0.0,24.0,0.0,0.0,0.0,0.0,0.0,49574.16,2155.3982608695655,23,1600.69,49574.16,50039.06,484,10325.233892682636,0.0,0.0,0.0,0.0,0.0,33412.56,0.0,0.0,1768.6900056792574
168,298,8725.98,29.281812080536913,20.875,0.9745457044280972,0.3193944978099881,0.22073853022812334,0.11448914620478157,0.01275157632724347,0.08573707480420535,0.0551181643780985,0.04162512405483395,0.05262789967430591,0.05092837709919114,0.04658960941922855,0.0034762516675960198,24,12.416666666666666,0.6318258808752714,23.0,4554.0,0.0,0.0,0.0,0.0,23.0,23.0,500.94000000000005,13253.99,576.2604347826087,23,25.24,13253.9,13780.91,367,187.1558544774917,0.0,0.0,0.0,0.0,0.0,0.0,0.0,0.0,-488.02414632603484
169,447,17021.16,38.0786577181208,25.17,1.1774926272832542,0.25209033931882435,0.17804015707507595,0.16143083080119097,0.04470200620874253,0.07620455950123257,0.0964628732706819,0.03298306343398452,0.08824897950550961,0.04045376460828757,0.029383426276469993,0.002371521054788439,24,18.625,0.390649050945999,48.0,13536.0,24.0,0.0,24.0,0.0,0.0,0.0,0.0,34689.75,1508.25,23,304.49,34689.82,35893.59,539,1591.4837996589426,0.0,0.0,0.0,0.0,0.0,0.0,5336.58,0.0,352.0832237007405
170,237,6618.14,27.924641350210972,21.19,0.8593893227885522,0.3054256936238883,0.2359605568936287,0.11253917263762929,0.015060122632643008,0.07075401850066634,0.07548948798302846,0.08769382334009253,0.02740649185420677,0.06510741688752428,0.0045632156466922725,0.0027101217984044634,23,10.304347826086957,0.6753559157104564,71.0,15733.0,22.0,22.0,22.0,5.0,0.0,65.0,1641.75,23034.47,1001.498695652174,23,1.3,23034.39,23992.86,396,346.02582432431876,0.0,0.0,0.0,0.0,0.0,0.0,0.0,0.0,-1697.0136725436832
171,257,7792.43,30.320739299610896,22.7,1.0102549410288897,0.23362417115071932,0.2413829832285949,0.1347654069398121,0.0668405105981061,0.09505250608603476,0.07808090672614318,0.08169338704357947,0.029094903643664426,0.027406085136472188,0.012059139446873438,0.0013538357585739513,24,10.708333333333334,0.6481893324675359,23.0,2852.0,23.0,0.0,0.0,0.0,0.0,20.0,272.8,9621.85,418.3413043478261,23,-984.12,9621.93,11006.97,325,262.5170838640602,1.0,59.71,1.0,0.0,0.0,0.0,0.0,13327.166028213334,-1370.7863291353176
172,443,15700.38,35.441038374717834,25.34,0.8974831384589662,0.25659761101323664,0.21039554456643725,0.12859115511853855,0.08055091660201856,0.09133919051640789,0.061109348945694315,0.06894610194148168,0.019589334780432066,0.04565176129494955,0.03722903522080358,0.0021197722382180206,24,18.458333333333332,0.38752119375454613,48.0,3936.0,24.0,24.0,0.0,0.0,0.0,0.0,0.0,19451.29,845.7082608695653,23,625.46,19451.36,19636.38,514,409.2548018230118,0.0,0.0,0.0,0.0,0.0,0.0,0.0,0.0,-7.1165781321944905
173,436,15815.43,36.27392201834862,24.675,1.1719665711553826,0.29431257955047696,0.16993151624710803,0.11999800195125898,0.06622709594364491,0.07492935696342116,0.07417945639163778,0.0571448262867339,0.04160367438634296,0.041001730588419036,0.06067176169095624,0.001960917741141932,24,18.166666666666668,0.4109145309359277,47.0,7530.0,24.0,0.0,0.0,0.0,23.0,15.0,326.70000000000005,28746.23,1249.8360869565217,23,27.01,28746.15,29916.9,541,2051.4611150570267,0.0,0.0,0.0,0.0,0.0,6244.91,0.0,0.0,59.856062114824
174,446,15357.8,34.43452914798206,27.275,0.9689219237590833,0.26117412650249383,0.2418725338264595,0.11364583468986442,0.056216385159332714,0.06641836721405409,0.053820859758559166,0.06791011733451406,0.05421219185039524,0.05506322520152626,0.02966635846280066,0.004316390286588256,24,18.583333333333332,0.31670030863795595,96.0,26232.0,24.0,24.0,24.0,24.0,0.0,0.0,0.0,46794.95,2034.5630434782609,23,375.11,46794.87,48369.54,586,2165.1429728669336,0.0,0.0,0.0,0.0,0.0,0.0,6779.82,11334.520878070374,271.44613826734826
175,446,14552.59,32.629125560538114,23.33,0.9014866296033685,0.32976466732038767,0.22626831375033585,0.12098396230499177,0.036374281141707425,0.05377668167659503,0.06408412523131621,0.05457447780773045,0.03388675143050138,0.044816764575927724,0.035469974760506555,0.002398072757092251,24,18.583333333333332,0.35497598709233197,48.0,3936.0,24.0,24.0,0.0,0.0,0.0,0.0,0.0,36712.33,1596.1882608695653,23,19753.56,36712.42,18488.54,517,5763.080577981025,0.0,0.0,0.0,0.0,0.0,0.0,0.0,0.0,1209.1240143398375
176,458,17813.94,38.89506550218341,26.174999999999997,1.1513469046060119,0.30695623764310426,0.20126148398389127,0.1439080854656522,0.06970552275352898,0.05857996602660613,0.06383315538280694,0.04632832489612068,0.028180177995435037,0.04922381011724526,0.03202323573560931,0.001334796251189152,24,19.083333333333332,0.3511890126496441,72.0,8688.0,24.0,24.0,0.0,0.0,24.0,0.0,0.0,68709.74,2987.38,23,45195.18,68709.82,26502.03,553,12894.565048021781,0.0,0.0,0.0,0.0,0.0,0.0,0.0,0.0,1898.333391845992
177,443,17792.13,40.1628216704289,27.08,1.6072950607625942,0.24127015708630725,0.19927293696707474,0.1076813175263445,0.12010534994966875,0.06920082081234794,0.0500991168567226,0.06182171555625999,0.0961054128988491,0.03976926877220433,0.014673903574220735,0.0014712110444363713,24,18.458333333333332,0.36224667872817923,48.0,3936.0,24.0,24.0,0.0,0.0,0.0,0.0,0.0,80565.59,3502.8517391304345,23,2448.8,80565.51,81473.6,537,18454.03717414825,0.0,0.0,0.0,0.0,0.0,0.0,59745.54,0.0,2380.916067375602
178,422,16241.91,38.487938388625594,25.439999999999998,1.2576429309938726,0.207330295513274,0.1926220499928888,0.143071843151452,0.1517543195350793,0.07818353875868048,0.07759247526922634,0.04221301558745246,0.016473432003994603,0.043350812804651674,0.047408217383300366,0.0014368447198165324,24,17.583333333333332,0.40505888777859256,47.0,3896.0,24.0,23.0,0.0,0.0,0.0,2.0,8.8,26000.120000000003,1130.44,23,1.68,26000.07,27128.83,514,2062.2830904517336,0.0,0.0,0.0,0.0,0.0,0.0,6982.15,0.0,89.60768141279391
179,455,15916.91,34.98221978021978,24.69,0.9870976602458978,0.24622618334840116,0.22689328519166094,0.11747192137167327,0.11402590075586279,0.04543030022787086,0.06766514354859078,0.06447733888047366,0.029954306457723262,0.03812926001340712,0.04972636020433614,0.002661164313316755,24,18.958333333333332,0.34620413132951056,48.0,3936.0,24.0,24.0,0.0,0.0,0.0,0.0,0.0,46581.9,2025.3,23,28754.38,46581.96,19852.88,526,8047.236784739581,0.0,0.0,0.0,0.0,0.0,0.0,0.0,0.0,1498.6325136957848
180,448,17893.67,39.94122767857142,25.27,1.426830359463105,0.23082352586138002,0.15009386000747751,0.11848324016258265,0.14538102021552876,0.089533337766931,0.05064696062909398,0.01960637476828398,0.07810303867233497,0.044772257451936914,0.07255638446445029,0.0024980241049554763,24,18.666666666666668,0.3505088671021652,0.0,0.0,0.0,0.0,0.0,0.0,0.0,0.0,0.0,54880.07,2386.09,23,1775.24,54879.97,55391.39,494,11593.632047781057,0.0,0.0,0.0,0.0,0.0,37497.69,0.0,0.0,1456.9653353672559
181,75,1508.75,20.116666666666667,14.24,1.1223451794166341,0.2569080364540182,0.36076222038111017,0.06594200497100249,0.0,0.044400994200497104,0.018339685169842586,0.08171665285832642,0.08576636288318144,0.045799502899751446,0.04036454018227009,0.00427880963391114,24,3.125,0.6696669428334714,82.0,16288.0,21.0,22.0,21.0,0.0,18.0,80.0,1729.64,18745.93,815.0404347826087,23,0.69,18746.0,19526.39,260,351.71392025310627,0.0,0.0,0.0,0.0,0.0,0.0,0.0,0.0,-776.0068280834296
182,447,16281.52,36.423982102908276,23.93,1.273939934832175,0.29176637070740324,0.1852136655545674,0.11224627676040076,0.07656840393280236,0.07500528206211705,0.046092748097229255,0.06021919329399222,0.053655309823652825,0.047682894471769224,0.051549855296065726,0.0031415330503333783,24,18.625,0.36916454974719803,48.0,13536.0,24.0,0.0,24.0,0.0,0.0,0.0,0.0,43200.729999999996,1878.292608695652,23,878.18,43200.83,44122.68,540,4488.821772928598,0.0,0.0,0.0,0.0,0.0,0.0,14305.17,0.0,551.9144645505519
183,434,17608.33,40.57218894009217,21.945,2.1283858656826413,0.26075101954586266,0.15966250064600104,0.09078884823262626,0.18749591812511462,0.07724753000426503,0.04255088358748387,0.04531491629245931,0.0270167585455293,0.035718321953302774,0.07345330306735505,0.003460223341287705,24,18.083333333333332,0.3744472076568306,48.0,3936.0,24.0,24.0,0.0,0.0,0.0,2.0,18.04,35909.28,1561.273043478261,23,188.84,35909.3,37216.68,529,4522.317174544019,0.0,0.0,0.0,0.0,0.0,15654.27,0.0,0.0,1092.2209787456763
184,176,4624.99,26.278352272727272,20.03,1.0018186897890817,0.27514437869054853,0.19937124188376626,0.23221023180590664,0.02284113046730912,0.06834176938760948,0.053716872901346815,0.08202612329972606,0.002944871232154016,0.022973022644373287,0.04043035768725987,0.0061314605387622345,24,7.333333333333333,0.7605919147933293,69.0,13892.0,23.0,23.0,23.0,0.0,0.0,65.0,1369.28,19060.100000000002,828.7,23,2.59,19060.1,19886.21,333,321.17848111401923,0.0,0.0,0.0,0.0,0.0,0.0,0.0,5071.642689772509,-727.2900086686134
185,435,16026.09,36.84158620689655,25.93,1.283301654328061,0.2731583311961932,0.17412419373658827,0.13288830900113502,0.12567819099980096,0.06755047550587823,0.04633382191164532,0.046177202299500376,0.04281705643734685,0.07320250915850342,0.01806990975340835,0.002541923778162425,24,18.125,0.35274293355397357,24.0,960.0,0.0,24.0,0.0,0.0,0.0,0.0,0.0,74349.61,3232.5917391304347,23,2368.98,74349.69,75078.61,505,17760.30259784224,0.0,0.0,0.0,0.0,0.0,0.0,58092.52,0.0,2579.85358702295
186,449,15905.49,35.42425389755011,26.24,0.9892465452159697,0.24357061618346876,0.21976751423565075,0.10411059326056603,0.060794103168151384,0.1317023241660584,0.06825630647028166,0.055072808193900355,0.01953916540766742,0.0554783285519654,0.041708240362290004,0.0022944555761555963,24,18.708333333333332,0.3431777329714457,48.0,12696.0,0.0,24.0,0.0,24.0,0.0,0.0,0.0,95538.95,4153.867391304348,23,2720.15,95538.86,96799.49,543,20991.61972804103,0.0,0.0,0.0,0.0,0.0,0.0,68197.87,0.0,2988.735636847231
187,184,4946.65,26.883967391304346,17.89,0.9520348742638925,0.23351965471581781,0.24191523556346217,0.12297817715019257,0.015614607865929468,0.10452326321854184,0.016651673354694592,0.04434314131786159,0.06340856943588084,0.09143157490422811,0.06561410247339108,0.0032200573336941263,24,7.666666666666667,0.7864777172429827,69.0,8326.0,23.0,23.0,0.0,0.0,23.0,65.0,879.78,13593.359999999999,591.0156521739129,23,7.34,13593.35,14152.4,341,270.99485401653186,0.0,0.0,0.0,0.0,0.0,0.0,0.0,0.0,-518.8806207082367
188,325,10306.1,31.711076923076924,23.54,0.9521381988870831,0.26789862314551566,0.18168657397075516,0.14775133173557406,0.050394426601721304,0.06980332036366811,0.025328688834767757,0.061431579355915415,0.031082562754097078,0.12843655699052015,0.03618633624746508,0.0035305609992651865,24,13.541666666666666,0.504347910460795,72.0,15672.0,24.0,24.0,0.0,24.0,0.0,0.0,0.0,42778.33,1859.9273913043478,23,12.67,43880.81,43868.13,460,5338.275729025737,0.0,0.0,0.0,17.0,1102.4,17890.0,0.0,8825.193682821216,-38.95
189,462,19099.31,41.340497835497835,27.33,1.5297833832392442,0.19525993347403647,0.20015173323015334,0.11286323956205747,0.08621358572639536,0.08462557024311348,0.060245108331138664,0.03956582724716233,0.1121883460711408,0.05577531334901627,0.053111342765785774,0.0038655634095716707,24,19.25,0.3892632770503227,24.0,2976.0,24.0,0.0,0.0,0.0,0.0,0.0,0.0,59028.97,2566.4769565217393,23,1856.06,59029.04,59632.52,555,11755.6329943728,23.0,588.11,0.0,0.0,0.0,36969.17,0.0,5113.918308386459,1875.9534877366532
190,193,5701.03,29.53901554404145,19.35,1.5709022376240114,0.2225527667807396,0.22949010968193462,0.08514075526703069,0.02049629628330319,0.08395149648396867,0.09035384833968597,0.044762086850972535,0.10434956490318414,0.09827697801976132,0.020626097389419104,0.003051539536252701,24,8.041666666666666,0.7716991491011272,70.0,14332.0,23.0,23.0,24.0,0.0,0.0,40.0,360.8,25375.449999999997,1103.2804347826086,23,4.86,25375.53,26427.99,346,2186.3100796448393,0.0,0.0,0.0,0.0,0.0,6034.21,0.0,0.0,-176.37615730371363
191,342,12546.36,36.68526315789474,23.025,1.337614907848694,0.27197210983902903,0.20572421004976743,0.11564868216757689,0.1400605434564288,0.03000950076356808,0.06982264178614354,0.03179169097650633,0.046568088274208615,0.05357808958136065,0.034824443105410656,0.0025064821138983673,24,14.25,0.494352943802027,48.0,3936.0,24.0,24.0,0.0,0.0,0.0,0.0,0.0,74429.04000000001,3236.0452173913045,23,1.9,75058.15,75056.25,452,17240.465722974965,0.0,0.0,0.0,16.0,629.17,58573.85,0.0,8543.679365612365,-124.0
192,454,18934.45,41.70583700440529,25.42,1.3136160883023944,0.255340926195374,0.1679995986152225,0.11924191090842354,0.12211181206742207,0.10573055990535768,0.044770774963096366,0.05462424311242206,0.02915426642970881,0.0732020206554719,0.027823887147500986,0.002217493706744067,24,18.916666666666668,0.40596584532426344,48.0,3936.0,24.0,24.0,0.0,0.0,0.0,0.0,0.0,55850.409999999996,2428.2786956521736,23,1414.41,55850.51,56763.2,548,10643.684289702667,0.0,0.0,0.0,0.0,0.0,0.0,33892.7,0.0,1697.2245260694017
193,291,8609.35,29.58539518900344,21.11,0.8920896918659474,0.2740915400117314,0.25118853339683017,0.1339671403764512,0.01040264363744069,0.05748633752838483,0.06626516519830185,0.058415559827396955,0.03743372031570327,0.040617468217693554,0.07013189149006603,0.004114886919153404,24,12.125,0.6072258649026929,1.0,489.0,0.0,0.0,0.0,1.0,0.0,1.0,53.79,9349.2,406.48695652173916,23,-178.14,9349.17,9916.86,344,145.39972851886176,4.0,44.69,24.0,0.0,0.0,0.0,0.0,2392.343365633296,-745.8513716936166
194,431,15256.13,35.39705336426914,24.33,1.0969788586267408,0.27308760478574845,0.25439085796987837,0.11422752690230092,0.043570682735398825,0.08199261542737246,0.05603714703532285,0.054811410233132525,0.03720471705471834,0.041770750511433766,0.04290668734469358,0.002696604179692752,24,17.958333333333332,0.3754261401810289,0.0,0.0,0.0,0.0,0.0,0.0,0.0,0.0,0.0,67026.14,2914.18,23,2428.86,67026.08,67511.4,477,15865.861364284945,0.0,0.0,0.0,0.0,0.0,52255.3,0.0,0.0,2355.4675133263295
195,440,16262.18,36.9595,25.75,1.19518740494754,0.3386151180223069,0.18448387608549405,0.11952210589232193,0.018883077176614693,0.08114594722232812,0.12872874362477846,0.052505875596014794,0.011542732893129948,0.04292474932635107,0.021647774160659886,0.0018908448768527597,24,18.333333333333332,0.3401493526698142,24.0,960.0,0.0,24.0,0.0,0.0,0.0,0.0,0.0,27890.399999999998,1212.6260869565217,23,624.52,27890.37,28427.95,510,3698.549212706401,0.0,0.0,0.0,0.0,0.0,0.0,11205.73,0.0,753.3986407620538
196,431,16646.55,38.623085846867745,27.54,1.473923484537978,0.23065860493615795,0.2050250652537613,0.13680191991734023,0.08018838738357197,0.07882654363817128,0.05705927053954123,0.042913396469538734,0.10202834821629708,0.04410523501866754,0.02239322862695273,0.0026898959394403565,24,17.958333333333332,0.3589752831667823,48.0,7728.0,24.0,0.0,0.0,0.0,24.0,0.0,0.0,61277.05,2664.2195652173914,23,1628.53,61277.15,62201.84,538,9429.745878638989,13.0,8114.81,0.0,0.0,0.0,0.0,29712.51,0.0,738.2947022792557
197,456,17093.36,37.48543859649123,24.395,1.3024554809784756,0.23190817955042192,0.1789864602395316,0.08989046038929736,0.09265176653390556,0.08624752535487464,0.1290419203714191,0.05828988566320489,0.0307476119382029,0.05278189893619511,0.04945429102294692,0.0025114022285783744,24,19.0,0.3617217445838618,24.0,2976.0,24.0,0.0,0.0,0.0,0.0,0.0,0.0,31165.92,1355.04,23,682.36,31165.88,31782.09,526,3876.598931172249,0.0,0.0,0.0,0.0,0.0,11712.79,0.0,0.0,688.278316601708
198,213,6123.61,28.749342723004695,20.6,0.88310721340528,0.33698749593785365,0.2399679274153645,0.10085227504690862,0.041873992628531205,0.08020922299101346,0.03442740474981261,0.028651400072832855,0.03451068895635091,0.09358531977052753,0.008934272430804706,0.0033374055837541716,24,8.875,0.7899376348265158,46.0,12972.0,23.0,0.0,23.0,0.0,0.0,37.0,1095.6,20861.04,907.0017391304348,23,3.21,20861.02,21727.01,332,573.1252277560692,0.0,0.0,0.0,0.0,0.0,1535.81,0.0,0.0,-545.8908173529035
199,449,15870.15,35.34554565701559,24.56,1.0627094739726133,0.2595873384939651,0.2183785282432743,0.0731593589222534,0.06816381697715522,0.09580564770969399,0.08623547981588076,0.03927373087210896,0.05612108266147454,0.058200458092708636,0.04507455821148509,0.0015997917138300677,24,18.708333333333332,0.33841268040944794,48.0,3936.0,24.0,24.0,0.0,0.0,0.0,0.0,0.0,41244.729999999996,1793.2491304347825,23,1200.96,41244.81,41762.38,543,6736.938935985162,0.0,0.0,0.0,0.0,0.0,0.0,21956.22,0.0,1205.5537248317012
200,430,15227.43,35.412627906976745,24.799999999999997,0.9678999752754276,0.24360972271749076,0.24704234398056668,0.1499208993244428,0.0779803289195879,0.08065445055403309,0.06525657973801227,0.04845400701234549,0.018411511331853113,0.028109142514528063,0.040561013907139946,0.0021907218298039544,24,17.916666666666668,0.38611637026077283,72.0,25272.0,24.0,0.0,24.0,24.0,0.0,0.0,0.0,45738.03,1988.61,23,196.66,45737.99,47529.94,546,2280.1011469438286,0.0,0.0,0.0,0.0,0.0,7030.5,0.0,12349.747239401357,276.36817039361017
201,458,16309.7,35.61069868995634,27.09,0.9531181014185935,0.2743177372974365,0.2082079989208876,0.11045635419412989,0.07906399259336469,0.09536349534326198,0.06603432313285959,0.0692140260090621,0.027035445164533992,0.047850665554853865,0.022455961789609867,0.003964797168366951,24,19.083333333333332,0.3527643059038486,72.0,14496.0,24.0,24.0,24.0,0.0,0.0,0.0,0.0,44576.159999999996,1938.093913043478,23,11566.2,44576.18,34867.32,566,3629.8854378217707,13.0,4061.55,0.0,0.0,0.0,0.0,0.0,0.0,375.94093174416525
202,418,14497.01,34.68184210526316,23.91,0.9805333447941895,0.2824030610450017,0.19434214365582972,0.11249974994843763,0.0538400677105141,0.10692066846887738,0.03754429361640779,0.06147957406389317,0.06628470284562127,0.05060077905719869,0.034084959588218534,0.0038818186044587977,24,17.416666666666668,0.3775275039473657,72.0,16272.0,0.0,24.0,24.0,0.0,24.0,0.0,0.0,35330.759999999995,1536.1199999999997,23,6097.8,35330.65,30768.97,513,1753.3812299357523,0.0,0.0,0.0,0.0,0.0,0.0,0.0,0.0,168.18525137477445
203,440,18618.99,42.315886363636366,28.42,1.4659154010687168,0.2388287442014846,0.1948113189813196,0.09181325087988124,0.18656865920224455,0.08247815805261187,0.053825153781166424,0.045457352949864624,0.011143998680916634,0.06287451682395231,0.03219884644655805,0.003043236642088165,24,18.333333333333332,0.32664768604526884,48.0,3936.0,24.0,24.0,0.0,0.0,0.0,0.0,0.0,33571.92,1459.6486956521737,23,12415.8,33571.96,22554.99,511,3670.224151947336,0.0,0.0,0.0,0.0,0.0,0.0,0.0,0.0,881.1117516390289
204,450,17137.3,38.08288888888889,26.84,1.0366946847427094,0.30802751892071684,0.2019069515034457,0.11024081973239659,0.06118875202044662,0.07793701458222708,0.08464810676127513,0.028386618662216336,0.024184089675736552,0.07269581556021076,0.030784312581328452,0.002332076537539751,24,18.75,0.38301366026153477,48.0,3936.0,24.0,24.0,0.0,0.0,0.0,0.0,0.0,47848.81,2080.383043478261,23,1334.57,47848.89,48508.03,544,8644.341836547452,0.0,0.0,0.0,0.0,0.0,27434.79,0.0,0.0,911.5939504452695
205,439,16292.53,37.112824601366746,26.48,1.0426789489934403,0.2650742395441346,0.22594465070802386,0.10537712681824123,0.1035953286567525,0.0698178858654856,0.07414011206362671,0.044186507558985615,0.01465272735419238,0.053723393481552584,0.043488027949004845,0.0018702546466038417,24,18.291666666666668,0.3819087643232819,72.0,14496.0,24.0,24.0,24.0,0.0,0.0,0.0,0.0,34485.97,1499.39,23,5197.06,34486.07,30788.41,534,1589.6499767724854,0.0,0.0,0.0,0.0,0.0,0.0,0.0,0.0,314.4045430877359
206,426,15122.98,35.49995305164319,25.645,1.2572383993598417,0.26833005135231286,0.20760127964197533,0.13570605793302645,0.13282567324693942,0.055484434946022544,0.04481590268584631,0.044829788837914226,0.02620383019748753,0.06143762671113762,0.022765354447337762,0.0012711582006288413,24,17.75,0.3747786481235841,48.0,3936.0,24.0,24.0,0.0,0.0,0.0,0.0,0.0,37000.32,1608.7095652173914,23,791.11,37000.29,37750.86,520,5700.768779706533,0.0,0.0,0.0,0.0,0.0,18691.93,0.0,0.0,946.8987672450138
207,362,11908.49,32.89638121546961,22.59,1.0865639668677882,0.3204377717074121,0.2065417193951542,0.09200158878245689,0.08956467192733923,0.06996520969493195,0.03946764031375934,0.07180759273425934,0.030187706417858184,0.04984343103113829,0.03018266799569047,0.0012273292122583213,24,15.083333333333334,0.40800135029714096,46.0,3772.0,23.0,23.0,0.0,0.0,0.0,11.0,85.36,18376.56,798.9808695652174,23,7.34,18376.52,19134.87,461,1210.4210273175147,0.0,0.0,0.0,0.0,0.0,3369.01,0.0,0.0,9.21838873473871
208,108,2244.78,20.785,16.29,0.8652689713676683,0.28843361042062027,0.28030809255249955,0.14889209633015263,0.0,0.06813585295663717,0.030412779871524152,0.051568527873555536,0.07606981530484055,0.0331435597252292,0.023035664964940885,0.004843762129209561,24,4.5,0.585251115922273,69.0,15019.0,23.0,23.0,0.0,23.0,0.0,62.0,1504.03,18019.68,783.464347826087,23,2.67,18019.65,18767.8,262,418.4022135811947,0.0,0.0,0.0,0.0,0.0,0.0,0.0,0.0,-748.0213197296405
209,438,16460.96,37.582100456621,27.69,1.1619866304269315,0.2410545921987539,0.1780005540381606,0.12603578406119692,0.05401507566994878,0.10065208833506673,0.06215251115366297,0.04818491752607382,0.08733694754133416,0.04183170361874399,0.060735825857058154,0.002907676347689181,24,18.25,0.34128993691740944,72.0,14496.0,24.0,24.0,24.0,0.0,0.0,0.0,0.0,44455.43,1932.8447826086956,23,14536.52,44455.35,31771.13,556,4491.560161077849,23.0,814.1999999999999,0.0,0.0,0.0,0.0,0.0,7080.383900532133,647.8460820460675
210,431,17036.01,39.52670533642691,24.39,1.883121422872669,0.22876131206779055,0.18693755169197485,0.11325304458027438,0.05029287961206879,0.07283689079778657,0.06128078112187068,0.05137881464028256,0.1570232701201749,0.03179911258563479,0.04643634278214207,0.0025130551715900618,24,17.958333333333332,0.3951676478236395,72.0,15672.0,24.0,24.0,0.0,24.0,0.0,0.0,0.0,66428.87,2888.2117391304346,23,1447.85,66428.8,67748.81,549,10421.642953431488,1.0,1808.88,0.0,0.0,0.0,0.0,33231.89,22366.273037646006,1398.4564742116538
211,455,18388.73,40.41479120879121,24.95,1.9972149705840982,0.26785264670262715,0.1770861826781948,0.09806930658071548,0.15513523772441057,0.0593852865314788,0.07451303053555088,0.06339970188262051,0.04429615313292436,0.04361421370589487,0.01664824052558279,0.0012282721991048184,24,18.958333333333332,0.29806462980314574,0.0,0.0,0.0,0.0,0.0,0.0,0.0,0.0,0.0,67582.56,2938.3721739130433,23,2359.37,67582.53,68039.11,501,15584.843486260039,0.0,0.0,0.0,0.0,0.0,0.0,49650.35,0.0,1055.8789336324724
212,452,18744.19,41.469446902654866,25.185000000000002,1.4886889816884818,0.24621709447033988,0.19556940043821577,0.06764762841179052,0.1727511298167592,0.075654376102675,0.0747901082948903,0.05676105502558392,0.04647200012377168,0.019298780048644406,0.044838427267329235,0.0032687736994939653,24,18.833333333333332,0.30254068060556366,48.0,13536.0,24.0,0.0,24.0,0.0,0.0,0.0,0.0,158078.77,6872.99,23,5697.11,158078.73,159254.6,559,34462.101957934756,13.0,9820.19,0.0,0.0,0.0,117154.24,0.0,0.0,5140.438178953506
213,405,14014.87,34.60461728395062,22.38,1.0698604717813553,0.26878522597783644,0.19600324512464262,0.11644346326437563,0.10337377371320605,0.07252368377302108,0.04265469462078492,0.05504938682984573,0.007786729381007459,0.06225815865577063,0.07512163865950951,0.0033797211186542553,24,16.875,0.406678049814233,94.0,27770.0,0.0,23.0,24.0,24.0,23.0,15.0,309.32,45618.47,1983.4117391304349,23,3.45,45618.37,47515.69,555,1985.238798696785,0.0,0.0,0.0,0.0,0.0,5421.44,0.0,0.0,296.33557793230625
214,456,15344.96,33.651228070175435,25.915,0.8765355843748664,0.2540664817633933,0.22693965966675703,0.11810196963693616,0.033098815506850454,0.11972791066252371,0.036671975684524426,0.06232534982170041,0.03048753466936375,0.06108324818051007,0.057497054407440615,0.00238243397042881,24,19.0,0.33972848414072115,48.0,13536.0,24.0,0.0,24.0,0.0,0.0,0.0,0.0,84710.4,3683.060869565217,23,2512.88,84710.44,85727.16,563,15441.882782947265,13.0,7914.539999999999,0.0,0.0,0.0,0.0,48931.58,0.0,1775.1615127094349
215,439,17263.53,39.32466970387244,25.24,1.1917488892981487,0.30245320626777955,0.18719462357930272,0.08981187509159483,0.07067847653405765,0.07642179785941809,0.09111809693614227,0.06452735912064335,0.032663076439175535,0.0405386383897152,0.04459284978217086,0.0017576338153504345,24,18.291666666666668,0.35285830881633135,24.0,2976.0,24.0,0.0,0.0,0.0,0.0,0.0,0.0,28695.850000000002,1247.645652173913,23,140.3,28695.92,29751.28,508,2832.1843564600626,0.0,0.0,0.0,0.0,0.0,9511.73,0.0,0.0,589.1831745963744
216,460,15777.4,34.29869565217391,26.37,0.8634574365900105,0.29825129615779533,0.2354564123366334,0.13325072572160176,0.0832488242676233,0.05261006249445409,0.04805671403399799,0.03749730627353049,0.033424391851635885,0.05746193922953084,0.020742327633196847,0.0021287505676289564,24,19.166666666666668,0.37288716772091723,48.0,11520.0,0.0,24.0,24.0,0.0,0.0,0.0,0.0,52910.869999999995,2300.472608695652,23,27817.96,52910.79,27297.45,531,8279.237302162832,0.0,0.0,0.0,0.0,0.0,0.0,0.0,0.0,1197.986278350823
217,442,16845.15,38.11119909502263,25.19,1.2502710458146291,0.2591464011896599,0.2174281618151219,0.11264963505816215,0.06521936581152439,0.079010872565694,0.09586201369533665,0.04256121198089659,0.0634782118295177,0.021002484394618038,0.04364164165946875,0.0035337532994779153,24,18.416666666666668,0.32389322742747906,48.0,3936.0,24.0,24.0,0.0,0.0,0.0,0.0,0.0,22245.37,967.1899999999999,23,330.2,22245.45,22842.14,526,528.5511633702972,13.0,2061.07,0.0,0.0,0.0,0.0,0.0,0.0,-13.126235776448539
218,460,15821.69,34.394978260869564,24.619999999999997,0.9761267101084095,0.27521333056076813,0.20782988416534512,0.12008388484416012,0.09457965615556871,0.08261949260793253,0.03364937626764271,0.05068990733606839,0.006439261545384847,0.07610691398959277,0.052788292527536564,0.002922315504264583,24,19.166666666666668,0.32920945866086365,72.0,15672.0,24.0,24.0,0.0,24.0,0.0,0.0,0.0,62932.81,2736.2091304347823,23,34061.46,62932.92,31493.66,555,10116.656422362159,0.0,0.0,0.0,0.0,0.0,0.0,0.0,0.0,1574.4948224335365
219,438,16044.1,36.63036529680365,24.17,1.0984964414834228,0.2588808346993599,0.1830535835603119,0.12243566170741894,0.06559358268771698,0.07764287183450615,0.06751204492617224,0.05387151663228228,0.03578574055260189,0.04615964747165625,0.08906451592797353,0.0029109347609224123,24,18.25,0.36166503574522724,48.0,11520.0,0.0,24.0,24.0,0.0,0.0,0.0,0.0,26530.550000000003,1153.5021739130436,23,71.91,26530.46,27563.99,509,495.76824066081707,0.0,0.0,0.0,0.0,0.0,0.0,0.0,0.0,-25.36404042172603
220,421,15732.62,37.36964370546318,26.15,0.9882853272520524,0.2629930679060449,0.20917431425916344,0.13621888789025602,0.08238360807036589,0.09861803056325011,0.040254579338978504,0.036797431069967995,0.04877318590292017,0.06053664297491453,0.02425025202413838,0.0011815739715681506,24,17.541666666666668,0.36715944324594374,48.0,3936.0,24.0,24.0,0.0,0.0,0.0,0.0,0.0,51138.200000000004,2223.4,23,1620.93,51138.19,51740.66,515,9308.731315614605,0.0,0.0,0.0,0.0,0.0,0.0,32072.12,0.0,1476.0097673573182
221,436,14840.44,34.03770642201835,26.015,0.8768509904747597,0.22753705415742392,0.26273816679289835,0.1259275331459175,0.07201538498858526,0.07385360541870727,0.059306193077833275,0.04166453285751636,0.040878841867222265,0.06115519485945162,0.034923492834444264,0.0013495276808873635,24,18.166666666666668,0.3337428000787039,24.0,960.0,0.0,24.0,0.0,0.0,0.0,0.0,0.0,119309.97,5187.39,23,4644.45,119309.93,119852.88,506,30892.297369678123,0.0,0.0,0.0,0.0,0.0,104052.48,0.0,0.0,4283.528455315746
222,429,17388.92,40.53361305361305,24.2,1.600460042380731,0.20967144595524048,0.1827796090844055,0.1036430094565965,0.13815579115896792,0.08981466359037825,0.041733471658964454,0.04656930965235334,0.09649592959194707,0.03337872622336523,0.05775804362778138,0.0030147382076147755,24,17.875,0.3436538899483119,23.0,4554.0,0.0,0.0,0.0,0.0,23.0,7.0,152.46,31936.56,1388.5460869565218,23,0.47,31936.6,33266.82,504,3478.7201151166546,0.0,0.0,0.0,0.0,0.0,11171.48,0.0,0.0,647.0818463531265
223,447,16671.59,37.29662192393736,25.62,1.1966334855069716,0.2895146773643066,0.17227091117283955,0.12708325960511263,0.06799231507012828,0.061594005130884345,0.051494788439494975,0.05576972562305095,0.0655210450832824,0.05769635649629099,0.05106291601460928,0.0018962209249254736,24,18.625,0.3440049809286337,24.0,2976.0,24.0,0.0,0.0,0.0,0.0,0.0,0.0,22129.45,962.15,23,3443.99,22129.4,19647.56,494,1115.8652052345417,0.0,0.0,0.0,0.0,0.0,0.0,0.0,0.0,-19.782242190053353
224,434,15795.12,36.394285714285715,25.665,1.1198513606698983,0.2574453375472931,0.2286896205916764,0.11381553289876874,0.08386894179974576,0.053410800297813504,0.08853810544016127,0.055237946910184924,0.026839302265509856,0.06360255572607236,0.028551856522774127,0.007588462919419392,24,18.083333333333332,0.3581213691317318,24.0,10560.0,0.0,0.0,24.0,0.0,0.0,0.0,0.0,52518.73,2283.423043478261,23,1263.81,52518.82,53443.29,504,8529.532937212674,0.0,0.0,0.0,0.0,0.0,0.0,27088.13,0.0,1244.6840927287417
225,428,16598.05,38.78049065420561,26.060000000000002,1.2451190798206688,0.23359611520630436,0.20633086416777877,0.08976415904277912,0.11432487551248491,0.10417127313148232,0.06146866649998042,0.06714945430336697,0.04434496823422029,0.032783971611123,0.04606565229047991,0.004014175209736792,24,17.833333333333332,0.36750100162368476,24.0,4752.0,0.0,0.0,0.0,0.0,24.0,0.0,0.0,26082.0,1134.0,23,5818.72,26082.04,21350.08,475,1881.644191135716,0.0,0.0,0.0,0.0,0.0,0.0,0.0,0.0,320.0217590413929
226,117,2684.17,22.941623931623933,17.14,0.8538681996550901,0.2932899182987665,0.26244611928454614,0.17315594764862138,0.01581494465700757,0.016053379629457153,0.07046498545174115,0.03163361486045966,0.0,0.11103991177906021,0.02610117839034041,0.005324347745366165,24,4.875,0.7910676298446074,55.0,12553.0,11.0,23.0,0.0,21.0,0.0,53.0,1313.3999999999999,15890.87,690.9073913043478,23,2.33,15890.78,16550.56,248,263.7234078182272,0.0,0.0,0.0,0.0,0.0,0.0,0.0,0.0,-635.1843242548847
227,460,17570.24,38.19617391304348,26.845,1.035845969117161,0.22371293733039507,0.17733166991458288,0.1102238785582895,0.09238689966670917,0.08453327899903473,0.09834242446318321,0.06341973700985302,0.041669322672883244,0.07663469594040834,0.03174515544466097,0.0015634300729301387,24,19.166666666666668,0.37644733367330213,48.0,3936.0,24.0,24.0,0.0,0.0,0.0,0.0,0.0,53247.990000000005,2315.13,23,1528.27,53247.93,54034.79,554,9358.223349293707,0.0,0.0,0.0,0.0,0.0,32528.53,0.0,0.0,1814.4973822421607
228,119,2696.57,22.66025210084034,18.5,0.956840308718947,0.3254467712686858,0.2708700311877682,0.07594833436550878,0.057324675420997784,0.09045936133680936,0.052652072818432316,0.053490174555082946,0.003786291473983617,0.013287250099200097,0.0567350374735312,0.012529442360335707,24,4.958333333333333,0.792632863229955,69.0,15019.0,23.0,23.0,0.0,23.0,0.0,66.0,1580.26,18494.07,804.09,23,2.17,18493.97,19295.88,277,367.7979502465756,0.0,0.0,0.0,0.0,0.0,0.0,0.0,0.0,-790.6444485350595
229,445,17213.25,38.6814606741573,25.78,1.1125234260280945,0.2356248819949748,0.1650147415508402,0.10357834807488418,0.043881312361117156,0.09847704529940599,0.06978577549271636,0.0576393185482114,0.07350442246525206,0.06805629384340552,0.08443786036919235,0.003662480200179785,24,18.541666666666668,0.32040375873237187,48.0,3936.0,24.0,24.0,0.0,0.0,0.0,0.0,0.0,37119.11,1613.874347826087,23,17516.36,37119.02,21149.29,516,5017.440263728822,0.0,0.0,0.0,0.0,0.0,0.0,0.0,0.0,947.6260173310791
230,441,16732.82,37.942902494331065,25.65,1.30307831671503,0.26090162925316834,0.1875075450521789,0.10465838991873457,0.10690606843317506,0.08967287044263908,0.06234513967161543,0.03964006067118393,0.06425993944834164,0.05125854458483388,0.032849812524129225,0.006352420122901936,24,18.375,0.3228033290264283,72.0,14496.0,24.0,24.0,24.0,0.0,0.0,0.0,0.0,41332.08,1797.0469565217393,23,11825.38,41332.03,31228.82,536,3497.9245184130805,0.0,0.0,0.0,0.0,0.0,0.0,0.0,0.0,648.6880646109123
231,441,15754.39,35.72424036281179,24.5,1.0781585794668103,0.24241624080653074,0.18930152167110245,0.11051840153760317,0.04924214774421605,0.08683357464173477,0.08460308523528998,0.05296111115695371,0.06542430395591324,0.09527757025184726,0.023422042998808585,0.0035305515171712987,24,18.375,0.3415390884699439,48.0,3936.0,24.0,24.0,0.0,0.0,0.0,0.0,0.0,20561.04,893.9582608695653,23,1727.36,20561.01,19690.36,512,671.9636888933419,0.0,0.0,0.0,0.0,0.0,0.0,0.0,0.0,-16.081417090315995
232,47,906.63,19.29,12.58,0.9514514843579907,0.3977256433164577,0.23886260106107232,0.05482942324873433,0.0,0.18769509061028206,0.012066664460695101,0.05585520002647166,0.0,0.048939479170113494,0.004025898106173411,0.02564311872581959,17,2.764705882352941,0.6860461268654248,56.0,5900.0,21.0,23.0,0.0,0.0,12.0,56.0,649.0,7264.55,315.85,23,1.35,7264.64,7579.15,200,138.27574964372144,0.0,0.0,0.0,0.0,0.0,123.5,0.0,0.0,-312.6059870341541
233,180,5267.35,29.263055555555557,22.765,1.0262259486767031,0.23756158219977785,0.24385317094933884,0.12589822206612433,0.10584449485984412,0.0671134441417411,0.0511813340674153,0.06741340522274007,0.011297901221676933,0.03179207761018349,0.058044367661157885,0.002590977403403638,24,7.5,0.7489382706674134,69.0,13892.0,23.0,23.0,23.0,0.0,0.0,67.0,1466.08,21312.03,926.6099999999999,23,0.92,21311.93,22237.62,355,523.5845201878712,0.0,0.0,0.0,0.0,0.0,1612.19,0.0,0.0,-700.2442012944474
234,334,11288.37,33.79751497005988,20.96,1.1848136384997998,0.19324844951042533,0.2543759639345627,0.14359026148150708,0.0886540749461614,0.06488890778739534,0.07718652028592259,0.05272240367741312,0.06802665043757423,0.018030061027411396,0.03927670691162674,0.0035211885027476297,24,13.916666666666666,0.5262035174254565,24.0,2976.0,24.0,0.0,0.0,0.0,0.0,6.0,81.84,13778.88,599.0817391304347,23,6.78,13778.82,14346.16,387,221.117257848185,0.0,0.0,0.0,0.0,0.0,0.0,0.0,0.0,-173.89229173056322
235,368,12639.460000000001,34.34635869565218,23.810000000000002,0.9979512171682886,0.29792253782993894,0.24557773828945223,0.14021643329699213,0.03276880499641599,0.052342426021364845,0.0603506795385246,0.06428439189648925,0.03162239526055702,0.05387809289320905,0.02103649997705598,0.0018577883885317892,24,15.333333333333334,0.49014040156778843,47.0,13412.0,23.0,0.0,24.0,0.0,0.0,6.0,81.84,25088.16,1090.7895652173913,23,0.1,25088.13,26133.37,444,454.4190099107532,0.0,0.0,0.0,0.0,0.0,0.0,0.0,0.0,-166.79129649577385
236,438,16855.17,38.48212328767123,25.365000000000002,1.5720739167784215,0.24679193386954867,0.2052936873374757,0.15365196553935678,0.16602502377608772,0.07340715044701418,0.03129247583975719,0.027504913922553144,0.048948186224167425,0.02616645219241337,0.020918210851625943,0.0028289171518817158,24,18.25,0.35949919223597276,24.0,960.0,0.0,24.0,0.0,0.0,0.0,0.0,0.0,127807.32,5556.84,23,4634.08,127807.27,128730.03,521,27770.900098636623,13.0,20472.37,0.0,0.0,0.0,0.0,90442.62,0.0,2897.5077481129447
237,287,9317.99,32.46686411149826,22.34,1.076132456876691,0.3621617966964979,0.1737005512991536,0.0766238212318322,0.12588122545742164,0.04749522160895216,0.062100302747695596,0.05601315305124818,0.01735138157478169,0.045668647422888425,0.033003898909528775,0.0070377085796122785,24,11.958333333333334,0.6009278825154353,24.0,960.0,0.0,24.0,0.0,0.0,0.0,0.0,0.0,23595.01,1025.87,23,0.0,24055.2,24055.2,373,3723.456177088911,1.0,95.09,0.0,15.0,460.2,0.0,13682.12,5517.483862195375,-13.9
238,438,16729.99,38.196324200913246,26.43,1.2555544408532868,0.29499838314308613,0.19406347523220274,0.11320987041833258,0.08518056496148532,0.07471433037318014,0.08019311428159849,0.0450089928326317,0.03798149311505864,0.052481800646623215,0.022167974995800952,0.0018241041585064233,24,18.25,0.35296733590396645,48.0,12696.0,0.0,24.0,0.0,24.0,0.0,0.0,0.0,49772.88,2164.038260869565,23,635.2,49772.87,51211.54,532,7056.451856916909,0.0,0.0,0.0,0.0,0.0,0.0,21785.63,0.0,980.6295144048117
239,442,16858.1,38.14049773755656,26.305,1.0308244190216052,0.26748328696590956,0.18082702083864727,0.1308261310586602,0.06767073394985199,0.06659884565876344,0.054519785740979106,0.04490897550732289,0.03750244689496444,0.10053683392553132,0.04912593945936967,0.0029880218918580947,24,18.416666666666668,0.33211038017332917,24.0,2976.0,24.0,0.0,0.0,0.0,0.0,0.0,0.0,75784.33,3294.9708695652175,23,2385.79,75784.42,76556.32,525,12882.75685103187,13.0,16722.1,0.0,0.0,0.0,0.0,39999.99,0.0,966.4443106823
240,448,17020.53,37.992254464285715,25.985,1.2577879471047242,0.242370243464804,0.21302098113278495,0.11177207760275386,0.09647408159440395,0.06087765774626291,0.054417224375504177,0.03976844434339002,0.10662241422564397,0.04129131114013489,0.03338556437431737,0.0024667991837599157,24,18.666666666666668,0.37366874004511025,0.0,0.0,0.0,0.0,0.0,0.0,0.0,0.0,0.0,71905.82,3126.34,23,2656.48,71905.8,72375.66,494,16366.171538637303,0.0,0.0,0.0,0.0,0.0,0.0,55355.07,0.0,2710.7189185418792
241,419,14406.27,34.38250596658711,25.83,1.018408074475426,0.28378754528410205,0.1740832290384673,0.11934733973471273,0.09478858857983365,0.09370780916920203,0.05683844603773218,0.042907706158499044,0.026499572755473835,0.04149998577008484,0.06653977747189245,0.0027751664584186875,24,17.458333333333332,0.3903668333302097,24.0,2976.0,24.0,0.0,0.0,0.0,0.0,0.0,0.0,19959.85,867.8195652173912,23,1.0,19959.91,20790.58,486,1046.0211930416326,0.0,0.0,0.0,0.0,0.0,3408.31,0.0,0.0,60.63311967534855
242,143,4239.85,29.649300699300703,24.82,0.7787534092988968,0.35988773187730694,0.19520501904548507,0.13074047430923263,0.08622003136903428,0.05558215502906942,0.016793046923829852,0.07940375249124378,0.0029694446737502504,0.052952345012205616,0.020245999268842057,0.003670120451124137,24,5.958333333333333,0.8257627038692407,69.0,8326.0,23.0,23.0,0.0,0.0,23.0,65.0,870.54,15065.46,655.02,23,0.82,15065.5,15719.7,318,836.9324942512552,0.0,0.0,0.0,0.0,0.0,0.0,2283.33,0.0,-385.1284396247314
243,440,16845.17,38.284477272727266,25.990000000000002,1.132198087670093,0.2606230747448675,0.19354449969932036,0.14110869762667877,0.0722052671477937,0.062157283066896926,0.05336010262882477,0.06511718195779563,0.07853527153480791,0.04688406231578548,0.026464559277229027,0.0017144012282860333,24,18.333333333333332,0.31272584366913486,48.0,3936.0,24.0,24.0,0.0,0.0,0.0,0.0,0.0,43706.88,1900.2991304347825,23,24746.69,43706.83,20781.26,511,7216.299333965605,0.0,0.0,0.0,0.0,0.0,0.0,0.0,0.0,1155.628002484141
244,165,4716.69,28.586,17.95,1.053604493845634,0.30487905713540636,0.2461683935132476,0.16438010554011392,0.015502396807930984,0.06392406539331606,0.028204100757098727,0.037091689299063535,0.09756206153043764,0.016102393839747788,0.02618573618363725,0.001730781499646783,24,6.875,0.7768562275663655,46.0,14099.0,23.0,0.0,0.0,23.0,0.0,42.0,1375.88,21083.18,916.66,23,4.19,21083.24,21995.71,292,635.5307894052244,0.0,0.0,0.0,0.0,0.0,1804.14,0.0,0.0,-778.3072954511706
245,450,14880.99,33.068866666666665,23.225,0.9549290822057269,0.27308666963689915,0.26630351878470454,0.11679532074142916,0.02511929649841845,0.07288896773668957,0.05646331326074408,0.046813417655680166,0.05105641492938306,0.04470065499674417,0.04677242575930768,0.00211128989881626,24,18.75,0.3383262807111624,0.0,0.0,0.0,0.0,0.0,0.0,0.0,0.0,0.0,14617.92,635.5617391304348,23,41.4,14617.96,15185.64,474,228.04208534610078,1.0,304.67,0.0,0.0,0.0,0.0,0.0,3780.1615911569434,-22.548381476684426
246,441,17266.14,39.152244897959186,25.23,1.4863854931388225,0.2756319594304228,0.20339577925349847,0.10162433525964693,0.018878568110764767,0.06980193604360906,0.078623247581683,0.03603121485172714,0.12074615403326973,0.04164277597656454,0.05362402945881361,0.00529756794444769,24,18.375,0.35170339172507575,24.0,960.0,0.0,24.0,0.0,0.0,0.0,0.0,0.0,46112.93,2004.91,23,23859.56,46112.9,24258.25,501,6596.923373068439,13.0,6032.21,0.0,0.0,0.0,0.0,0.0,0.0,1060.0986263580476
247,235,6604.57,28.10455319148936,20.84,1.0987359965014936,0.20242650164961534,0.27812105860033276,0.08156322061845056,0.06351208329989688,0.06673106651909208,0.0991707257247633,0.09095974454052269,0.017627188446787602,0.03413696879584893,0.06575144180468978,0.0018499383193723018,24,9.791666666666666,0.6747282563437136,92.0,19573.0,23.0,23.0,0.0,23.0,23.0,78.0,1708.74,26775.61,1164.1569565217392,23,5.11,26775.7,27886.24,428,490.96316332685245,0.0,0.0,0.0,0.0,0.0,0.0,0.0,0.0,-1052.895861999247
248,453,18377.77,40.569028697571746,27.9,1.057961097855459,0.2528516789577843,0.21355855471039195,0.1065526448529936,0.06214627781281406,0.04438895469907393,0.09411533608266945,0.060319614403706215,0.05835637294405143,0.04820933116477135,0.059501234371743685,0.0027733442491002513,24,18.875,0.3643380018359137,72.0,14496.0,24.0,24.0,24.0,0.0,0.0,0.0,0.0,53466.259999999995,2324.62,23,15389.37,53466.28,40401.53,561,4236.904765524107,13.0,7527.7,0.0,0.0,0.0,0.0,0.0,0.0,767.1707043443728
249,440,16207.02,36.83413636363637,24.415,1.1940381796656085,0.25775312179537013,0.2066666173053405,0.10234885870443795,0.09185464076677884,0.105213049653792,0.05807545125507342,0.056639653680935785,0.011585103245383789,0.079147801384832,0.03071570220805552,0.002300239934816317,24,18.333333333333332,0.32558607319544247,48.0,3936.0,24.0,24.0,0.0,0.0,0.0,0.0,0.0,58955.9,2563.3,23,1788.77,58955.88,59730.41,557,11542.617938114763,23.0,962.0899999999999,0.0,0.0,0.0,38625.17,0.0,8366.33224689,1578.0689687974955
250,368,12585.15,34.198777173913044,24.075,1.0755010888388987,0.2697162926147086,0.20575837395660757,0.11451432839497343,0.1239524360059276,0.055043444059069614,0.05591431170864074,0.06084631490288156,0.012445620433606272,0.05760122048604902,0.044207657437535505,0.00047162094535779797,24,15.333333333333334,0.47954056963961494,23.0,920.0,0.0,23.0,0.0,0.0,0.0,10.0,44.0,12996.84,565.08,23,12.68,12996.77,13549.16,424,189.00501274210347,0.0,0.0,0.0,0.0,0.0,0.0,0.0,0.0,-246.50316941015592
251,437,17130.56,39.20036613272312,27.34,1.1509748965078965,0.24551503278351672,0.18716200754674686,0.07517267386471896,0.11393030934190125,0.11887177068350362,0.05988070442530775,0.05547337623521939,0.024625581417069844,0.04178263874619393,0.07758590495582163,0.0015584701334873108,24,18.208333333333332,0.39871609567930055,48.0,3936.0,24.0,24.0,0.0,0.0,0.0,0.0,0.0,21955.21,954.5743478260869,23,1803.53,21955.32,21066.59,508,737.2121499640577,0.0,0.0,0.0,0.0,0.0,0.0,0.0,0.0,-21.29503586340627
252,368,11863.84,32.23869565217392,24.125,0.9741814746448563,0.2515138437470499,0.23584269511389233,0.11398333086083429,0.03472063008267138,0.07590459749962913,0.05168984072610555,0.05264231479858124,0.04209598241378846,0.04405824758257024,0.09754851717487763,0.003679464702571078,24,15.333333333333334,0.4323212383174419,46.0,3772.0,23.0,23.0,0.0,0.0,0.0,12.0,108.24000000000001,15558.23,676.4447826086956,23,-612.01,15558.12,16818.39,482,352.8788009181216,11.0,414.29,22.0,0.0,0.0,0.0,0.0,7914.009158965895,-954.6849221341496
253,259,7101.99,27.42081081081081,21.07,0.7962350856740984,0.2944062157226355,0.24330504548725077,0.11504944388826231,0.01678684425069593,0.11099565051485569,0.04283588121075924,0.062137513570140204,0.005747684803836671,0.03495921565645685,0.07377650489510687,0.007548808917629768,24,10.791666666666666,0.6098614613650539,0.0,0.0,0.0,0.0,0.0,0.0,0.0,0.0,0.0,8503.79,369.73,23,4.89,8503.72,8868.56,299,529.5177002918214,0.0,0.0,0.0,0.0,0.0,1766.6,0.0,0.0,-15.122930005585431
254,430,15819.77,36.79016279069768,24.21,1.4354786535683126,0.19818808996590973,0.1934054667040039,0.14197741180813628,0.14898889174747798,0.053966018469295066,0.05264425462569936,0.05583519861540338,0.03447015980636887,0.07612373631222198,0.0444007719454834,0.003755029883889982,24,17.916666666666668,0.37241818307092955,48.0,3936.0,24.0,24.0,0.0,0.0,0.0,0.0,0.0,53100.72000000001,2308.7269565217393,23,1698.73,53100.78,53614.59,524,10559.247056381131,0.0,0.0,0.0,0.0,0.0,0.0,33858.79,0.0,1467.9924688561955
255,265,8946.99,33.76222641509434,22.99,1.012618445251675,0.23290067385791202,0.2871110842864472,0.11818276314157053,0.06761156545385655,0.04413886681442585,0.07364935022840083,0.050776853444566276,0.058962846722752565,0.045559456308769765,0.02110653974129847,0.0018531530980118172,24,11.041666666666666,0.6251957362196672,69.0,8326.0,23.0,23.0,0.0,0.0,23.0,57.0,790.24,17343.829999999998,754.0795652173912,23,3.23,17343.74,18063.17,414,286.81859262821877,0.0,0.0,0.0,0.0,0.0,0.0,0.0,0.0,-521.3742978316982
256,389,14336.56,36.85491002570694,25.67,1.006729465614644,0.265853175378194,0.1937340617274995,0.10782712170841541,0.07395497943718717,0.05070881717790042,0.060040204902710274,0.06920488596985609,0.03697818723598967,0.07902314083713248,0.06267542562511509,0.0023398856266876322,24,16.208333333333332,0.38855764562768197,47.0,11480.0,0.0,23.0,24.0,0.0,0.0,2.0,8.8,24803.53,1078.414347826087,23,11.69,24803.64,25825.43,461,533.0404172565509,0.0,0.0,0.0,0.0,0.0,0.0,0.0,0.0,-91.56519211701038
257,284,8629.71,30.386302816901406,21.314999999999998,1.0035474597352738,0.2799630578547831,0.21251351435911522,0.10216102279219118,0.0563761702305176,0.10781474696136951,0.05900893541034404,0.10310891095992797,0.014061886204750797,0.051271711332130515,0.013720043894870165,0.004123666135193882,24,11.833333333333334,0.6047202049663315,23.0,2852.0,23.0,0.0,0.0,0.0,0.0,8.0,109.12,11108.77,482.99,23,0.93,11108.79,11590.85,338,162.5843560230067,0.0,0.0,0.0,0.0,0.0,0.0,0.0,0.0,-257.2393262090481
258,438,17327.39,39.56025114155251,27.21,1.2138488248506865,0.2736569096672955,0.19729918931818347,0.10748069963220079,0.08853381842273993,0.09532941775997422,0.06427338450857284,0.05523567023077335,0.05540649803576879,0.03362826138270103,0.0291561510417899,0.004152863525673678,24,18.25,0.35220191846550464,48.0,3936.0,24.0,24.0,0.0,0.0,0.0,0.0,0.0,49302.97,2143.607391304348,23,1462.02,49303.06,49895.34,532,8807.56398141354,0.0,0.0,0.0,0.0,0.0,0.0,28631.92,0.0,767.7943684716565
259,245,7400.83,30.2074693877551,21.25,0.8354335867227233,0.26412578048678326,0.2523095382544931,0.0678856290443099,0.025574158574105874,0.10550843621593795,0.04677178100294157,0.06414010320464056,0.008572011517627078,0.12167959539673252,0.04343296630242824,0.0034223370596973,24,10.208333333333334,0.7254024210797978,23.0,2852.0,23.0,0.0,0.0,0.0,0.0,22.0,300.08000000000004,10119.77,439.99,23,6.83,10119.73,10552.89,313,131.51403856348054,0.0,0.0,0.0,0.0,0.0,0.0,0.0,2665.432419372673,-258.0917281992104
260,466,16253.76,34.87931330472103,24.545,0.9876887167449622,0.2596205431850846,0.22652727738074144,0.07244969779300296,0.06579646801724648,0.1121014460654027,0.05132658535624988,0.05816192684031264,0.06962635107199812,0.032419575532061505,0.05197012875789971,0.0019779915915634216,24,19.416666666666668,0.33320351721693936,24.0,2976.0,24.0,0.0,0.0,0.0,0.0,0.0,0.0,62715.6,2726.7652173913043,23,46098.97,62715.57,19229.75,513,13252.540765520716,0.0,0.0,0.0,0.0,0.0,0.0,0.0,0.0,2049.4088358968556
261,396,13672.38,34.52621212121212,25.61,0.9775514181659488,0.2744204008373085,0.2466300673328272,0.1221974520895411,0.07287904519915332,0.07030597452674661,0.041999271524050676,0.0706614356827414,0.007091669482562655,0.03159801000264767,0.06221667332242081,0.002712617584677668,24,16.5,0.38737074306009633,71.0,18090.0,24.0,0.0,24.0,0.0,23.0,10.0,209.66000000000003,35668.32,1550.7965217391304,23,15.59,35668.38,37138.97,519,1677.9767557573518,0.0,0.0,0.0,0.0,0.0,5166.87,0.0,0.0,43.862382385667615
262,426,14954.76,35.10507042253521,25.4,1.134489056181025,0.27211737266261715,0.2306289101262742,0.04967983438049157,0.1274216369904967,0.06218488294028123,0.06245436235686832,0.053498016684988596,0.023419967956690716,0.06894727832476082,0.04964773757653083,0.005571216308263183,24,17.75,0.3474492402419029,72.0,8688.0,24.0,24.0,0.0,0.0,24.0,3.0,65.34,28452.379999999997,1237.06,23,14.24,28452.3,29675.12,544,1939.7876713756873,0.0,0.0,0.0,0.0,0.0,0.0,5967.04,0.0,-197.19350802013537
263,447,18897.71,42.27675615212528,26.16,1.6937779455031714,0.29363822389061955,0.16500464871140472,0.08294867473360529,0.12442724541756646,0.06742033823145768,0.11024245794860858,0.05441770457902042,0.027602286202931467,0.03086035292106822,0.043438067363717615,0.0005542692061981658,24,18.625,0.34812313237953174,24.0,2976.0,24.0,0.0,0.0,0.0,0.0,0.0,0.0,37897.909999999996,1647.735217391304,23,16684.2,37897.85,22792.73,517,5040.837749870341,23.0,919.08,0.0,0.0,0.0,0.0,0.0,7991.8359973686565,661.0271687935709
264,465,15857.58,34.10232258064516,24.56,0.9241761306914442,0.258656112723379,0.2084605595557456,0.17692926663463154,0.017710773018329407,0.06544378145971833,0.061419207722742064,0.057122839676671984,0.062249094754685146,0.06500739709337743,0.02700096736071961,0.0013409860717287225,24,19.375,0.36433617235416754,24.0,2976.0,24.0,0.0,0.0,0.0,0.0,0.0,0.0,88638.23000000001,3853.836086956522,23,3012.46,88638.16,89318.95,548,19159.412621560634,13.0,8270.48,0.0,0.0,0.0,62214.89,0.0,0.0,2376.6765358057755
265,435,17242.57,39.63809195402299,25.16,1.787114795115516,0.18885931737554204,0.24513225116673443,0.10982933518611204,0.10629853902289507,0.08055991653216428,0.05965584016767801,0.057993094996859514,0.08529180974761882,0.024165771111847017,0.04221412469254873,0.004150227649015625,24,18.125,0.38986357602143995,71.0,23216.0,0.0,23.0,24.0,24.0,0.0,3.0,13.200000000000001,38874.47,1690.194347826087,23,22.29,38874.39,40471.86,532,778.960844923125,0.0,0.0,0.0,0.0,0.0,0.0,0.0,0.0,-181.99380830840005
266,429,15899.09,37.06081585081585,25.5,1.002986770116403,0.3068345421027241,0.1810518715222066,0.1285331424628705,0.05791840916681394,0.08312802808211035,0.08419161096641378,0.059758137100928414,0.03544542486393874,0.021978616386220843,0.04116021734577262,0.005133792468849929,24,17.875,0.3746503730716664,48.0,3936.0,24.0,24.0,0.0,0.0,0.0,0.0,0.0,42409.21,1843.878695652174,23,1035.78,42409.31,43140.58,523,7300.433353117837,0.0,0.0,0.0,0.0,0.0,0.0,23305.51,0.0,1015.3644398714058
267,245,7064.55,28.834897959183674,22.16,0.8438180222650692,0.2638483696767664,0.2901642709018975,0.18640536198342425,0.019491687368622203,0.04921332568953437,0.05647493470921715,0.022091994536099255,0.03349116362684106,0.035655491149471655,0.04316340035812614,0.0021033529465563916,24,10.208333333333334,0.6826422065099689,46.0,3772.0,23.0,23.0,0.0,0.0,0.0,43.0,383.24,13231.189999999999,575.2691304347826,23,1.43,13231.1,13780.97,375,902.3492860275894,0.0,0.0,0.0,0.0,0.0,2561.13,0.0,0.0,-245.40396470210953
268,460,17740.81,38.56697826086957,26.435000000000002,1.3858848516288726,0.25972207582404644,0.20452053767556277,0.0977204535756823,0.06588707054525696,0.06810624768542137,0.11916761410555665,0.06250278313109717,0.03914026473424833,0.039372497648078084,0.04386045507505013,0.004071438378245751,24,19.166666666666668,0.3875285288552213,48.0,3936.0,24.0,24.0,0.0,0.0,0.0,0.0,0.0,73696.81,3204.2091304347823,23,55090.76,73696.86,21676.81,531,15725.424389871723,0.0,0.0,0.0,0.0,0.0,0.0,0.0,0.0,2340.652579086209
269,407,14069.76,34.56943488943489,23.73,1.2891086726734426,0.22847795555858808,0.21827237991266374,0.1067153952874818,0.08807968295123726,0.09861859761644833,0.04866749681586609,0.0658525802856623,0.05551551696688501,0.025364327465429402,0.064436067139738,0.004704711806872042,24,16.958333333333332,0.40457264374090246,48.0,3936.0,24.0,24.0,0.0,0.0,0.0,3.0,31.68,22404.95,974.1282608695652,23,28.1,22404.87,23310.31,502,1744.3198096722808,0.0,0.0,0.0,0.0,0.0,5272.91,0.0,0.0,15.756384489908328
270,431,16863.68,39.12686774941995,25.43,1.4053801614044457,0.236277016641682,0.20145365661587505,0.12211095087193306,0.1290275906563692,0.10129165164424372,0.04413805290422968,0.039071543103284694,0.041563881667583825,0.056075542230402856,0.028990113664395908,0.0013765980466864391,24,17.958333333333332,0.3592827899960151,48.0,3936.0,24.0,24.0,0.0,0.0,0.0,0.0,0.0,88523.55,3848.85,23,71572.69,88523.54,20799.71,502,19999.317733038075,0.0,0.0,0.0,0.0,0.0,0.0,0.0,0.0,3359.1796280191106
271,445,17139.88,38.51658426966292,27.76,0.9789205686240414,0.34189154183109804,0.23076182563705233,0.10281168829653418,0.0780635570377389,0.04391045911639989,0.045338707155476006,0.04379902309701119,0.031071396065783425,0.04846941752217636,0.03388238424072981,0.0018844253837662084,24,18.541666666666668,0.37479959019549725,48.0,11520.0,0.0,24.0,24.0,0.0,0.0,0.0,0.0,43273.93,1881.4752173913043,23,13337.2,43273.99,31739.87,529,4105.437608925103,13.0,3080.06,0.0,0.0,0.0,0.0,0.0,0.0,404.59293481416603
272,66,1225.08,18.561818181818182,14.885,0.7780781558042481,0.27002318215953247,0.26289711692297646,0.15385117706598753,0.022667907401965587,0.07778267541711562,0.0157948868645313,0.08614131322036113,0.005469030593920398,0.0627224344532602,0.042650275900349366,0.01291156074075861,22,3.0,0.7603176935383813,71.0,14968.0,23.0,23.0,21.0,4.0,0.0,70.0,1598.08,17080.57,742.6334782608695,23,1.17,17080.64,17791.16,230,325.51353050513825,0.0,0.0,0.0,0.0,0.0,0.0,0.0,0.0,-1372.2668136035832
273,451,16044.52,35.575432372505546,24.1,1.0302112557574359,0.26800053850161926,0.21038585136856697,0.11718331243315476,0.06953963097680704,0.07101801736667723,0.09288467339627487,0.0446675874379539,0.043459698389231964,0.03657572803673778,0.0462849620929763,0.0022989295863604653,24,18.791666666666668,0.3618643624115897,48.0,3936.0,24.0,24.0,0.0,0.0,0.0,0.0,0.0,33414.24,1452.7930434782609,23,355.46,33414.27,34451.07,545,4560.277004037065,0.0,0.0,0.0,0.0,0.0,14470.63,0.0,0.0,674.1414308413715
274,80,2449.13,30.614125,24.69,0.751330281456697,0.3253890156912863,0.33047653656604586,0.07847684688032076,0.019982606068277304,0.05462756162392359,0.04107581059396602,0.0456978600564282,0.015711701706320202,0.05081804559169991,0.0377440152217318,0.0062083763242059,22,3.6363636363636362,0.8917329827326439,54.0,11400.0,10.0,23.0,21.0,0.0,0.0,53.0,1205.6,14791.680000000002,643.1165217391306,23,0.0,14791.72,15408.04,229,286.7473429570297,0.0,0.0,0.0,0.0,0.0,353.31,0.0,2830.2767454391205,-1119.888219027833
275,443,16276.78,36.74216704288939,24.03,1.1925100499291268,0.23565164608724823,0.206182058122061,0.11760987123988897,0.05765698129482613,0.09705482288265861,0.10958494247633747,0.04084345920999117,0.02515300937900494,0.04896975937501152,0.061293449932972005,0.0022544751659143714,24,18.458333333333332,0.3813813297224635,48.0,3936.0,24.0,24.0,0.0,0.0,0.0,0.0,0.0,54460.09,2367.83,23,36615.2,54460.11,20212.74,514,10414.155826957449,0.0,0.0,0.0,0.0,0.0,0.0,0.0,0.0,1611.841011939904
276,364,13256.4,36.418681318681315,25.11,1.1497810860425635,0.26931368999124955,0.19539165987749316,0.11403095863130262,0.08621496032105248,0.04782746446999185,0.08070366011888597,0.06321852086539331,0.05798406807277994,0.05120620983072327,0.034108807821127914,0.0030215014262051643,24,15.166666666666666,0.45847816903533395,48.0,3936.0,24.0,24.0,0.0,0.0,0.0,12.0,80.52000000000001,16592.15,721.3978260869566,23,10.48,16592.09,17272.95,447,320.93440592995125,0.0,0.0,0.0,0.0,0.0,0.0,0.0,0.0,-321.59287898530306
277,445,16527.09,37.13952808988764,26.89,1.009017304488519,0.26617511007684963,0.26551135136312565,0.10994857533903427,0.040139552698024876,0.06470528084496423,0.08737593853485398,0.0486703950907268,0.027765928545194586,0.051758052990574864,0.03794981451665115,0.004506961671815857,24,18.541666666666668,0.3645082104593126,48.0,3936.0,24.0,24.0,0.0,0.0,0.0,0.0,0.0,64168.07,2789.9160869565217,23,1849.0,64167.97,64992.64,539,13532.779355439128,0.0,0.0,0.0,0.0,0.0,0.0,44529.61,0.0,2026.2554347292416
278,452,19044.3,42.13340707964602,25.765,1.3449197194850846,0.23228945143691285,0.20270159575305993,0.113003365836497,0.07675840015122634,0.09546373455574632,0.07824703454576959,0.028602258943620923,0.08059419353822403,0.08299123622291182,0.009348729016031043,0.0012564287609971858,24,18.833333333333332,0.33992270653161316,0.0,0.0,0.0,0.0,0.0,0.0,0.0,0.0,0.0,51180.47,2225.2378260869564,23,1476.0,51180.39,51836.91,498,10169.148384290314,0.0,0.0,0.0,0.0,0.0,32792.5,0.0,0.0,1570.3063521292588
279,448,16514.69,36.86314732142857,24.415,1.1130459836136855,0.2967049336075942,0.2237613906164754,0.12347612943385557,0.059955712156873675,0.0671868500105058,0.0921234367705358,0.04081336071097914,0.012554277434211602,0.04331295349776472,0.04011095576120412,0.003491322520428053,24,18.666666666666668,0.33726458080654254,72.0,8688.0,24.0,24.0,0.0,0.0,24.0,0.0,0.0,56863.200000000004,2472.313043478261,23,1010.1,56863.26,58222.46,566,10296.582899904915,0.0,0.0,0.0,0.0,0.0,0.0,33019.71,0.0,1415.22229336649
280,436,14944.46,34.27628440366972,23.505,1.1573356196828473,0.24826122857567287,0.2195542696089387,0.10128167896330814,0.049803739981237195,0.1042513412997191,0.046786568400597944,0.056367376271876005,0.06426194054519199,0.032854984388863834,0.07657687196459424,0.0039052357046098773,24,18.166666666666668,0.31949297599244136,48.0,3936.0,24.0,24.0,0.0,0.0,0.0,0.0,0.0,40586.88,1764.646956521739,23,23397.59,40586.9,18880.42,507,6689.743463156932,0.0,0.0,0.0,0.0,0.0,0.0,0.0,0.0,1012.7806257774188
281,429,16543.2,38.562237762237764,26.33,0.9850801878928086,0.2705377436046231,0.19866168576817064,0.1134538662411142,0.09620750519851058,0.05736012379708884,0.08369904250689107,0.05818946757580155,0.020874437835485277,0.06808356303496302,0.0329325644373519,0.005503188154088456,24,17.875,0.35585557812273316,24.0,2976.0,24.0,0.0,0.0,0.0,0.0,0.0,0.0,47711.200000000004,2074.4,23,1228.18,47711.18,48557.4,499,8699.743854585337,0.0,0.0,0.0,0.0,0.0,29038.26,0.0,0.0,1276.3689720628622
282,423,15120.23,35.745224586288415,25.9,1.094701840005301,0.323655129584669,0.19955847232482574,0.12665614213540402,0.07806032051099752,0.07715028144413147,0.050716821106557244,0.03787905342709734,0.025145120146981892,0.06301755991807004,0.018161099401265722,0.002939392317380607,24,17.625,0.3994879707517677,48.0,3936.0,24.0,24.0,0.0,0.0,0.0,0.0,0.0,102903.83,4474.079565217391,23,88135.18,102903.76,19056.23,494,25832.61619511647,0.0,0.0,0.0,0.0,0.0,0.0,0.0,0.0,3575.936553659305
283,421,14282.32,33.92475059382423,26.41,0.841665694061622,0.26696223022590165,0.2085347478560906,0.11857317298590143,0.05700124349545452,0.0942921038038638,0.05789885676836815,0.0629575587159509,0.017228993608881468,0.06792873986859277,0.04862235267099463,0.0009685210525961496,24,17.541666666666668,0.37589971377199227,24.0,2976.0,24.0,0.0,0.0,0.0,0.0,0.0,0.0,55560.0,2415.6521739130435,23,1588.6,55559.99,56286.39,491,12071.698533644418,0.0,0.0,0.0,0.0,0.0,0.0,39027.97,0.0,1612.5296163266964
284,422,15290.89,36.234336492890996,23.369999999999997,1.1795538504622978,0.22579065051151373,0.19420190714863556,0.11858956542097944,0.10178609616575622,0.04637009356551515,0.07688303296930395,0.041114022793964256,0.10784787543432724,0.045427048392866605,0.0419897075971379,0.0026713794260400103,24,17.583333333333332,0.3530651257055672,24.0,2976.0,24.0,0.0,0.0,0.0,0.0,0.0,0.0,18618.0,809.4782608695652,23,1126.9,18618.05,18266.9,469,638.263751140221,0.0,0.0,0.0,0.0,0.0,0.0,0.0,0.0,-35.92812170457762
285,431,15932.25,36.96577726218097,24.61,1.6161020852959922,0.2667551664077578,0.22220715843650457,0.11054935743539046,0.08864661300193004,0.09527342340221877,0.04310878877747964,0.057452023411633635,0.06198998885907514,0.0197869101978691,0.03423057007014075,0.0017765524713003744,24,17.958333333333332,0.3005551632694692,24.0,960.0,0.0,24.0,0.0,0.0,0.0,0.0,0.0,18912.239999999998,822.271304347826,23,2807.9,18912.25,16892.36,478,1036.6463257578841,0.0,0.0,0.0,0.0,0.0,0.0,0.0,0.0,-38.089644267974904
286,453,17797.0,39.28697571743929,25.62,1.2160070147172055,0.22583131988537394,0.17160588863291568,0.11359554981176603,0.11117154576614036,0.12451986289824127,0.07736079114457492,0.04907849637579367,0.05987863122998258,0.04028825082879137,0.026669663426420184,0.0042578749939760074,24,18.875,0.29473843906276337,24.0,2976.0,24.0,0.0,0.0,0.0,0.0,0.0,0.0,42452.159999999996,1845.7460869565216,23,23447.96,42452.13,20773.0,500,7027.722470849685,0.0,0.0,0.0,0.0,0.0,0.0,0.0,0.0,806.158561390681
287,345,12862.17,37.281652173913045,24.49,1.2258961084333497,0.23494013840588332,0.21611361068933158,0.10762491865680518,0.09379676990741063,0.04883701583791848,0.10848869203252638,0.04010054290994443,0.04254958533435649,0.050126067374323305,0.05742265885150018,0.0033854440116867224,24,14.375,0.5144427417768541,70.0,14332.0,23.0,23.0,24.0,0.0,0.0,14.0,89.32000000000001,32569.93,1416.0839130434783,23,5.5,32570.01,33921.59,472,2294.0097385205027,0.0,0.0,0.0,0.0,0.0,0.0,6637.98,0.0,89.38370224611731
288,431,16389.03,38.02559164733179,26.27,1.3098299930067794,0.23355195517977576,0.1978366016780737,0.09647123716290715,0.04793389236580811,0.08270044047756336,0.1461898599245959,0.05337472687523301,0.018584382358199356,0.05970945199319302,0.0636474519846507,0.003462225676480135,24,17.958333333333332,0.39306475123909107,96.0,26232.0,24.0,24.0,24.0,24.0,0.0,0.0,0.0,76716.95999999999,3335.5199999999995,23,1726.67,76716.92,78186.8,573,10704.246131375317,0.0,0.0,0.0,0.0,0.0,0.0,35565.82,0.0,1745.038512555327
289,361,11969.47,33.15642659279778,23.96,0.9204475569187442,0.24116439575018775,0.28567931579259565,0.12872499784869337,0.041518129039965844,0.05487628107176007,0.05097468810231363,0.06335117595014648,0.024551630105593646,0.07849720998507034,0.030662176353673132,0.002683551927298522,24,15.041666666666666,0.51931204973988,24.0,10560.0,0.0,0.0,24.0,0.0,0.0,0.0,0.0,25062.640000000003,1089.68,23,8.24,25062.75,26144.2,431,1141.3008569000235,2.0,261.26,0.0,0.0,0.0,3353.45,0.0,1467.9959647179005,9.444972780328271
290,457,18750.42,41.02936542669584,23.28,1.7266885274253327,0.2883140750980511,0.12970429462380043,0.07080161404384541,0.1965145314078298,0.07670761508275548,0.09533759777114324,0.03605519236369105,0.03725943205538862,0.03799114899826243,0.031314498555232356,0.0025855029072455737,24,19.041666666666668,0.37222099558303234,72.0,8688.0,24.0,24.0,0.0,0.0,24.0,0.0,0.0,60175.909999999996,2616.343913043478,23,35244.63,60175.84,27438.54,552,9933.900492865352,0.0,0.0,0.0,0.0,0.0,0.0,0.0,0.0,1701.9765497983308
291,232,6994.71,30.149612068965517,22.625,0.8616377287269334,0.26651855473636504,0.21662656493264193,0.11036769215592926,0.05306581688161481,0.07578870317711527,0.08279828613337792,0.04895985680607201,0.057407669510244154,0.06008826670440946,0.028378588962230025,0.006781514432123825,24,9.666666666666666,0.638156549735443,69.0,18653.0,23.0,0.0,0.0,23.0,23.0,58.0,1620.74,26181.600000000002,1138.3304347826088,23,4.06,26181.59,27268.44,382,448.4893033051245,0.0,0.0,0.0,0.0,0.0,0.0,0.0,0.0,-950.8902916758511
292,446,14913.49,33.43831838565023,24.48,0.9005802219430626,0.33292475470195104,0.1925015539622181,0.1053549504509005,0.0817159497877425,0.06687770602320449,0.03484496251380462,0.08032861523359053,0.008587527131476267,0.06806723308896845,0.028796747106143498,0.0018852115268195302,24,18.583333333333332,0.3238343271762679,47.0,5514.0,0.0,24.0,0.0,0.0,23.0,9.0,196.02,23216.87,1009.4291304347826,23,26.82,23216.81,24157.36,544,1064.189519135038,0.0,0.0,0.0,0.0,0.0,3533.69,0.0,0.0,258.90697966384573
293,231,6849.39,29.651038961038964,19.05,1.1880387816655185,0.28669706353412494,0.23337844683979156,0.13907077856568248,0.11412987141920668,0.041955561006162594,0.048144433299899696,0.05466472196794167,0.03922393089019606,0.024800748679809442,0.017934443797184858,0.006106401079303048,24,9.625,0.7110939806318519,46.0,12972.0,23.0,0.0,23.0,0.0,0.0,28.0,660.0,23180.63,1007.8534782608696,23,4.8,23180.54,24141.59,345,1272.6870769193422,0.0,0.0,0.0,0.0,0.0,3660.12,0.0,0.0,-203.24430681124295
294,246,7321.88,29.763739837398376,21.12,1.064568665939762,0.29243445672422924,0.18220183887198366,0.13234715674116482,0.0836151370959371,0.1022592558195436,0.017823291285844617,0.04820483263861193,0.03916480466765366,0.07977322764098836,0.02217599851404284,0.002146023737863323,24,10.25,0.6691464487262834,23.0,920.0,0.0,23.0,0.0,0.0,0.0,19.0,83.60000000000001,11658.93,506.91,23,2.92,11658.87,12162.85,330,1218.8486364543553,0.0,0.0,0.0,0.0,0.0,3837.42,0.0,0.0,8.237289901273073
295,287,10148.41,35.360313588850175,24.92,0.9260451560484202,0.26898696446044257,0.196277052267301,0.1079883449722666,0.02424222119524142,0.09476755472039462,0.12787323334394254,0.06904037184150029,0.016186772115040684,0.07062091500047792,0.024016570083392377,0.00722818726498442,24,11.958333333333334,0.5554594266491006,46.0,3772.0,23.0,23.0,0.0,0.0,0.0,25.0,220.88000000000002,14915.73,648.51,23,6.51,14915.79,15557.8,397,417.7632842244147,0.0,0.0,0.0,0.0,0.0,1416.45,0.0,0.0,-108.49717926112044
296,438,17473.61,39.89408675799087,26.485,1.5619542803506898,0.22425131383841118,0.2045330072034342,0.08940453632649464,0.18297993374008004,0.08365014441778201,0.05591803868805587,0.042012497703680006,0.013323520440252472,0.05842467583973775,0.04550233180207181,0.004001372132276471,24,18.25,0.32451966136362204,48.0,14712.0,24.0,0.0,0.0,24.0,0.0,0.0,0.0,57751.19,2510.921304347826,23,27971.85,57751.13,32185.58,509,8207.850047497113,0.0,0.0,0.0,0.0,0.0,0.0,0.0,0.0,1250.0071390044213
297,362,12620.08,34.86209944751381,22.725,1.1467148094455804,0.2835330679361779,0.22374660065546334,0.12120366907341315,0.06742112569809383,0.06842032697098592,0.06697184169989415,0.05364704502665593,0.02428431515489601,0.05060269031575077,0.04016931746866898,0.003225008861177381,24,15.083333333333334,0.46346695108113417,46.0,7406.0,23.0,0.0,0.0,0.0,23.0,29.0,574.64,22331.39,970.93,23,4.85,22331.47,23297.55,478,798.3482756155869,0.0,0.0,0.0,0.0,0.0,0.0,2696.85,0.0,-252.38655174900794
298,467,17015.77,36.43633832976445,25.42,1.100372998914486,0.2672661889529536,0.2422658510311317,0.10939322757653636,0.06772834846733354,0.07764209318767239,0.045206299803065036,0.0736399234357305,0.034148910099278486,0.021714562432378903,0.060994595013919434,0.004450503240461923,24,19.458333333333332,0.369058820141551,24.0,2976.0,24.0,0.0,0.0,0.0,0.0,0.0,0.0,38224.310000000005,1661.9265217391307,23,19825.16,38224.22,19991.74,514,5677.2103322507855,0.0,0.0,0.0,0.0,0.0,0.0,0.0,0.0,819.2058965410966
299,245,8580.27,35.021510204081636,24.0,1.0894884821801494,0.2559534839812733,0.2032733235667409,0.08005225942773363,0.06783935703655013,0.13926951016692948,0.06588953494470454,0.06087221031506001,0.032790343427421285,0.0789450681621907,0.015114908971396003,0.006273949120783162,24,10.208333333333334,0.60407539622879,26.0,2240.0,0.0,23.0,3.0,0.0,0.0,22.0,140.8,10507.78,456.86,23,3.74,10507.89,10961.01,316,158.89834161989205,0.0,0.0,0.0,0.0,0.0,0.0,0.0,0.0,-410.40535712446734
300,332,10797.61,32.52292168674699,24.6,0.9648744309207178,0.25596127291132015,0.25934072447513845,0.131554112437845,0.07014978314645554,0.07849144393990891,0.041333220962787125,0.0637270655265378,0.03868911731392409,0.03937908481599168,0.021374174470091063,0.0056126426494114146,24,13.833333333333334,0.4885451502693651,48.0,3936.0,24.0,24.0,0.0,0.0,0.0,0.0,0.0,24938.639999999996,1084.2886956521738,23,1.54,25541.14,25539.61,444,3006.0401358054974,7.0,443.38,0.0,11.0,602.46,0.0,10362.64,3619.3206168988922,-24.13
301,453,16688.3,36.83951434878587,26.08,1.2210190163770998,0.27414835543464583,0.21523642312278662,0.11011966467525153,0.09779725915761342,0.07407405188065891,0.04563916036983995,0.05192200523720211,0.03878345907012698,0.052294721451555885,0.039984899600318785,0.0022389820982344766,24,18.875,0.41102628787833395,72.0,25272.0,24.0,0.0,24.0,24.0,0.0,0.0,0.0,66643.67,2897.5508695652175,23,1255.5,66643.62,68164.94,594,7801.203459260219,23.0,627.67,0.0,0.0,0.0,0.0,25577.05,5457.144152276496,1229.4974631371215
302,445,17999.64,40.448629213483144,26.03,1.729556548507878,0.20258738508103497,0.19820563077928227,0.1118072361447229,0.12713420935085368,0.05993842099064203,0.09074070370296294,0.03806631688189319,0.08703396290148024,0.05536110722214445,0.029125026944983347,0.0036109873136170867,24,18.541666666666668,0.36496118811265116,48.0,5712.0,0.0,24.0,0.0,0.0,24.0,0.0,0.0,40722.0,1770.5217391304348,23,18707.15,40721.98,23711.58,516,5480.206131995024,0.0,0.0,0.0,0.0,0.0,0.0,0.0,0.0,1046.6692586003842
303,434,15464.61,35.63274193548387,22.905,1.030738533314326,0.2426229953422686,0.16637923620446943,0.12387573951105138,0.10694547098180945,0.06576628831894242,0.08523913632480871,0.046901279760692326,0.030807760428488012,0.07756742653063996,0.0538946665968298,0.002738359311659555,24,18.083333333333332,0.34324434951802857,24.0,2976.0,24.0,0.0,0.0,0.0,0.0,0.0,0.0,46523.05,2022.7413043478261,23,30021.08,46523.15,18440.54,481,9001.017981399194,0.0,0.0,0.0,0.0,0.0,0.0,0.0,0.0,1233.6446450556455
304,447,16103.22,36.02510067114094,25.53,0.9257851938708224,0.3028835226743471,0.1869483246207901,0.1425578238389589,0.07093363935908471,0.06823045328822434,0.04765196029117158,0.059254608705588074,0.0245925970085486,0.06580981940257911,0.031137250810707427,0.00446259041328112,24,18.625,0.3541962414970422,24.0,960.0,0.0,24.0,0.0,0.0,0.0,0.0,0.0,37808.15,1643.8326086956522,23,695.65,37808.05,38687.74,517,6617.010744866334,0.0,0.0,0.0,0.0,0.0,21624.56,0.0,0.0,988.8454911363883
305,307,10724.630000000001,34.93364820846906,23.84,1.3131215934254927,0.2618244172526232,0.2332518697614743,0.11760871936840712,0.08678434594013967,0.11249805354590323,0.052609740382651905,0.04955975171171407,0.02384790897215102,0.05124559075697717,0.01076960230795841,0.0010456339021381877,24,12.791666666666666,0.587859907521285,24.0,960.0,0.0,24.0,0.0,0.0,0.0,0.0,0.0,111535.28,4849.36,23,35.89,111990.14,111954.25,392,28350.87400533867,0.0,0.0,0.0,15.0,454.93,100269.65,0.0,6041.677310968727,-23.84
306,109,2966.35,27.214220183486237,18.49,1.3852152776567583,0.2673521330928582,0.21705462942673656,0.08657440962799401,0.18268916345003122,0.0542653429298633,0.03481719958872015,0.07485967603283497,0.017334434574477052,0.015571325029076138,0.04948168624740843,0.0051244968242277755,24,4.541666666666667,0.8419269472584152,46.0,11040.0,0.0,23.0,23.0,0.0,0.0,42.0,1064.8,14468.390000000001,629.0604347826087,23,0.03,14468.31,15071.12,220,245.2252827637619,0.0,0.0,0.0,0.0,0.0,0.0,0.0,0.0,-585.2438685439247
307,446,15367.53,34.45634529147982,23.335,1.0749812519485202,0.2878068238682469,0.20262852911300647,0.08735951711172843,0.08838765891460762,0.10624739304234318,0.053075543044327884,0.053653384766452386,0.021062591060502244,0.04144257405061191,0.05833598502817304,0.001492002375551249,24,18.583333333333332,0.37188214371470235,48.0,11520.0,0.0,24.0,24.0,0.0,0.0,0.0,0.0,70624.08,3070.6121739130435,23,1813.46,70624.09,71753.3,540,13530.377319339377,0.0,0.0,0.0,0.0,0.0,44865.86,0.0,0.0,1691.6305872648454
308,356,11985.51,33.667162921348314,25.020000000000003,1.143043540864388,0.3061563504598469,0.1783854003709479,0.13845718705336693,0.046009723407681447,0.06724953714944128,0.07440150648574821,0.05617700039464319,0.08084595482378305,0.03788324401715071,0.014434095837390316,0.00486360264373098,24,14.833333333333334,0.4989341296281927,69.0,15019.0,23.0,23.0,0.0,23.0,0.0,12.0,210.21,28529.04,1240.393043478261,23,9.07,28529.06,29708.71,474,1012.132776016491,0.0,0.0,0.0,0.0,0.0,2494.0,0.0,0.0,-30.909091029588353
309,419,15106.19,36.05295942720764,24.92,1.0570731434861087,0.26161858152187945,0.23111519185181706,0.10302531611213682,0.05816489796566838,0.05606112461183131,0.0671400267042848,0.07247558782194584,0.04564751270836657,0.05175494284131208,0.05299681786075775,0.0030025092816305943,24,17.458333333333332,0.36381245039285215,48.0,3936.0,24.0,24.0,0.0,0.0,0.0,0.0,0.0,37510.55,1630.8934782608696,23,913.7,37510.45,38159.68,513,6019.92976933467,0.0,0.0,0.0,0.0,0.0,0.0,19117.54,0.0,682.265240856746
310,233,8186.65,35.135836909871244,24.22,0.9448905460627983,0.2561414009393342,0.1987271961058553,0.10929378927888697,0.11764274764403022,0.07740773087893095,0.08567607018743931,0.06145004366865568,0.0031881172396523608,0.023313565377779677,0.06715933867943542,0.003952111718571905,24,9.708333333333334,0.6750587847287963,72.0,14496.0,24.0,24.0,24.0,0.0,0.0,0.0,0.0,21313.44,926.671304347826,23,0.0,24014.27,24014.27,375,552.1421318854455,0.0,0.0,0.0,39.0,2700.8,1331.57,0.0,7018.11791977078,-18.67
311,426,14411.35,33.829460093896714,22.89,1.04455522108722,0.2758804692135019,0.2448930877398717,0.13280157653516153,0.0699254407116613,0.08049072432492446,0.09533111054828312,0.05744430605043942,0.008513428651722428,0.015714003198867562,0.019005853025566656,0.004341977050331902,24,17.75,0.34609526519028405,48.0,3936.0,24.0,24.0,0.0,0.0,0.0,0.0,0.0,78923.53,3431.4578260869566,23,63864.68,78923.62,18347.42,497,18472.25738290978,0.0,0.0,0.0,0.0,0.0,0.0,0.0,0.0,2802.5340024718575
312,429,15468.92,36.05808857808858,25.18,1.080170571259512,0.27996718581517005,0.23091592690375282,0.11793842104038292,0.0354213480966997,0.05570201410311773,0.06077153414718028,0.027537151914936532,0.0936096379062016,0.045433682506600334,0.05270309756595806,0.005362539662391974,24,17.875,0.3000668437098388,48.0,3936.0,24.0,24.0,0.0,0.0,0.0,0.0,0.0,30543.350000000002,1327.9717391304348,23,682.84,30543.25,31133.05,523,3537.831470882502,0.0,0.0,0.0,0.0,0.0,11728.2,0.0,0.0,817.145453025691
313,174,4602.71,26.45235632183908,20.295,0.8918998991586499,0.3191380730048167,0.26003593535113007,0.10516630419904795,0.08269041499464447,0.08775047743611915,0.010793641137503775,0.054111599470746584,0.02836807011521473,0.028337653252105827,0.023607831038670694,0.005083193473958469,24,7.25,0.7845638764988452,69.0,13892.0,23.0,23.0,23.0,0.0,0.0,57.0,1016.84,18731.28,814.4034782608695,23,0.33,18731.34,19511.48,323,309.62975990681014,0.0,0.0,0.0,0.0,0.0,0.0,0.0,0.0,-740.6675471088529
314,446,17860.23,40.04535874439462,24.585,1.745286461156896,0.21931520478739636,0.20157635148035608,0.08447315628074219,0.08912259248621099,0.11678517017977932,0.11076957015671132,0.033014692419974435,0.07096045235699654,0.046784951817529785,0.02719785803430303,0.0019976746869678763,24,18.583333333333332,0.324219228979694,48.0,11520.0,0.0,24.0,24.0,0.0,0.0,0.0,0.0,112990.49,4912.63,23,3737.36,112990.51,114165.77,553,23515.19037083274,13.0,6879.08,0.0,0.0,0.0,0.0,77906.53,0.0,3215.950737260987
315,411,16329.09,39.73014598540146,27.76,1.0116509404423433,0.2492576132534024,0.19766257642036392,0.1146450904490085,0.09609108652104925,0.061057291006418615,0.10016969714785087,0.07748564065725648,0.0238947791946765,0.04706141003570928,0.0326748153142643,0.0030655253906061164,24,17.125,0.3932258319355212,48.0,3936.0,24.0,24.0,0.0,0.0,0.0,4.0,36.08,19835.030000000002,862.3926086956523,23,360.31,19834.94,20301.09,486,486.4797947538487,0.0,0.0,0.0,0.0,0.0,0.0,0.0,0.0,-208.43418494437458
316,422,16190.65,38.36646919431279,26.814999999999998,1.077512332940542,0.228801808451174,0.1826023044164379,0.15721172405060946,0.08216902965600517,0.07576903953825202,0.09152751742518057,0.05978512289500422,0.02544431508308808,0.061061168019813906,0.03562797046443472,0.005839345926140327,24,17.583333333333332,0.35427422617374843,72.0,14496.0,24.0,24.0,24.0,0.0,0.0,0.0,0.0,83605.0,3635.0,23,56553.31,83604.91,30686.59,517,15868.785009775323,0.0,0.0,0.0,0.0,0.0,0.0,0.0,0.0,2466.7158728748677
317,444,16571.39,37.32295045045045,26.71,1.0811274367998123,0.24458720722884442,0.24815600863898563,0.14502344100283682,0.060568847875766614,0.06633601647176247,0.06338575098407556,0.06350040642335977,0.019164958401196277,0.05213624204125303,0.037141120931919416,0.002606591203881403,24,18.5,0.36426395130402456,24.0,2976.0,24.0,0.0,0.0,0.0,0.0,0.0,0.0,18909.22,822.1400000000001,23,184.08,18909.23,19547.29,491,331.03634532364106,0.0,0.0,0.0,0.0,0.0,0.0,0.0,0.0,-34.7296582212216
318,408,13200.36,32.35382352941176,24.314999999999998,0.9758306587941489,0.28912090276325797,0.21389795429821612,0.10089497559157476,0.08347348102627504,0.08590902066307282,0.04793429876154893,0.06497853088855152,0.04556693908347954,0.028136353857016017,0.040087543067007264,0.0016339367859126153,24,17.0,0.4199900608771276,24.0,2976.0,24.0,0.0,0.0,0.0,0.0,2.0,27.28,15637.680000000002,679.8991304347827,23,85.57,15637.67,16203.66,457,280.5961320200537,0.0,0.0,0.0,0.0,0.0,0.0,0.0,0.0,-160.3705634135007
319,362,14341.35,39.616988950276244,27.01,0.9919426414186975,0.24489465775537173,0.19633716491125316,0.12129053401527752,0.09696925324324418,0.07382498858196754,0.08758519944077789,0.04479355151363017,0.02575141112935672,0.07036018227014891,0.038193057138972274,0.0018687552563746435,24,15.083333333333334,0.4744358097389716,71.0,25148.0,23.0,0.0,24.0,24.0,0.0,2.0,27.28,44206.8,1922.0347826086959,23,15.1,44206.8,46033.65,476,2371.2647470232764,0.0,0.0,0.0,0.0,0.0,0.0,6517.07,0.0,165.35991473374247
320,425,16296.46,38.34461176470588,25.42,1.2811193739144564,0.2778327317711945,0.20084791420958908,0.10599541250062897,0.07987256128017987,0.06775029669020143,0.06069845843821296,0.031835134747055495,0.051773820817527245,0.07712349798667932,0.04627017155873116,0.002596372572982286,24,17.708333333333332,0.37090693316217144,48.0,13536.0,24.0,0.0,24.0,0.0,0.0,0.0,0.0,46969.68,2042.16,23,19094.25,46969.66,29832.47,496,5659.546188974116,0.0,0.0,0.0,0.0,0.0,0.0,0.0,0.0,1067.0390997936863
321,465,16063.98,34.546193548387095,26.63,0.8758127496358384,0.26172467844207975,0.23182735536274324,0.16325904290219487,0.023682175899123383,0.11380679009809525,0.06653083482424654,0.05819790612289109,0.01660796390433753,0.03514197602337652,0.02922127642091188,0.0025704215174778833,24,19.375,0.3130494435376538,48.0,3936.0,24.0,24.0,0.0,0.0,0.0,0.0,0.0,31865.27,1385.4465217391305,23,12780.68,31865.21,20412.25,559,3841.9761131775676,23.0,412.39,0.0,0.0,0.0,0.0,0.0,3585.057402407093,468.4970574585143
322,406,14827.26,36.52034482758621,28.185000000000002,0.7954949269593121,0.22873342748424186,0.23008229436861566,0.13068968912664916,0.09218493504531518,0.07148859600492606,0.09446384564646469,0.02779002998531084,0.011712211157017547,0.08118560003668918,0.03166937114476984,0.0029001051284458512,24,16.916666666666668,0.40040506472537746,48.0,5712.0,0.0,24.0,0.0,0.0,24.0,0.0,0.0,31770.96,1381.3460869565217,23,19.99,32869.33,32849.34,520,3257.6088631256775,9.0,1106.9099999999999,0.0,11.0,1098.31,11203.06,0.0,6665.983982967868,-198.0
323,447,15651.45,35.01442953020134,24.1,1.0139258747010353,0.3166971750221226,0.22488587319385742,0.10455325225458344,0.018704337297822244,0.08106022125745538,0.07587156461541901,0.050709039737532303,0.06600410824556192,0.0421206980822863,0.0193937302933594,0.0035213470202359876,24,18.625,0.3411249436953126,48.0,3936.0,24.0,24.0,0.0,0.0,0.0,0.0,0.0,43129.21,1875.1830434782607,23,964.41,43129.3,43961.94,541,7479.217029976021,0.0,0.0,0.0,0.0,0.0,24374.55,0.0,0.0,1286.5441446784712
324,450,15486.85,34.415222222222226,23.875,1.080372128657906,0.2793712084768691,0.19153927364183163,0.12320258800207919,0.09573089427482025,0.09317194910520861,0.06645638073591466,0.04431436993320139,0.024875943138856514,0.058202926999357515,0.02313446569186116,0.0029105627349793606,24,18.75,0.3058091219324782,24.0,2976.0,24.0,0.0,0.0,0.0,0.0,0.0,0.0,48696.24,2117.2278260869566,23,32262.44,48696.26,18462.82,497,9623.395284753646,0.0,0.0,0.0,0.0,0.0,0.0,0.0,0.0,1435.720644919867
325,434,15427.97,35.548317972350226,26.509999999999998,0.935879932891044,0.2542648190267417,0.22881104902329988,0.11627647707378222,0.07627380659931281,0.09189608224542826,0.03865317342463072,0.052410654156055524,0.015347450118194422,0.07099054509439673,0.05507594323815771,0.0027180389284614526,24,18.083333333333332,0.3511913751452719,48.0,13536.0,24.0,0.0,24.0,0.0,0.0,0.0,0.0,64366.560000000005,2798.546086956522,23,38084.46,64366.52,28964.0,505,11144.801714666639,0.0,0.0,0.0,0.0,0.0,0.0,0.0,0.0,1607.2784802155802
326,474,19077.17,40.247194092827,26.54,1.1107162396867034,0.25493718407918997,0.18297734936576024,0.13949920244983927,0.06806198193966925,0.11353308693060868,0.08812313356750504,0.03670565393085033,0.01757912730242484,0.04945177927334086,0.04913150116081159,0.0030757557508221955,24,19.75,0.34056099515808685,48.0,5712.0,0.0,24.0,0.0,0.0,24.0,0.0,0.0,32555.53,1415.4578260869564,23,9123.01,32555.62,24789.09,545,2832.5492010719267,0.0,0.0,0.0,0.0,0.0,0.0,0.0,0.0,382.0040065348129
327,132,3248.95,24.613257575757576,17.995,0.8653446524112933,0.42190553871250713,0.19804244448206346,0.070822881238554,0.0743070838270826,0.07572292586835748,0.05558103387248188,0.07211560658058758,0.0009264531617907323,0.0274057772511119,0.0031702550054633037,0.0049962156097314026,24,5.5,0.8744825251235016,23.0,2852.0,23.0,0.0,0.0,0.0,0.0,23.0,313.72,6151.349999999999,267.45,23,4.08,6151.32,6414.69,201,88.0953536211012,0.0,0.0,0.0,0.0,0.0,0.0,0.0,0.0,-242.82149968421555
328,444,15701.29,35.36326576576577,24.240000000000002,1.2422371296146786,0.27954008874430064,0.23181789521752671,0.1176852347800722,0.05624378633857473,0.05380577009914472,0.058334060449810175,0.04423904023172618,0.01896850513556529,0.0424965082486853,0.09686911075459405,0.0023225513400612074,24,18.5,0.3273801069848401,48.0,3936.0,24.0,24.0,0.0,0.0,0.0,0.0,0.0,36816.71,1600.7265217391305,23,18713.41,36816.61,19637.23,515,5261.552052997857,0.0,0.0,0.0,0.0,0.0,0.0,0.0,0.0,860.1056127441268
329,439,15466.11,35.23031890660592,26.06,0.9682904022291358,0.3204580854526445,0.18170115174403906,0.12428658531460075,0.0382041767451544,0.10285844339656189,0.035479509715112593,0.054432562551281476,0.025787350536107655,0.049521178887257364,0.06727095565724026,0.004895122437427957,24,18.291666666666668,0.33731429557917275,48.0,12696.0,0.0,24.0,0.0,24.0,0.0,0.0,0.0,33929.03,1475.1752173913044,23,354.75,33928.96,34987.92,532,2120.2463984977803,0.0,0.0,0.0,0.0,0.0,0.0,6825.8,0.0,485.92664831549644
330,454,15811.51,34.827114537444935,24.045,1.0431452898460079,0.2409428321520209,0.21772240601941242,0.1352590612787773,0.06397870918084357,0.0654788821561002,0.07755299778452532,0.06117758518952333,0.06683548883060504,0.030061012515566192,0.04099102489262569,0.0029682873826707423,24,18.916666666666668,0.3480711203420799,24.0,960.0,0.0,24.0,0.0,0.0,0.0,0.0,0.0,22732.079999999998,988.351304347826,23,139.99,22732.09,23539.27,523,2153.1061442947757,0.0,0.0,0.0,0.0,0.0,0.0,6767.71,0.0,78.02034061719462
331,456,16459.08,36.09447368421053,26.035,1.0021567344513929,0.22934574714990144,0.2190067731610758,0.13389387499179783,0.09799089621048077,0.07036845315777064,0.06706267908048323,0.04744675887109121,0.059508186362785764,0.039229410149291453,0.03614722086532175,0.0010690093547678359,24,19.0,0.3529808470461289,24.0,2976.0,24.0,0.0,0.0,0.0,0.0,0.0,0.0,49682.89,2160.125652173913,23,32317.96,49682.97,19435.14,503,9247.786072038976,0.0,0.0,0.0,0.0,0.0,0.0,0.0,0.0,1404.9637685792716
332,248,7319.38,29.513629032258066,23.345,0.8316782160067391,0.26760053447149895,0.21220376589273957,0.1373067117706691,0.014805898860285981,0.11578303080315547,0.05706357642313967,0.07362782093565301,0.020880183840707816,0.03793354081903112,0.06279493618311933,0.0014019609989771586,24,10.333333333333334,0.6702657875393818,69.0,15019.0,23.0,23.0,0.0,23.0,0.0,47.0,876.26,22288.800000000003,969.0782608695654,23,2.87,22288.76,23214.59,387,393.4277347689253,0.0,0.0,0.0,0.0,0.0,0.0,0.0,0.0,-751.0514716885816
333,449,17294.94,38.5187973273942,26.24,1.0114852708505313,0.23521908720122767,0.19630192414660014,0.10414491174875427,0.06442231080304414,0.12242135561036928,0.12278215478053119,0.030919448116038566,0.025882714828730256,0.05612103887032855,0.04178505389437605,0.0017441022281339258,24,18.708333333333332,0.37309004830314535,72.0,15672.0,24.0,24.0,0.0,24.0,0.0,0.0,0.0,74408.68,3235.16,23,1966.46,74408.63,75677.33,567,12224.367280888633,0.0,0.0,0.0,0.0,0.0,0.0,42710.43,0.0,2344.907916875285
334,403,14103.56,34.996426799007445,25.9,1.0399644299959532,0.24406249202329058,0.22392785934898707,0.12946872988096622,0.06783960929013667,0.07991244763733411,0.05349004081239063,0.04346420336425697,0.023389130120338414,0.068783342645403,0.06566214487689633,0.0022172855044934048,24,16.791666666666668,0.39078643973578303,0.0,0.0,0.0,0.0,0.0,0.0,0.0,0.0,0.0,13552.07,589.2204347826087,23,13.01,13552.0,14103.65,426,312.17649863043795,0.0,0.0,0.0,0.0,0.0,0.0,0.0,0.0,-69.98329132804452
335,332,10068.29,30.32617469879518,21.95,0.9166486515114635,0.29484748651459186,0.23346963585673433,0.11214913356687183,0.05460212210812362,0.090719476693659,0.04894574947682277,0.052390227138868664,0.02139290783241245,0.061558616209902564,0.029924644602012853,0.002632931608346434,24,13.833333333333334,0.5328432136936857,23.0,2852.0,23.0,0.0,0.0,0.0,0.0,13.0,177.32,12581.050000000001,547.0021739130435,23,7.79,12581.16,13097.59,391,224.36742274549357,0.0,0.0,0.0,0.0,0.0,0.0,0.0,0.0,-196.74505236358505
336,455,17827.19,39.18063736263736,26.7,1.0762386566153936,0.29448780205966285,0.22540232083687897,0.09823982355043055,0.07995483303874588,0.07251619576613028,0.044831518596032245,0.05723223906852398,0.0464487112102356,0.06011827999813768,0.020768275875222064,0.0016399155830341128,24,18.958333333333332,0.33154580166588227,48.0,3936.0,24.0,24.0,0.0,0.0,0.0,0.0,0.0,40476.24,1759.8365217391304,23,20399.61,40476.25,21763.14,526,5878.611505642225,0.0,0.0,0.0,0.0,0.0,0.0,0.0,0.0,1048.3702487260216
337,307,12291.01,40.03586319218241,24.42,1.67263025922249,0.2475280713301836,0.14968175926957997,0.1450360873516497,0.09148149745220285,0.06132042850831623,0.03723209077203582,0.03993487923287021,0.1059693222932859,0.055755385440252665,0.06606047834962302,0.0038273473439832673,24,12.791666666666666,0.5834793072334983,24.0,11736.0,0.0,0.0,0.0,24.0,0.0,0.0,0.0,31470.71,1368.2917391304347,23,9.17,32496.02,32486.86,381,2483.9001761507793,1.0,80.6,0.0,3.0,1025.39,8379.27,0.0,5376.156716230498,-489.0
338,432,17568.08,40.66685185185185,24.384999999999998,1.274578574999624,0.25339934699750916,0.2047457661850356,0.05752307594227714,0.0874956170509242,0.1461804591053775,0.0944952436464315,0.034667988761435516,0.056248036211128366,0.02878971407234029,0.036454752027540865,0.0036848930296210503,24,18.0,0.3183091151679637,48.0,11520.0,0.0,24.0,24.0,0.0,0.0,0.0,0.0,36838.57,1601.6769565217392,23,195.61,36838.62,38177.96,525,2835.7006407663703,0.0,0.0,0.0,0.0,0.0,0.0,9089.87,0.0,790.4627024178044
339,440,18010.38,40.93268181818182,28.17,1.3637371256925597,0.23475018295005431,0.1849483464535451,0.11323636702834698,0.14087542850289664,0.07562139166414034,0.07298291318672899,0.048736895057183684,0.03246960919203259,0.04281475460262359,0.05356411136244765,0.00404664531620591,24,18.333333333333332,0.32677877979254183,48.0,3936.0,24.0,24.0,0.0,0.0,0.0,0.0,0.0,29549.48,1284.76,23,8887.87,29549.53,21946.42,511,2457.462686164124,0.0,0.0,0.0,0.0,0.0,0.0,0.0,0.0,543.9920454166929
340,457,16486.79,36.07612691466083,25.26,1.0056623933362496,0.2857639358540989,0.2111114413418258,0.10573980744583997,0.04539331185755383,0.06553367878161849,0.1300623104922183,0.049656118625881686,0.01661693998649828,0.0448225518733483,0.04529990374111637,0.0043301954943552046,24,19.041666666666668,0.3510325539416708,48.0,3936.0,24.0,24.0,0.0,0.0,0.0,0.0,0.0,34325.03,1492.3926086956521,23,791.19,34324.98,34963.99,551,4453.430537693908,0.0,0.0,0.0,0.0,0.0,14541.16,0.0,0.0,560.397328518315
341,234,6531.15,27.910897435897436,21.55,1.0129547354058235,0.2663068525451108,0.24556471678035263,0.11428462062577034,0.01828315074680569,0.1318711099882869,0.031169089670272463,0.05004631649862582,0.03219494269768724,0.07509091048283993,0.035188289964248255,0.0012984061855716433,24,9.75,0.7309126264134188,47.0,11480.0,0.0,23.0,24.0,0.0,0.0,30.0,484.0,17757.6,772.0695652173912,23,2.31,17757.56,18495.15,334,299.1351991747549,0.0,0.0,0.0,0.0,0.0,0.0,0.0,0.0,-564.8517597310024
342,437,15617.66,35.738352402745996,24.41,1.2177093634012432,0.2693956713105549,0.2157903296652636,0.095356794807929,0.11002736645566623,0.1315453147270462,0.032546489038690826,0.04973408308286902,0.0204351996393826,0.03225515218028822,0.042913599092309615,0.003785077928039726,24,18.208333333333332,0.3999357138009151,72.0,8688.0,24.0,24.0,0.0,0.0,24.0,0.0,0.0,122695.10999999999,5334.57,23,4498.09,122695.06,123531.54,555,29523.28781607634,0.0,0.0,0.0,0.0,0.0,0.0,99225.83,0.0,4696.157720534044
343,181,4715.48,26.052375690607732,22.58,0.7356397177654528,0.3322185652362008,0.22221703835028458,0.09371050243029343,0.04537820115873676,0.07487254743949716,0.03789858084436792,0.10802717856930791,0.03461577612459389,0.03782647789832637,0.013235131948391257,0.004163593067657234,24,7.541666666666667,0.8002451500165413,69.0,15019.0,23.0,23.0,0.0,23.0,0.0,62.0,1405.25,20259.32,880.84,23,0.57,20259.42,21139.69,335,328.76904826460304,0.0,0.0,0.0,0.0,0.0,0.0,0.0,2241.2494399644906,-806.7358622982907
344,449,17995.3,40.07861915367483,26.6,1.1597508151241485,0.24340411107344698,0.18673875956499753,0.11497057565030869,0.08542397181486278,0.06941423593938419,0.07715070046067585,0.05367123637838769,0.07301184198096171,0.04859435519274478,0.047620211944229884,0.0019592059130157935,24,18.708333333333332,0.33173939862075097,24.0,960.0,0.0,24.0,0.0,0.0,0.0,0.0,0.0,33493.93,1456.2578260869566,23,15934.24,33493.99,18955.33,496,4966.139103667836,0.0,0.0,0.0,0.0,0.0,0.0,0.0,0.0,324.11286026609355
345,456,17264.21,37.860109649122805,25.52,1.1658667707241028,0.2727949903297052,0.21760914632062517,0.08918508289692956,0.08750067335835233,0.07751933045300075,0.03594719943744892,0.03659767808663125,0.08858499751798664,0.04596213785629345,0.04829876374302676,0.0013474307611860414,24,19.0,0.38000001158465985,24.0,960.0,0.0,24.0,0.0,0.0,0.0,0.0,0.0,25926.52,1127.24,23,40.04,25926.52,27013.71,523,2635.5229161952334,0.0,0.0,0.0,0.0,0.0,8789.43,0.0,0.0,291.6598491339071
346,451,16935.32,37.55059866962306,26.19,1.4246054080947732,0.32108280209644696,0.20762406615286869,0.09349159035672193,0.11128399109080903,0.10108518764333949,0.051530765288166976,0.041842728687736634,0.024008994220363126,0.033058719882470486,0.014991154581076709,0.00021077976911987317,24,18.791666666666668,0.3841787459581513,120.0,30984.0,24.0,24.0,24.0,24.0,24.0,0.0,0.0,81768.24,3555.1408695652176,23,1487.92,81768.24,83687.33,617,11351.207944969941,0.0,0.0,0.0,0.0,0.0,0.0,35768.05,0.0,1811.6200955687484
347,165,4499.37,27.26890909090909,19.45,1.0487359219568875,0.2850999139879583,0.25961412375510345,0.06811620293507759,0.07060321778382306,0.04391281446069116,0.06588477942467501,0.06269322149545381,0.02276096431278157,0.03357358919137568,0.08774117265306032,0.00757973335391271,24,6.875,0.7816138703862986,69.0,13892.0,23.0,23.0,23.0,0.0,0.0,57.0,1104.84,20513.760000000002,891.9026086956522,23,6.65,20513.72,21361.81,331,748.2420240623039,0.0,0.0,0.0,0.0,0.0,1865.58,0.0,0.0,-367.2517032427194
348,455,17618.87,38.72279120879121,26.33,1.0878048157358782,0.26863470812827384,0.19711139250133525,0.10999456832362121,0.0887979762606796,0.07655201497031308,0.06849928514144211,0.047350936808092686,0.05225079701479153,0.05984663034575998,0.030961690505690774,0.0022175432643437576,24,18.958333333333332,0.339910561801069,48.0,13536.0,24.0,0.0,24.0,0.0,0.0,0.0,0.0,43283.51,1881.8917391304349,23,526.18,43283.46,44560.75,549,4519.825806713106,0.0,0.0,0.0,0.0,0.0,13405.94,0.0,0.0,593.1573157922985
349,224,7270.58,32.457946428571425,23.235,1.0386554602491318,0.2974370682944139,0.23785860275246262,0.09467607811206258,0.0755400532007075,0.06680072291344019,0.05424051451190963,0.08061117544955147,0.03094801240066129,0.04195951354637457,0.019928258818416134,0.014266958308747912,24,9.333333333333334,0.7198847959860148,46.0,3772.0,23.0,23.0,0.0,0.0,0.0,43.0,383.24,10971.13,477.005652173913,23,2.53,10971.21,11425.82,336,171.82574730095908,0.0,0.0,0.0,0.0,0.0,0.0,0.0,3576.6891601499315,-400.9662772458095
350,252,8118.85,32.21765873015873,25.255,0.8455274011303089,0.3141701102988723,0.19610905485382782,0.17018912777055864,0.0642714177500508,0.07421494423471303,0.06244110927040159,0.04858446701195366,0.015085880389464026,0.029951286204326966,0.02498260221583106,0.0027341978564624503,24,10.5,0.6038884817431039,23.0,2852.0,23.0,0.0,0.0,0.0,0.0,21.0,286.44,11938.84,519.08,23,3.39,11938.94,12454.63,339,376.9098020822911,0.0,0.0,0.0,0.0,0.0,1197.36,0.0,1667.016250637569,-157.11570472984602
351,439,16958.15,38.62904328018224,24.45,1.1851649516844627,0.27900154203141264,0.20065985971347108,0.08299785059101375,0.10755654360882524,0.06271026025834185,0.05162709375727895,0.07044695323487526,0.04948594038854474,0.03796935396844585,0.05754460244779059,0.0018330151974147446,24,18.291666666666668,0.33821849671102094,0.0,0.0,0.0,0.0,0.0,0.0,0.0,0.0,0.0,40504.33,1761.0578260869565,23,25233.98,40504.39,16958.09,462,7177.850133385266,0.0,0.0,0.0,0.0,0.0,0.0,0.0,0.0,926.2827986690696
352,450,15973.83,35.4974,25.225,1.0451962515201045,0.24947054025240034,0.20029948985309098,0.11612744094559664,0.029391824002133488,0.06552655186639647,0.10191920159410736,0.07019043022243257,0.06966707420825187,0.047934027093064095,0.0494734199625262,0.002151756239791802,24,18.75,0.31044777614385527,48.0,3936.0,24.0,24.0,0.0,0.0,0.0,0.0,0.0,85228.11,3705.57,23,2790.1,85228.09,86143.56,544,19582.780512504305,0.0,0.0,0.0,0.0,0.0,66233.72,0.0,0.0,3136.239318583898
353,283,9487.34,33.52416961130742,22.75,1.495950451505857,0.30479776207029574,0.17702643733649262,0.08785497304829383,0.10971990041465786,0.047654031583141326,0.05164672078791316,0.047782624002091205,0.021770064106482953,0.09136491366389315,0.06038257298673812,0.006325621005103699,24,11.791666666666666,0.6020106794949901,48.0,11520.0,0.0,24.0,24.0,0.0,0.0,0.0,0.0,73721.28,3205.2730434782607,23,0.0,74606.16,74606.16,394,15625.89469319691,0.0,0.0,0.0,17.0,884.89,0.0,53598.84,11593.744301416804,-40.0
354,286,9690.18,33.881748251748256,21.36,1.2877077995083157,0.29324532671219733,0.22136018113182626,0.0554437585266734,0.049750365834277596,0.1047658557426178,0.05147891989622484,0.05484521443358122,0.0769469710572972,0.028141892101075525,0.06402151456422896,0.0033704332469401965,24,11.916666666666666,0.627633336016462,92.0,25139.0,23.0,23.0,23.0,23.0,0.0,57.0,1428.8999999999999,37191.11,1617.0047826086957,23,6.79,37191.06,38733.89,470,1053.978651805461,0.0,0.0,0.0,0.0,0.0,0.0,2475.88,0.0,-716.0226815132187
355,438,16636.46,37.98278538812785,25.68,1.0734181121307556,0.25513901394888094,0.20299390615551627,0.13889914080279098,0.08589447514675598,0.07203996523298828,0.08129974766266382,0.0366760717123715,0.05057626442163778,0.04433334976311066,0.03214806515328381,0.0038250596980552443,24,18.25,0.34597744952952736,72.0,15672.0,24.0,24.0,0.0,24.0,0.0,0.0,0.0,45016.57,1957.2421739130434,23,371.38,45016.65,46520.97,556,4501.709065210597,0.0,0.0,0.0,0.0,0.0,14212.55,0.0,0.0,503.333788314696
356,286,9343.22,32.668601398601396,25.125,0.7811020248641731,0.27352668566083216,0.2315978859536648,0.23197570002632928,0.0399102236702122,0.04002260462667046,0.06696941739571584,0.0449962646710663,0.00806360119958644,0.03242351138044486,0.030514105415477753,0.005553484095595196,24,11.916666666666666,0.5788090187323,48.0,11520.0,0.0,24.0,24.0,0.0,0.0,0.0,0.0,25030.8,1088.295652173913,23,0.0,26013.62,26013.62,398,1583.1547485393955,1.0,63.37,0.0,19.0,982.83,5087.1,0.0,4421.760830868708,-440.0
357,370,11784.89,31.851054054054053,23.455,0.9521445907135226,0.26903093707281106,0.22594186284301337,0.16067693461712412,0.060421437959963985,0.07790059983589155,0.0423941165339685,0.04265122542509943,0.0372655154184723,0.05820419197803289,0.025513178315622803,0.0028724249359941556,24,15.416666666666666,0.4521467743865238,46.0,3772.0,23.0,23.0,0.0,0.0,0.0,6.0,35.64,14947.47,649.89,23,4.85,14947.54,15592.58,445,239.6798435590015,0.0,0.0,0.0,0.0,0.0,0.0,0.0,0.0,-225.9871325697311
358,433,17171.25,39.65646651270208,23.48,1.6853387136301068,0.24224444929751768,0.2080302831768217,0.09414981436994978,0.16350294824197423,0.06809579966513794,0.06943815971463929,0.051970590376355826,0.03961097765159788,0.03274659678241246,0.030210380723593215,0.0029805066768407995,24,18.041666666666668,0.3373074179223993,48.0,3936.0,24.0,24.0,0.0,0.0,0.0,0.0,0.0,40414.81,1757.165652173913,23,13453.55,40414.88,28645.29,517,4076.8115383028157,13.0,7538.000000000001,0.0,0.0,0.0,0.0,0.0,0.0,619.9533193834402
359,457,16745.68,36.64262582056893,25.83,1.1740716395536628,0.2837191442807936,0.17802501898997233,0.10352819354006526,0.0841697679640361,0.09837462557507369,0.06977620496749012,0.06100140454135036,0.037803779840532,0.04600529808284883,0.03759656221783768,0.001398474428292995,24,19.041666666666668,0.3314550379560579,72.0,15672.0,24.0,24.0,0.0,24.0,0.0,0.0,0.0,64511.09,2804.83,23,1809.08,64511.03,65506.78,575,10012.886226241613,0.0,0.0,0.0,0.0,0.0,0.0,33089.16,0.0,1765.7575177121585
360,445,16931.63,38.04860674157304,23.98,1.4244406720374014,0.22894133642183295,0.2234917724991628,0.09531096533529258,0.09279555482844828,0.0552303588018401,0.10266642963494949,0.03266726239588273,0.07558279976588196,0.05477854169976547,0.038534978616943556,0.0020232156513155797,24,18.541666666666668,0.34038542065944033,48.0,15312.0,0.0,0.0,24.0,0.0,24.0,0.0,0.0,40539.37,1762.5813043478263,23,219.17,40539.46,42009.44,536,2893.191819555025,0.0,0.0,0.0,0.0,0.0,9765.87,0.0,0.0,571.3542079468989
361,328,10868.88,33.13682926829268,26.09,0.8861734911487272,0.2548753873444182,0.27087427591435365,0.1458439140003386,0.04712997107337647,0.10556193462435871,0.04233278865899707,0.05101261583530226,0.0,0.05320603410839019,0.029163078440464885,0.003423368966503526,24,13.666666666666666,0.5188289869793392,0.0,0.0,0.0,0.0,0.0,0.0,0.0,0.0,0.0,10426.13,453.30999999999995,23,10.58,10426.2,10868.93,351,148.0705009404266,0.0,0.0,0.0,0.0,0.0,0.0,0.0,0.0,-194.17709314336616
362,451,17744.53,39.344855875831485,27.93,0.9824266004081857,0.2641929653814443,0.1818205384983429,0.11938157843572075,0.06851914364595738,0.10576047942661766,0.10475397206913906,0.03699675336568509,0.04604912048952551,0.03684741156852281,0.035678037119044576,0.0008676926826590714,24,18.791666666666668,0.3804316034293385,72.0,15672.0,24.0,24.0,0.0,24.0,0.0,0.0,0.0,59498.88,2586.9078260869564,23,1227.46,59498.88,60750.54,569,8329.638954374177,0.0,0.0,0.0,0.0,0.0,27334.07,0.0,0.0,1346.7001104664791
363,444,16871.73,37.99939189189189,24.715,1.2554525825540004,0.3365167650264674,0.18110057474841051,0.1007057367561003,0.12834012872420317,0.03687529376062799,0.061883991742399856,0.06116681573258937,0.02950379125317914,0.039335622369490265,0.02457127988653209,0.0022511119709711647,24,18.5,0.4064995113127107,48.0,3936.0,24.0,24.0,0.0,0.0,0.0,0.0,0.0,20021.77,870.5117391304348,23,48.34,20021.85,20807.75,515,463.42515311069945,0.0,0.0,0.0,0.0,0.0,0.0,0.0,0.0,-28.35643831129721
364,447,17157.94,38.38465324384787,26.02,1.205500281657213,0.29591839113553264,0.15079957151033282,0.10729026911156003,0.04396040550322475,0.0975431782603273,0.07782752474947459,0.05076133848235861,0.08876356951941784,0.05072228950561664,0.03641346222215488,0.002513268206073893,24,18.625,0.3862707294698548,24.0,2976.0,24.0,0.0,0.0,0.0,0.0,0.0,0.0,22900.079999999998,995.6556521739129,23,3720.42,22900.07,20133.82,494,1371.1240359734368,0.0,0.0,0.0,0.0,0.0,0.0,0.0,0.0,-23.460379008573113
365,443,21044.51,47.50453724604966,27.57,2.2567566704060824,0.21308882934313986,0.15452106036206117,0.0861079683014715,0.150447313812486,0.06493665093651503,0.1615091061754348,0.042461430558373654,0.05574993192999029,0.04974123892644684,0.0214364696540808,0.0010188895019880295,24,18.458333333333332,0.3649298558151271,24.0,2976.0,24.0,0.0,0.0,0.0,0.0,0.0,0.0,30947.989999999998,1345.5647826086956,23,8216.75,30947.88,24020.63,490,2442.3780229679874,0.0,0.0,0.0,0.0,0.0,0.0,0.0,0.0,626.1350948606225
366,456,17970.27,39.40848684210526,27.005,1.3733911517099706,0.270100004062265,0.18350753772759112,0.13629956589411288,0.07920971693803153,0.06974909113775139,0.06443920987275092,0.04335160239662508,0.06856046125072131,0.04716122796151643,0.037621582758634114,0.0007608219584649412,24,19.0,0.33695375751171236,48.0,3936.0,24.0,24.0,0.0,0.0,0.0,0.0,0.0,35385.12,1538.4834782608698,23,14953.13,35385.08,21906.33,527,4627.127879735827,0.0,0.0,0.0,0.0,0.0,0.0,0.0,0.0,514.098132868923
367,442,15825.380000000001,35.80402714932127,26.355,1.440304920328318,0.29453637132252114,0.2298813677775826,0.09065121974954156,0.08199613532186906,0.07878483802600633,0.06798256977083647,0.057856430619675485,0.025325142271465206,0.04449814159280852,0.028487783547693643,0.003533357285978478,24,18.416666666666668,0.39907667304039457,48.0,5712.0,0.0,24.0,0.0,0.0,24.0,0.0,0.0,42296.64,1838.9843478260868,23,22521.64,42296.59,21537.31,513,6720.913807714813,0.0,0.0,0.0,0.0,0.0,0.0,0.0,0.0,321.737898178219
368,131,3992.07,30.473816793893132,19.47,1.4759858888708752,0.21677976588586875,0.21718306542720944,0.028731961112906337,0.02102418043771778,0.1792704035750876,0.13830669301891,0.06343075146477893,0.05674750192256148,0.05246400989962601,0.0260616672553337,0.0024171945719976273,23,5.695652173913044,0.8027790093861079,92.0,18446.0,23.0,23.0,23.0,0.0,23.0,88.0,1958.22,24343.670000000002,1058.4204347826087,23,5.65,24343.62,25352.29,349,491.3816867747286,0.0,0.0,0.0,0.0,0.0,956.02,0.0,0.0,-1069.572510405522
369,429,16348.31,38.107948717948716,25.88,1.4356895272918546,0.2687874159469695,0.1891846924850336,0.14351819851715558,0.10639020180067542,0.04866680409167676,0.06523426580484466,0.05086886656785931,0.03216479256877316,0.04867475598395186,0.046510006233060175,0.001830735563471686,24,17.875,0.3374770847873573,48.0,3936.0,24.0,24.0,0.0,0.0,0.0,0.0,0.0,44640.25,1940.8804347826087,23,26215.89,44640.3,20284.43,500,7894.091227691084,0.0,0.0,0.0,0.0,0.0,0.0,0.0,0.0,1293.8726280399464
370,443,18269.05,41.23939051918736,28.95,1.1625457904247498,0.26104039345231417,0.2091165112581114,0.119331875494347,0.11280991622443422,0.07509093247870031,0.04354796773778604,0.03966325561537135,0.07216467194517505,0.028122973006259218,0.039111502787501265,0.002349353449769165,24,18.458333333333332,0.39518913134508915,48.0,3936.0,24.0,24.0,0.0,0.0,0.0,0.0,0.0,100841.51999999999,4384.413913043478,23,82838.27,100841.48,22204.94,514,24144.360665185992,0.0,0.0,0.0,0.0,0.0,0.0,0.0,0.0,3577.8783775838388
371,440,15754.88,35.80654545454545,26.310000000000002,1.0350327170405604,0.2752207569971971,0.2055870942844376,0.12549191107771054,0.08040112016086445,0.08839927692245197,0.05672020351789415,0.06600811938904011,0.005549391680545966,0.0575720030872974,0.039050122882560837,0.002261769067057995,24,18.333333333333332,0.3326981862127798,72.0,14496.0,24.0,24.0,24.0,0.0,0.0,0.0,0.0,54273.35999999999,2359.7113043478257,23,26283.89,54273.39,30250.89,535,7729.60072593571,0.0,0.0,0.0,0.0,0.0,0.0,0.0,0.0,1077.151222280143
372,440,17186.66,39.06059090909091,26.299999999999997,1.3392367525188698,0.2653470773262519,0.16706503765129466,0.091874162868178,0.10252370152199439,0.05997616756251651,0.06238035778912249,0.05504734485932695,0.09472637499083592,0.06322927200514818,0.037830503425331036,0.002318756919703402,24,18.333333333333332,0.26956488346194085,24.0,2976.0,24.0,0.0,0.0,0.0,0.0,0.0,0.0,60447.450000000004,2628.15,23,2127.24,60447.51,60948.42,510,12181.84913865153,0.0,0.0,0.0,0.0,0.0,40785.85,0.0,0.0,2075.4124569164323
373,474,18661.23,39.3696835443038,24.17,2.2127980013367914,0.2544955504004827,0.19555999256211942,0.08300846192882248,0.1472780733102802,0.07167909082091588,0.0999623283138357,0.055104620649335544,0.03406259930347571,0.02690605067297279,0.03194323203775957,0.0015880632668141548,24,19.75,0.31844953414110433,72.0,15672.0,24.0,24.0,0.0,24.0,0.0,0.0,0.0,60344.39,2623.669130434783,23,28525.47,60344.33,34333.21,569,8468.37145796677,0.0,0.0,0.0,0.0,0.0,0.0,0.0,0.0,1096.5669485767107
374,112,2813.09,25.116875,19.009999999999998,0.8435430613980085,0.35568360770540586,0.17127073787187758,0.12296442701797668,0.04114336903547345,0.015858006675932873,0.08306524142491,0.07567834658684934,0.00415557269763854,0.10568805121770013,0.02449263976623571,0.005479565112198714,24,4.666666666666667,0.933564158985315,48.0,12116.0,0.0,23.0,21.0,4.0,0.0,47.0,1284.36,15566.640000000001,676.8104347826087,23,1.78,15566.61,16213.44,230,260.3810926267706,0.0,0.0,0.0,0.0,0.0,0.0,0.0,0.0,-1088.2513844691591
375,441,15714.44,35.633650793650794,22.9,1.3842608582473444,0.25585257890195257,0.22259908720896193,0.08977857308310064,0.05604335884702223,0.07098312125662766,0.05859897011920247,0.05308938784964656,0.10757239838008863,0.04626127307113712,0.03922125128226014,0.0021663058435253957,24,18.375,0.3340990833908176,24.0,2976.0,24.0,0.0,0.0,0.0,0.0,0.0,0.0,36878.399999999994,1603.4086956521737,23,1009.58,36878.45,37405.48,511,5547.407367762698,0.0,0.0,0.0,0.0,0.0,0.0,18715.18,0.0,1025.182229648077
376,454,17300.05,38.10583700440529,26.015,1.239223699787594,0.2862748951592625,0.17580642830512053,0.1370186791367655,0.12427073910191011,0.039183701781208724,0.05285533856838564,0.05103742474732732,0.02829876214230595,0.06370270606154317,0.041551324996170536,0.0023462623083725376,24,18.916666666666668,0.3914728570148641,24.0,2976.0,24.0,0.0,0.0,0.0,0.0,0.0,0.0,23434.57,1018.8943478260869,23,4135.01,23434.66,20276.1,501,1249.3089876282547,0.0,0.0,0.0,0.0,0.0,0.0,0.0,0.0,347.61425567593506
377,449,17260.63,38.442383073496664,24.42,1.1555914728849899,0.27997471702944793,0.16938489498934858,0.12594963219766603,0.05496149329427721,0.06652306433774433,0.08750202049403759,0.058934697053352046,0.0805022759887675,0.045501815403029895,0.030765389212328863,0.0007105821155946046,24,18.708333333333332,0.35152019364298986,72.0,15672.0,24.0,24.0,0.0,24.0,0.0,0.0,0.0,41519.04,1805.175652173913,23,369.69,41519.01,42879.28,567,3392.144992169615,0.0,0.0,0.0,0.0,0.0,9946.7,0.0,0.0,336.0785663397098
378,454,16298.52,35.89982378854626,23.405,1.1493025268933297,0.2593143426519708,0.2134273541401305,0.11422570883736681,0.11014926508664588,0.0646874685554271,0.05410552614593226,0.06331188353298337,0.03837464996821797,0.046002949961100756,0.036400851120224405,0.0011186166408725384,24,18.916666666666668,0.3391737409286242,48.0,3936.0,24.0,24.0,0.0,0.0,0.0,0.0,0.0,66805.19,2904.5734782608697,23,2072.31,66805.1,67516.34,548,14451.940369105905,0.0,0.0,0.0,0.0,0.0,0.0,47281.88,0.0,2066.8957314754516
379,314,9800.94,31.2131847133758,22.07,1.0161475510710634,0.277121378153524,0.20125722634767682,0.1372562223623448,0.04016655545284431,0.08720081951323035,0.10603064604007369,0.06412752246213117,0.012454927792640295,0.04911977830697871,0.025264923568555663,0.0013716036984954272,24,13.083333333333334,0.5788444781827049,70.0,14332.0,23.0,23.0,24.0,0.0,0.0,24.0,198.0,26478.0,1151.2173913043478,23,5.27,26478.04,27576.02,449,1098.941284651201,0.0,0.0,0.0,0.0,0.0,0.0,3245.15,0.0,-0.36848802545296166
380,439,17379.17,39.58808656036446,25.89,1.1889913685359947,0.25495636442937153,0.19652549575152323,0.09403613636324405,0.09849779937707037,0.104673007974489,0.0551867551787571,0.05392202274331859,0.052451871982378905,0.06323316936309388,0.02651737683675343,0.0018829147855035089,24,18.291666666666668,0.30261168974122477,24.0,2976.0,24.0,0.0,0.0,0.0,0.0,0.0,0.0,33011.28,1435.273043478261,23,104.37,33011.29,34282.39,519,3008.4682437782985,13.0,4534.68,0.0,0.0,0.0,9392.42,0.0,0.0,127.24040826705573
381,462,17020.34,36.84056277056277,25.47,1.1225056923576961,0.24936399625389388,0.19050677013502668,0.14650177376010115,0.03714790656355866,0.08845945498151037,0.10354728518936755,0.061232619324878355,0.04249033803085015,0.0425960938500641,0.03815376191074914,0.002013453269643417,24,19.25,0.38700930768715547,72.0,14496.0,24.0,24.0,24.0,0.0,0.0,0.0,0.0,43194.0,1878.0,23,729.12,43194.04,44264.66,579,3897.9184498281493,0.0,0.0,0.0,0.0,0.0,0.0,12748.39,0.0,343.79154055362505
382,439,14817.11,33.7519589977221,26.07,0.8815162268550716,0.31497707717631845,0.21653682803191712,0.14230372859484744,0.05643880621794668,0.0914618302759445,0.05368928218795703,0.05284431309479379,0.016614575986815244,0.012027986564181544,0.04310557186927815,0.00045043997870919394,24,18.291666666666668,0.3895260276801616,48.0,3936.0,24.0,24.0,0.0,0.0,0.0,0.0,0.0,20384.41,886.278695652174,23,2480.7,20384.51,18753.17,510,1027.8574311291256,0.0,0.0,0.0,0.0,0.0,0.0,0.0,0.0,167.58470247228274
383,447,15787.460000000001,35.31870246085011,24.51,1.2401611113838058,0.3305262531148139,0.2186988913986163,0.0959711061817417,0.07751088522156191,0.044890691726218145,0.08170091959061178,0.06748013930043212,0.02871709572027419,0.03739930299110812,0.017104714754621705,0.003272585225977842,24,18.625,0.3117379236431953,72.0,14496.0,24.0,24.0,24.0,0.0,0.0,0.0,0.0,32883.11,1429.7004347826087,23,3969.64,32883.02,30283.51,542,1313.3972304803083,0.0,0.0,0.0,0.0,0.0,0.0,0.0,0.0,198.50584039068713
384,436,16357.0,37.51605504587156,25.505000000000003,1.1452280195020181,0.2855835422143425,0.24468667848627504,0.11863361252063338,0.06260622363514093,0.0545026594118726,0.08437977624258729,0.038515620223757416,0.04142752338448371,0.04622363514091826,0.023440728739988998,0.0019354631369515873,24,18.166666666666668,0.3455914898820077,24.0,2976.0,24.0,0.0,0.0,0.0,0.0,0.0,0.0,22277.53,968.5882608695651,23,3872.92,22277.62,19332.94,483,1459.3075392502549,0.0,0.0,0.0,0.0,0.0,0.0,0.0,0.0,-14.895836384129893
385,438,15849.65,36.18641552511416,26.020000000000003,1.0130913834362736,0.3275081784140344,0.17970870019211782,0.07648181505585297,0.09174145801326843,0.0985838804011445,0.05775458764073654,0.0346998198698394,0.02813311334950614,0.06461783067764904,0.0407706163858508,0.0024152600767923804,24,18.25,0.39642641951084095,48.0,13536.0,24.0,0.0,24.0,0.0,0.0,0.0,0.0,51624.240000000005,2244.5321739130436,23,840.59,51624.25,52934.67,532,7259.290615128437,0.0,0.0,0.0,0.0,0.0,23548.95,0.0,0.0,1302.5205553867763
386,447,16190.47,36.22029082774049,25.31,1.3059369142109731,0.24809780074327678,0.2015673417757483,0.13298625673003936,0.06502652486308304,0.07499844044058017,0.057782757387524884,0.05544866825978492,0.0768272940810242,0.04018475065887525,0.047080165060063114,0.005578846466661291,24,18.625,0.31815938635505947,24.0,4752.0,0.0,0.0,0.0,0.0,24.0,0.0,0.0,97571.06000000001,4242.22,23,80870.7,97570.97,20942.48,494,23340.741326813073,0.0,0.0,0.0,0.0,0.0,0.0,0.0,0.0,3661.585982791694
387,440,16303.97,37.05447727272727,26.880000000000003,0.8542754019845422,0.27405901752763284,0.21263778085950844,0.10656300275331713,0.04358079657899272,0.10590426748822525,0.0759655470416101,0.06924141788779052,0.01746445804304105,0.06294295193133942,0.03164075988854248,0.0067249080245419535,24,18.333333333333332,0.3619437474431074,48.0,3936.0,24.0,24.0,0.0,0.0,0.0,0.0,0.0,62060.89,2698.2995652173913,23,1986.65,62060.94,62660.17,534,13062.332376174243,0.0,0.0,0.0,0.0,0.0,0.0,42420.2,0.0,1901.8726989846837
388,438,17102.32,39.046392694063925,27.77,1.2240813222117986,0.2562704942955108,0.2324444870637434,0.11315423872316739,0.1169133778341184,0.058185673054883785,0.06591971147774103,0.042677250805738635,0.029657964533466807,0.04135169965244482,0.04342510255918495,0.0027534343070138023,24,18.25,0.3636284433924754,48.0,3936.0,24.0,24.0,0.0,0.0,0.0,0.0,0.0,51405.130000000005,2235.0056521739134,23,32508.72,51405.21,21038.37,509,9822.69138494885,0.0,0.0,0.0,0.0,0.0,0.0,0.0,0.0,1402.053622851618
389,439,15796.18,35.9821867881549,24.81,1.2986289109943443,0.22194353318333923,0.22449984743146756,0.08885945842602451,0.10598005340531697,0.08030992303202418,0.07221302871960182,0.05469740152365951,0.03310673846461613,0.06328048933349707,0.05510952648045286,0.0031782033507685714,24,18.291666666666668,0.3343162714023264,24.0,2976.0,24.0,0.0,0.0,0.0,0.0,0.0,0.0,39215.270000000004,1705.011739130435,23,1103.22,39215.21,39745.96,509,6322.944702771696,0.0,0.0,0.0,0.0,0.0,0.0,20973.81,0.0,948.4772221349483
390,315,10368.64,32.91631746031746,22.86,1.059064628388765,0.3011908987099562,0.22492052959693845,0.08717247392136289,0.05550004629343868,0.06349434448490834,0.08197217764335536,0.04722605857663108,0.046605919387692124,0.04609862045552744,0.045818930930189496,0.0033086304619153184,24,13.125,0.5308323946052713,46.0,3772.0,23.0,23.0,0.0,0.0,0.0,24.0,198.0,19215.61,835.4613043478261,23,1.63,19215.67,20014.69,429,1811.950822087403,0.0,0.0,0.0,0.0,0.0,5676.01,0.0,0.0,33.243073305656594
391,459,17181.97,37.43348583877996,26.39,1.0652573507772176,0.2898229946857083,0.18733823886318046,0.1166664823649442,0.048874488780972156,0.09614729859265266,0.058153983507129865,0.061221734178327644,0.046304934765920326,0.06524688379737598,0.030222960463788497,0.0026416828597635167,24,19.125,0.32606680142032607,72.0,8688.0,24.0,24.0,0.0,0.0,24.0,0.0,0.0,32837.76,1427.728695652174,23,8336.01,32837.75,25869.99,554,2806.1075498155346,0.0,0.0,0.0,0.0,0.0,0.0,0.0,0.0,456.99971854210776
392,443,16584.22,37.436162528216705,24.96,1.1037494853062126,0.23244867711595726,0.18526406427314643,0.13644476496332056,0.07647993092228637,0.10417071167652142,0.04443440813013817,0.02999719009998662,0.08654371444662458,0.07331547700163168,0.030901061370387038,0.0018526037406558782,24,18.458333333333332,0.3403367779732782,48.0,14712.0,24.0,0.0,0.0,24.0,0.0,0.0,0.0,68988.01,2999.478695652174,23,1810.65,68988.11,70051.96,550,9913.417353040752,13.0,5734.95,0.0,0.0,0.0,33020.86,0.0,0.0,1173.6243812571518
393,438,17482.61,39.91463470319635,25.52,1.2901251340960869,0.2661004277965361,0.18382953117412104,0.0956138700113999,0.0719772390964507,0.10983028277814352,0.03572464294518953,0.04734819343336035,0.08846619583689162,0.07251262826317123,0.028596988664735985,0.0015849539573355997,24,18.25,0.40001807510434656,48.0,3936.0,24.0,24.0,0.0,0.0,0.0,0.0,0.0,33769.75,1468.25,23,312.39,33769.75,34925.61,531,3932.3770529122717,0.0,0.0,0.0,0.0,0.0,13506.98,0.0,0.0,781.7098548209683
394,448,17113.3,38.199330357142856,26.265,1.9121319868209294,0.24573811012487368,0.19313516387838697,0.11102592720281887,0.12212665003243091,0.07581588588992189,0.10371932941045854,0.040621037438717256,0.029294174706222646,0.04667656150479452,0.03184715981137478,0.0013114698590791507,24,18.666666666666668,0.3235249776489631,24.0,2976.0,24.0,0.0,0.0,0.0,0.0,0.0,0.0,37048.63,1610.81,23,539.6,37048.55,38119.75,517,5248.427164300232,0.0,0.0,0.0,0.0,0.0,0.0,18030.43,0.0,829.7065776394861
395,196,6214.2,31.705102040816325,19.525,1.0305320509951181,0.2667857487689485,0.1555421454089022,0.1489025135978887,0.09258472530655595,0.09525763573750444,0.07027453252228766,0.05858517588748351,0.05669434520935921,0.028904766502526474,0.026468411058543334,0.005504318570425326,24,8.166666666666666,0.6043593704740755,69.0,16721.0,0.0,23.0,0.0,23.0,23.0,61.0,1655.94,28711.21,1248.3134782608695,23,2.37,28711.3,29905.24,366,1877.5019754344949,0.0,0.0,0.0,0.0,0.0,0.0,5314.07,0.0,-917.7057476097732
396,454,17747.23,39.090814977973565,24.23,1.8152188820621482,0.2487244488294793,0.1603551652849487,0.09797810700599474,0.13319994162469298,0.09014533535655987,0.03661979925881391,0.05233999897448785,0.08017420183318749,0.044002923273096704,0.05646007855873846,0.0020789281356098366,24,18.916666666666668,0.37751806901696777,48.0,7728.0,24.0,0.0,0.0,0.0,24.0,0.0,0.0,55161.11,2398.3091304347827,23,1473.6,55161.02,55985.79,548,9234.429097569864,0.0,0.0,0.0,0.0,0.0,0.0,30510.59,0.0,1748.5857759598198
397,444,16536.0,37.24324324324324,25.095,1.0498049668613938,0.21619134010643445,0.18989235607160135,0.13109216255442668,0.06981797290759555,0.09460208030962747,0.07854741170778907,0.04817912433478472,0.035446298984034834,0.05849661344944364,0.07773463957426222,0.0014545009133254405,24,18.5,0.3722708030962748,48.0,3936.0,24.0,24.0,0.0,0.0,0.0,0.0,0.0,63548.64000000001,2762.9843478260873,23,2008.6,63548.59,64187.84,538,13204.331633954393,0.0,0.0,0.0,0.0,0.0,0.0,43715.87,0.0,2096.8179172878436
398,439,17376.579999999998,39.58218678815489,25.17,1.4059576913866088,0.18629557715039435,0.19936834520947158,0.11103105444224352,0.14592399655168045,0.08105565076672164,0.052974175585759675,0.05564386087480965,0.07173390851364307,0.05946912453428694,0.036504306370989,0.0030971457536940195,24,18.291666666666668,0.4323802497384411,48.0,3936.0,24.0,24.0,0.0,0.0,0.0,0.0,0.0,49953.6,2171.895652173913,23,1561.7,49953.62,50473.32,533,9054.55490658674,0.0,0.0,0.0,0.0,0.0,0.0,29160.86,0.0,1371.5107904298818
399,184,5408.7300000000005,29.395271739130436,20.145,1.0436364771495303,0.24958169477862643,0.27920417547187604,0.09175166813651264,0.09383533657623878,0.07819210794400905,0.03913118236628561,0.09437890225616735,0.007944563696098715,0.033985797035533304,0.031994571738652146,0.002834520234567983,23,8.0,0.7588528175745508,23.0,10120.0,0.0,0.0,23.0,0.0,0.0,16.0,774.4,17062.78,741.8599999999999,23,1.72,17062.73,17802.87,261,473.06310877677146,0.0,0.0,0.0,0.0,0.0,1499.73,0.0,0.0,-416.641981148593
400,450,16655.74,37.01275555555556,24.82,0.9836221617602088,0.3083705677442132,0.162252772917925,0.14109850417934,0.07895176077436368,0.0842034037514995,0.0555033880211867,0.03352237727053857,0.03610947337074186,0.04768326114600733,0.05230449082418435,0.0007583369567673026,24,18.75,0.3273772285110118,48.0,3936.0,24.0,24.0,0.0,0.0,0.0,0.0,0.0,61216.55,2661.589130434783,23,1787.07,61216.47,61980.09,544,12417.20925552758,0.0,0.0,0.0,0.0,0.0,0.0,41388.38,0.0,2006.456407797098
401,278,7343.64,26.415971223021582,19.494999999999997,0.8903134324958657,0.32726277431900264,0.22458344907974792,0.1036052965559314,0.02145666181893448,0.07512078478792533,0.03220473770500733,0.06622465153520597,0.01636381957721239,0.08136700600791978,0.05181081861311285,0.005954788630612051,24,11.583333333333334,0.633176462898508,23.0,11247.0,0.0,0.0,0.0,23.0,0.0,11.0,591.6899999999999,18390.34,799.58,23,7.55,18390.39,19182.43,335,319.59909260016383,0.0,0.0,0.0,0.0,0.0,0.0,0.0,0.0,-607.0676806029214
402,458,17723.21,38.696965065502184,25.950000000000003,1.0540877844337162,0.26081900513507433,0.20115599826442276,0.11259472747882579,0.1124982438282907,0.0579161449872794,0.051525090545110064,0.05107821890052649,0.04230328478870363,0.061480961970207436,0.048628324101559484,0.0012153897434677985,24,19.083333333333332,0.3629229693718012,48.0,3936.0,24.0,24.0,0.0,0.0,0.0,0.0,0.0,43224.24,1879.3147826086956,23,998.85,43224.26,44026.42,552,6902.14778773055,0.0,0.0,0.0,0.0,0.0,0.0,22367.31,0.0,866.1907638117615
403,442,15792.42,35.72945701357466,24.615000000000002,1.5877867923857214,0.24748518593097196,0.20699487475637046,0.11381219597756392,0.10960321470680238,0.09363162833815211,0.04986886113717847,0.05267337114894362,0.03210717546772439,0.06448093452428445,0.029342558012008295,0.006850294085924968,24,18.416666666666668,0.3536987998039566,48.0,3936.0,24.0,24.0,0.0,0.0,0.0,0.0,0.0,38007.590000000004,1652.5039130434784,23,646.68,38007.49,38944.45,548,4712.521260453153,13.0,3831.6499999999996,0.0,0.0,0.0,15384.45,0.0,0.0,668.2453326167024
404,465,17517.01,37.67098924731182,25.97,1.0243498151941373,0.2655304758060879,0.2235900989952052,0.12303241249505478,0.07743330625489167,0.07634807538501148,0.06300276131600083,0.03665009039784757,0.05179708180791128,0.05613400917165657,0.026481688370332605,0.0009694872793454268,24,19.375,0.3174160430347417,72.0,14496.0,24.0,24.0,24.0,0.0,0.0,0.0,0.0,37544.64,1632.375652173913,23,337.71,37544.58,38771.23,586,1826.1658050085377,5.0,1768.7,0.0,0.0,0.0,4989.53,0.0,2890.878063136311,203.44767337792632
405,201,5640.55,28.062437810945273,20.57,0.9376878452061291,0.286846140890516,0.21468119243690778,0.12952992172749114,0.0064036308516013515,0.06430755866005974,0.06705019900541614,0.06804478286691902,0.059761902651337205,0.05321289590554113,0.05016177500421059,0.004198843953987064,24,8.375,0.7396122718529221,46.0,3772.0,23.0,23.0,0.0,0.0,0.0,44.0,396.88,9417.84,409.4713043478261,23,0.81,9417.8,9809.4,314,158.71788799400068,0.0,0.0,0.0,0.0,0.0,0.0,0.0,0.0,-339.4316250396822
406,150,4329.95,28.866333333333333,20.285,0.9113464901915196,0.19873901546207232,0.2557974110555549,0.14168754835506184,0.059663506507003555,0.05042552454416333,0.09622974861141584,0.04860102310650238,0.012464347163362163,0.043538608990865944,0.09285326620399774,0.010194042124517466,23,6.521739130434782,0.8732987678841557,46.0,3772.0,23.0,23.0,0.0,0.0,0.0,45.0,410.52000000000004,8159.48,354.76,23,1.71,8159.45,8512.5,264,122.61310154413196,0.0,0.0,0.0,0.0,0.0,0.0,0.0,0.0,-304.37130488676326
407,263,7247.31,27.556311787072246,21.21,0.8973871668819745,0.25596255714189126,0.23538526708530477,0.18763099688022178,0.03016153579742001,0.10748953749736109,0.07808000485697453,0.08052229033945009,0.0029652381366327644,0.006258873982208571,0.015543698282535177,0.004446647241608148,24,10.958333333333334,0.6165128854706091,69.0,15019.0,23.0,23.0,0.0,23.0,0.0,48.0,1050.5,22403.28,974.055652173913,23,19.95,22403.23,23316.75,403,374.4176295132846,0.0,0.0,0.0,0.0,0.0,0.0,0.0,0.0,-788.1418799106782
408,429,17924.91,41.78300699300699,26.85,1.650237287597477,0.24191864840604504,0.1663394683711104,0.0951625419597644,0.1555059411734843,0.07136995387982424,0.03512820984875238,0.05470041411644467,0.06932419744366919,0.04588865439212806,0.06466197040877751,0.0048198052098049615,24,17.875,0.3682071485993514,48.0,3936.0,24.0,24.0,0.0,0.0,0.0,0.0,0.0,64261.21000000001,2793.9656521739134,23,45077.85,64261.27,21860.97,500,12855.851527179753,0.0,0.0,0.0,0.0,0.0,0.0,0.0,0.0,2215.512727088442
409,432,16190.68,37.478425925925926,27.0,1.2750863378894601,0.2799215351053816,0.19283995483821556,0.08265866535562434,0.040016849199663015,0.0636477281991862,0.056056941400855306,0.06833128688850622,0.10359416652049204,0.03796628677733116,0.07496658571474453,0.0024467711802251824,24,18.0,0.4212355503289547,48.0,12696.0,0.0,24.0,0.0,24.0,0.0,0.0,0.0,58446.73,2541.1621739130437,23,1234.27,58446.78,59647.8,526,9839.939810235504,0.0,0.0,0.0,0.0,0.0,0.0,30761.15,0.0,1199.3226995141606
410,451,17778.19,39.419490022172944,27.01,1.0549364916723865,0.2092338983889811,0.2089115933624289,0.08689523511673572,0.09556765902490634,0.08091824870810807,0.09663188434818167,0.06159682172369627,0.06298728948222512,0.0633894676567187,0.03386790218801801,0.0018688806008727576,24,18.791666666666668,0.3488459736339864,72.0,8688.0,24.0,24.0,0.0,0.0,24.0,1.0,21.78,33785.76,1468.9460869565219,23,104.32,33785.74,35089.16,567,2519.5714383080804,0.0,0.0,0.0,0.0,0.0,8601.11,0.0,0.0,397.64912883899285
411,466,17766.52,38.12557939914163,24.92,1.2065344704831766,0.2381451178959076,0.18685707724416487,0.1308466711545086,0.07607117206971314,0.0659836591521581,0.07970891316926444,0.04690958049184646,0.08355828828605714,0.03472036166902691,0.05719915886735275,0.0012835147062300045,24,19.416666666666668,0.33515060912322725,48.0,3936.0,24.0,24.0,0.0,0.0,0.0,0.0,0.0,33256.56,1445.9373913043478,23,12939.81,33256.6,21702.48,537,4003.1316856473154,0.0,0.0,0.0,0.0,0.0,0.0,0.0,0.0,209.47157797805835
412,407,14688.380000000001,36.089385749385755,23.37,1.4718650499326356,0.25656947873080627,0.19630959983333762,0.08785584250952112,0.15070007720388495,0.08294107314761737,0.04179834672033267,0.05833658987580659,0.049725020730672816,0.04703309691061914,0.0287308743374014,0.0026757243079534865,24,16.958333333333332,0.3659586693699373,24.0,960.0,0.0,24.0,0.0,0.0,0.0,2.0,8.8,20158.58,876.46,23,-234.27,20158.52,21269.25,512,1424.231319056366,11.0,369.19,24.0,0.0,0.0,0.0,4522.83,6994.515150777825,-591.7724109535385
413,434,18095.81,41.69541474654378,26.325000000000003,1.5292173708009287,0.23203050871997438,0.21090517639166192,0.09586804901245094,0.12945482959867505,0.0915338965207968,0.05391524336296634,0.03816132021722155,0.05853509735126529,0.04975958522995102,0.03983629359503664,0.0033414979377195397,24,18.083333333333332,0.3326140139623482,48.0,3936.0,24.0,24.0,0.0,0.0,0.0,0.0,0.0,32996.88,1434.646956521739,23,-401.97,32996.91,34773.75,556,3483.7484968499243,23.0,825.93,7.0,0.0,0.0,0.0,11705.96,7182.831335591122,538.0913154407717
414,445,16100.31,36.18047191011236,25.91,1.03473849812645,0.25170260696843727,0.22971110494145763,0.07880469382266551,0.09461991725625159,0.08024131212380381,0.08071894267874344,0.05148223854074859,0.014864310066079474,0.07865190173356909,0.03920297186824352,0.004949437064275308,24,18.541666666666668,0.3228695596544415,48.0,11520.0,0.0,24.0,24.0,0.0,0.0,0.0,0.0,62632.090000000004,2723.134347826087,23,1287.27,62632.15,63954.55,539,11111.946468890243,0.0,0.0,0.0,0.0,0.0,0.0,36334.21,0.0,1554.6230755497168
415,442,17570.54,39.752352941176476,27.365000000000002,1.3657755529261333,0.2607472507959346,0.20287993425358583,0.10277031895434062,0.09149633420486793,0.07762140491982601,0.06320465961774652,0.07154817097254837,0.051532280738099116,0.04219335319233217,0.03600629235071887,0.0013000155324491836,24,18.416666666666668,0.36409353383561344,48.0,14712.0,24.0,0.0,0.0,24.0,0.0,0.0,0.0,48893.28,2125.7947826086956,23,827.69,48893.33,50102.86,534,5729.57051401101,0.0,0.0,0.0,0.0,0.0,0.0,17820.44,0.0,865.9120480802685
416,461,15855.57,34.393861171366595,23.37,1.0617454023746646,0.24947195212786422,0.20353099888556514,0.12213184388829919,0.08345143063289431,0.06424366957479297,0.08914785151211846,0.0631815822452299,0.016599844723336973,0.049317684573938377,0.05892314183596049,0.002212490534226119,24,19.208333333333332,0.3670312703989828,48.0,3936.0,24.0,24.0,0.0,0.0,0.0,0.0,0.0,49760.27,2163.49,23,1309.72,49760.32,50614.09,555,9061.22730089016,0.0,0.0,0.0,0.0,0.0,30822.55,0.0,0.0,1605.3920249105026
417,457,17323.85,37.90776805251641,26.04,1.5925941625380555,0.2846480430158423,0.1811231337145034,0.10030449351616412,0.04940587686917168,0.08965443593658452,0.034547747758148444,0.052030004877668644,0.13215076325412653,0.05431875708921515,0.021816743968575112,0.002250480489481843,24,19.041666666666668,0.31931412474709725,24.0,2976.0,24.0,0.0,0.0,0.0,0.0,0.0,0.0,69548.15000000001,3023.8326086956527,23,46593.68,69548.07,25852.23,517,13825.176132804376,13.0,5552.45,0.0,0.0,0.0,0.0,0.0,0.0,2021.1662668190038
418,453,16309.58,36.003487858719645,26.06,1.102590856765264,0.2937512799225976,0.22777471890753775,0.09480133761874922,0.1063283052046711,0.04557505466112554,0.06486126558746455,0.05292288336057703,0.03857671380869403,0.035026039910285856,0.040382401018297216,0.0012358044876910057,24,18.875,0.3536651464967216,24.0,2976.0,24.0,0.0,0.0,0.0,0.0,0.0,0.0,71311.73000000001,3100.5100000000007,23,53798.94,71311.75,20613.33,523,15457.271571681073,23.0,1327.79,0.0,0.0,0.0,0.0,0.0,11545.195807740029,2138.361025680298
419,438,17329.53,39.56513698630137,26.494999999999997,1.1118525103920605,0.21719919697764453,0.174409807998255,0.14682106208304554,0.07064704005244228,0.11821440050595718,0.12784247466607576,0.03717815774576691,0.03290048835715684,0.04629611997555618,0.028491251638099825,0.005904986683600955,24,18.25,0.3220889429776803,96.0,19248.0,24.0,24.0,24.0,0.0,24.0,0.0,0.0,96622.08,4200.96,23,2663.43,96622.07,97984.56,580,18590.570497741843,0.0,0.0,0.0,0.0,0.0,0.0,61406.98,0.0,2444.409485398346
420,445,15967.97,35.883078651685395,23.14,1.4123576558714677,0.2528399038825849,0.19829508697724255,0.10393118223543756,0.10961443439585619,0.07986738452038673,0.08010473466570892,0.041370944459439736,0.04576474028946697,0.024132685620025587,0.06407890295385074,0.0022384974934387403,24,18.541666666666668,0.3842110174305187,24.0,10560.0,0.0,0.0,24.0,0.0,0.0,0.0,0.0,68502.48,2978.3686956521738,23,1787.96,68502.47,69568.78,515,13012.96817304108,0.0,0.0,0.0,0.0,0.0,0.0,43040.84,0.0,2151.4094844498563
421,468,17918.09,38.28651709401709,25.975,1.111631267741722,0.29983664553532213,0.19222193883388242,0.09712307505989756,0.0511471925858169,0.10666538676834417,0.0663642162752838,0.06701104861064991,0.05082740403692581,0.04889025560202008,0.019912836691857224,0.0017845987293948484,24,19.5,0.35041458101840095,48.0,3936.0,24.0,24.0,0.0,0.0,0.0,0.0,0.0,28656.48,1245.9339130434782,23,7996.38,28656.47,21854.11,539,2351.87849243336,0.0,0.0,0.0,0.0,0.0,0.0,0.0,0.0,634.5894662351798
422,436,14930.94,34.2452752293578,24.68,1.2719170328476908,0.2508589546271032,0.2210838701381159,0.0859410057236852,0.11704956285404672,0.09816260731072525,0.06190367116872749,0.057908611246177404,0.023612712930331247,0.0517616439420425,0.03171736005904518,0.005194035649232376,24,18.166666666666668,0.4036785359796503,48.0,11520.0,0.0,24.0,24.0,0.0,0.0,0.0,0.0,26948.399999999998,1171.6695652173912,23,1620.43,26948.4,26450.83,507,709.1171116291731,0.0,0.0,0.0,0.0,0.0,0.0,0.0,0.0,259.2701740087672
423,457,17755.71,38.85275711159737,25.45,1.2324146751715939,0.2527710804017412,0.18664981574941245,0.11007557568804628,0.10935186483672014,0.04992478475938163,0.09134357341948028,0.042096880383831456,0.06568084295136607,0.05475140109857618,0.037354180711444376,0.0016216825805602797,24,19.041666666666668,0.3174730833067222,48.0,3936.0,24.0,24.0,0.0,0.0,0.0,0.0,0.0,45708.24,1987.3147826086956,23,1054.09,45708.24,46558.67,551,7582.490593182458,0.0,0.0,0.0,0.0,0.0,0.0,24866.98,0.0,1127.3400545646964
424,444,16966.06,38.211846846846846,27.075000000000003,1.1598865040346955,0.2410730599797478,0.17097664395858556,0.11903235046911304,0.10402945645600686,0.10047412304329939,0.07549778793662171,0.04732801840851677,0.036575964012858606,0.058831573152517434,0.046181022582732816,0.0020820697316970005,24,18.5,0.3780459340589388,48.0,3936.0,24.0,24.0,0.0,0.0,0.0,0.0,0.0,47127.92,2049.04,23,28274.91,47127.98,20902.1,515,8203.184487479373,0.0,0.0,0.0,0.0,0.0,0.0,0.0,0.0,420.4224420049227
425,440,17354.71,39.442522727272724,27.14,1.0559386347216413,0.25262421555877335,0.2073293071448615,0.11427675829789145,0.0969068339373,0.06716678066069671,0.03526823553951635,0.04607221901143839,0.046464619691138596,0.0664770543558492,0.06741397580253429,0.0025347650041890324,24,18.333333333333332,0.37420907638329887,24.0,2976.0,24.0,0.0,0.0,0.0,0.0,0.0,0.0,55881.12,2429.6139130434785,23,1508.64,55881.13,56700.88,510,11080.92854538197,0.0,0.0,0.0,0.0,0.0,0.0,36370.07,0.0,1598.2806150184704
426,79,2522.27,31.92746835443038,26.77,0.8794202853548475,0.24677770421088938,0.2464089887284073,0.15976877971034026,0.052738208042755134,0.1262236001696884,0.010391433113822072,0.07617344693470562,0.017321698311441674,0.022043635296776314,0.0421525054811737,0.007536750549759219,11,7.181818181818182,0.558619814690735,69.0,15019.0,23.0,23.0,0.0,23.0,0.0,60.0,1387.21,17419.19,757.3560869565217,23,-929.55,17419.11,19074.45,235,473.69891717926384,1.0,55.96,3.0,0.0,0.0,0.0,0.0,12490.032837396644,-1657.1939466973276
427,355,11752.36,33.10523943661972,23.71,1.2533569669144375,0.29901398527614875,0.24680489705897368,0.08591721152177094,0.05254093645871978,0.11251186995633217,0.0735460792555708,0.045300688542556554,0.02394667964562011,0.04246210973795901,0.01795554254634814,0.002658642977312109,24,14.791666666666666,0.4972303435224925,72.0,14496.0,24.0,24.0,24.0,0.0,0.0,0.0,0.0,38289.61,1664.7656521739132,23,97.47,39376.9,39279.43,484,3992.2657841998857,0.0,0.0,0.0,12.0,1087.2,0.0,13031.05,14602.944219135958,-8.61
428,456,15657.71,34.33708333333333,25.92,1.171636585406856,0.27392255955692113,0.18081443582746135,0.11295776968662723,0.0716963080808113,0.06394357795616344,0.06081221328023063,0.07631703486652901,0.04262628443112051,0.05904694875559708,0.05786286755853825,0.0009103525413090008,24,19.0,0.34416335466680636,72.0,8688.0,24.0,24.0,0.0,0.0,24.0,0.0,0.0,28051.679999999997,1219.638260869565,23,4874.75,28051.62,24345.69,551,1625.7110675664046,0.0,0.0,0.0,0.0,0.0,0.0,0.0,0.0,17.837608253637654
429,445,17122.52,38.47757303370786,25.79,1.1437769983368582,0.2522228036527333,0.20108430301147262,0.08879826100363732,0.10245045705889086,0.08337849802482346,0.0874900423535788,0.06324302731140043,0.05413280288181879,0.021347325043276338,0.045852479658368035,0.0033285246842045257,24,18.541666666666668,0.38742077684826765,72.0,8688.0,24.0,24.0,0.0,0.0,24.0,0.0,0.0,26540.409999999996,1153.9308695652173,23,1835.88,26540.47,25810.44,540,685.6667541887043,0.0,0.0,0.0,0.0,0.0,0.0,0.0,0.0,200.7230607334959
430,329,9894.9,30.075683890577505,21.32,1.1384398600074481,0.33460671659137536,0.22343631567777342,0.14421469645979243,0.021569697520945133,0.055701421944638146,0.07221599005548314,0.052369402419428196,0.02252473496447665,0.03111097636156,0.042250048004527585,0.0017562016671376357,24,13.708333333333334,0.5403500793337982,46.0,3772.0,23.0,23.0,0.0,0.0,0.0,13.0,103.4,13201.54,573.98,23,5.35,13201.65,13770.28,411,204.61192981223255,0.0,0.0,0.0,0.0,0.0,0.0,0.0,0.0,-406.545236755018
431,444,16642.77,37.483716216216216,26.16,0.9580771157498127,0.2827504075343227,0.19636815265728,0.0907709473843597,0.06445201129379305,0.10760228014927803,0.09411834688576481,0.03656723009450951,0.04642977100566792,0.04598212917681371,0.034958723818210545,0.00240368991057327,24,18.5,0.3483704936137434,72.0,14496.0,24.0,24.0,24.0,0.0,0.0,0.0,0.0,37814.409999999996,1644.1047826086956,23,6100.59,37814.52,33289.53,552,2069.580422121039,13.0,2150.81,0.0,0.0,0.0,0.0,0.0,0.0,481.404974636853
432,457,16866.7,36.9074398249453,25.91,1.1131783409118559,0.23251139819881778,0.1940201699206128,0.13118808065596707,0.11041104661848494,0.10017430795591313,0.056630520493042506,0.04591532427801526,0.006212240687271369,0.07693324716749571,0.046003664024379394,0.005864579642244072,24,19.041666666666668,0.3385926114770524,48.0,3936.0,24.0,24.0,0.0,0.0,0.0,0.0,0.0,33062.73,1437.5100000000002,23,565.16,33062.77,33935.13,551,3802.4804092087047,0.0,0.0,0.0,0.0,0.0,13132.47,0.0,0.0,927.7517190245424
433,449,17811.23,39.66866369710468,26.84,1.1428218126525322,0.21647634666443588,0.19360650555857176,0.15387090054982167,0.07504591204537811,0.1083338994555682,0.10152022066976846,0.04893429594699524,0.017539496149339494,0.04267083182913252,0.04200159113098871,0.003958310882519411,24,18.708333333333332,0.3131911720863747,24.0,960.0,0.0,24.0,0.0,0.0,0.0,0.0,0.0,48125.29,2092.4039130434785,23,978.89,48125.38,49151.72,530,5814.859555929515,13.0,12643.06,0.0,0.0,0.0,17737.32,0.0,0.0,77.0242151286102
434,94,2496.02,26.553404255319148,19.2,0.9679968954063785,0.33168804737141533,0.20781884760538782,0.09754328891595422,0.006474307096898263,0.03488754096521663,0.09199846155078888,0.06505556846499629,0.07607310838855459,0.052323298691516903,0.036137530949271246,0.007656710588513249,23,4.086956521739131,0.871691733239317,46.0,11040.0,0.0,23.0,23.0,0.0,0.0,40.0,1012.0,14308.070000000002,622.09,23,1.49,14308.15,14928.75,218,325.8620235954382,0.0,0.0,0.0,0.0,0.0,380.76,0.0,0.0,-510.78634109065194
435,464,18131.55,39.076616379310344,26.89,1.2273681361131492,0.27924419037534026,0.20012409308636053,0.09546343252507371,0.11489365222498903,0.07979571520360917,0.04813929311062761,0.037218549986074004,0.04486213258105347,0.03269714944392509,0.06756179146294719,0.0030721602942163084,24,19.333333333333332,0.3154065703152792,24.0,960.0,0.0,24.0,0.0,0.0,0.0,0.0,0.0,49588.08,2156.0034782608695,23,1610.01,49588.05,50044.21,547,7367.293742667045,13.0,6949.18,0.0,0.0,0.0,0.0,24003.38,0.0,973.7488114157372
436,35,814.6800000000001,23.27657142857143,15.57,0.9984608436718039,0.2921515196150636,0.39129474149359256,0.0,0.0,0.0,0.24245102371483285,0.07145136740806207,0.002651347768448962,0.0,0.0,0.011327969539692506,11,3.1818181818181817,0.7857686453576863,48.0,10824.0,6.0,21.0,21.0,0.0,0.0,47.0,1142.24,12249.570000000002,532.59,23,1.19,12249.53,12780.93,153,256.7843912183422,0.0,0.0,0.0,0.0,0.0,0.0,0.0,0.0,-532.141755659479
437,440,15765.33,35.83029545454546,25.869999999999997,0.9684768897127556,0.28198077680581374,0.22413993237058785,0.12451055575747542,0.06318548358962356,0.07173145122874053,0.06458158503501037,0.052720114326817134,0.032035485460818136,0.05869969103088867,0.02641492439422454,0.0022983263783323826,24,18.333333333333332,0.3683963481893497,48.0,5712.0,0.0,24.0,0.0,0.0,24.0,0.0,0.0,108187.40000000001,4703.8,23,3830.13,108187.36,109061.03,534,25920.263210790734,0.0,0.0,0.0,0.0,0.0,87583.71,0.0,0.0,3797.8383370927504
438,450,18218.27,40.48504444444445,26.375,1.393530971739165,0.27910773086577373,0.15163130198421695,0.11687772768764541,0.15583038345572878,0.08799957405395792,0.04958977992970793,0.0329674551974474,0.029336484748551866,0.05718819624475869,0.039471365832211294,0.0027306264782763767,24,18.75,0.36905864278002243,48.0,3936.0,24.0,24.0,0.0,0.0,0.0,0.0,0.0,99851.51,4341.37,23,3669.08,99851.53,100523.82,557,21251.845891391113,13.0,6760.73,0.0,0.0,0.0,0.0,71608.79,0.0,3000.4808470438397
439,444,17337.28,39.04792792792792,27.285,1.200824419085718,0.27595216781409776,0.19751714225068753,0.12211719485409477,0.13284609811919748,0.06796567858395319,0.040052418833865525,0.07020478414145703,0.024049331844441576,0.0411477463592905,0.028147437198914712,0.0016593309086179175,24,18.5,0.3865046881633105,72.0,18288.0,24.0,0.0,24.0,0.0,24.0,0.0,0.0,197922.12999999998,8605.31,23,7184.48,197922.12,199342.95,562,47907.51903684804,0.0,0.0,0.0,0.0,0.0,0.0,163717.71,0.0,7307.459705876026
440,447,18277.63,40.88955257270694,25.42,1.318587075670897,0.2253634634249626,0.16434898835352285,0.14981099847190255,0.11738173931740603,0.09122900507341487,0.05358134506497834,0.05210850640920075,0.07646232033365376,0.03618466945659804,0.03352896409436015,0.001677226732183068,24,18.625,0.363384640131133,48.0,3936.0,24.0,24.0,0.0,0.0,0.0,0.0,0.0,41998.08,1826.0034782608695,23,21534.32,41998.11,22213.71,518,6373.8753018274,0.0,0.0,0.0,0.0,0.0,0.0,0.0,0.0,1122.0011074293875
441,447,18637.16,41.69387024608501,28.27,1.4893001465218005,0.29512919350373124,0.2038652884881602,0.08631197027873345,0.0947918030429529,0.07436755385477187,0.03600924175142565,0.055403291059367414,0.04795741411245061,0.06286150894234958,0.043302734966057056,0.004278539383183344,24,18.625,0.37548424759995624,24.0,960.0,0.0,24.0,0.0,0.0,0.0,0.0,0.0,65472.259999999995,2846.62,23,2238.28,65472.19,66080.52,517,13923.198343290635,0.0,0.0,0.0,0.0,0.0,0.0,46483.33,0.0,1796.2169594264117
442,449,16641.68,37.06387527839644,25.15,1.4417728481446812,0.22189586628273106,0.23517577552266355,0.10333632181366305,0.07717670331360775,0.07909177438816273,0.13978516592074838,0.04514207700184116,0.019218612543925852,0.057050129554227696,0.022127573658428715,0.0015021719565370129,24,18.708333333333332,0.3287192158483999,48.0,11520.0,0.0,24.0,24.0,0.0,0.0,0.0,0.0,98642.85999999999,4288.82,23,3324.01,98642.86,99607.67,543,21175.219256093435,0.0,0.0,0.0,0.0,0.0,0.0,71446.0,0.0,3121.670093277283
443,478,16832.33,35.21407949790795,23.82,1.6400829995616215,0.2571586940132471,0.1886025285863573,0.12893996256014467,0.0708499655127959,0.051324445278817604,0.05275383740694247,0.042041713773434804,0.10400461492853334,0.06077589971204224,0.043548338227684454,0.004907624981920211,24,19.916666666666668,0.38079101348417005,24.0,960.0,0.0,24.0,0.0,0.0,0.0,0.0,0.0,26192.39,1138.7995652173913,23,9491.43,26192.34,17792.26,525,2791.4007639345896,0.0,0.0,0.0,0.0,0.0,0.0,0.0,0.0,667.1774137263004
444,457,17845.13,39.048424507658645,24.86,1.2714196140982819,0.23592767326435837,0.20433922308215183,0.11148139576455873,0.12240650530424828,0.07453966432298335,0.06919590947222015,0.03930932416855467,0.05435152335679257,0.051145046295543936,0.03730373496858806,0.0035072602163873645,24,19.041666666666668,0.38805377153318577,0.0,0.0,0.0,0.0,0.0,0.0,0.0,0.0,0.0,66081.84,2873.1234782608694,23,2166.0,66081.85,66669.26,503,15004.79773282121,0.0,0.0,0.0,0.0,0.0,0.0,48824.08,0.0,2129.4302288569384
445,453,17356.59,38.31476821192053,25.52,1.3843713683952215,0.2611705409876018,0.19948215634522679,0.10938611789527782,0.03871324954959471,0.09858100006971415,0.04976380729163966,0.06775697299988073,0.07270149263190523,0.059480001544082096,0.04296466068507697,0.0014905867204154655,24,18.875,0.3144632672662084,72.0,15672.0,24.0,24.0,0.0,24.0,0.0,0.0,0.0,60493.93,2630.1708695652173,23,1178.79,60494.04,61835.84,594,8652.376697962882,23.0,744.97,0.0,0.0,0.0,0.0,28062.18,6478.736572969714,709.7148340922884
446,455,16833.01,36.99562637362637,25.95,1.0550915810391108,0.25686136941640264,0.22321854498987403,0.1128597915643132,0.0468543653214725,0.056851983097497116,0.05963936336994988,0.0657178959675067,0.05483095417872382,0.054339657613225435,0.06882607448103457,0.001863704123855947,24,18.958333333333332,0.3456820853786697,72.0,14496.0,24.0,24.0,24.0,0.0,0.0,0.0,0.0,41123.08,1787.96,23,846.94,41122.99,42064.01,596,3005.660599132154,23.0,1026.26,0.0,0.0,0.0,9708.7,0.0,8923.908523808872,641.7561401451687
447,455,15755.83,34.6281978021978,24.61,0.9863836378942366,0.2217084088873769,0.23800523361828602,0.11177767213786896,0.05245677314365539,0.11025252239964506,0.05642038534307618,0.06598065604922114,0.02352081737363249,0.06377004575449213,0.0561074852927456,0.0019809206124905554,24,18.958333333333332,0.3157091692408461,24.0,960.0,0.0,24.0,0.0,0.0,0.0,0.0,0.0,24475.93,1064.1708695652173,23,8779.99,24476.0,16715.84,502,2691.535643431299,0.0,0.0,0.0,0.0,0.0,0.0,0.0,0.0,445.7632317698859
448,425,15074.74,35.469976470588236,25.03,0.993275707086386,0.2912507943752264,0.21091508045909918,0.12677167234725112,0.09828826235145682,0.07771278310604363,0.03870514516336601,0.04601936749821225,0.03203371998455695,0.030525236256147704,0.04777793845864009,0.005670169309807904,24,17.708333333333332,0.37013839044653507,24.0,2976.0,24.0,0.0,0.0,0.0,0.0,0.0,0.0,46260.49,2011.3256521739129,23,1294.46,46260.6,46893.66,495,8860.32628093713,0.0,0.0,0.0,0.0,0.0,0.0,28842.9,0.0,1345.4949456423637
449,425,17416.89,40.980917647058824,26.5,1.2886357050492088,0.22977006802018043,0.20527602803944908,0.11737055237760588,0.10850846505891695,0.08791064305969666,0.09712239096646991,0.04190357750436502,0.033969899333348264,0.05030461810346164,0.02786375753650623,0.0017725397515564456,24,17.708333333333332,0.4113943419290126,24.0,2976.0,24.0,0.0,0.0,0.0,0.0,0.0,0.0,117574.39000000001,5111.93,23,102293.44,117574.35,20392.84,472,29105.154142737483,0.0,0.0,0.0,0.0,0.0,0.0,0.0,0.0,4683.708425967475
450,457,16943.08,37.07457330415755,24.33,1.2126303441257011,0.2798086298358976,0.2022495319623115,0.14736871926473818,0.13728023476251072,0.06148232788843588,0.022359570987093257,0.05840909681120553,0.01898297121892832,0.04811344808618032,0.023945469182698784,0.0023316806046832506,24,19.041666666666668,0.30097538346038616,48.0,3936.0,24.0,24.0,0.0,0.0,0.0,0.0,0.0,36619.43,1592.1491304347826,23,17266.17,36619.32,20878.96,528,4932.106741884101,0.0,0.0,0.0,0.0,0.0,0.0,0.0,0.0,1079.415183172668
451,439,16156.0,36.80182232346242,23.86,1.3621736833786087,0.2563320128744739,0.21636172319881158,0.09973446397623174,0.06441198316414955,0.07801126516464471,0.08945964347610795,0.0507563753404308,0.07560287199801932,0.049915201782619455,0.01941445902451102,0.003641218031280369,24,18.291666666666668,0.3781072047536519,48.0,3936.0,24.0,24.0,0.0,0.0,0.0,0.0,0.0,36569.76,1589.9895652173914,23,18001.51,36569.77,20091.99,510,5168.173507647296,0.0,0.0,0.0,0.0,0.0,0.0,0.0,0.0,891.3602379981338
452,429,16962.5,39.53962703962704,22.63,1.719570708904116,0.21521179071481208,0.1964828297715549,0.08838850405305822,0.12233927781871776,0.06921680176860721,0.07393957258658806,0.045680176860722184,0.08592365512159175,0.06237052321296979,0.04044686809137804,0.007860481846155731,24,17.875,0.35947118644067794,48.0,3936.0,24.0,24.0,0.0,0.0,0.0,0.0,0.0,23400.73,1017.4230434782609,23,3477.35,23400.82,20898.51,500,1119.146310503562,0.0,0.0,0.0,0.0,0.0,0.0,0.0,0.0,182.65410210284426
453,439,15609.84,35.557722095671984,24.86,1.076614384941162,0.22407724870978815,0.23216445524105306,0.11532341138666378,0.08009563198597806,0.07135819457470416,0.08438715579403759,0.04118299739138902,0.029409013801550813,0.054760330663222674,0.06724156045161257,0.004304835822511066,24,18.291666666666668,0.32424227282278356,24.0,2976.0,24.0,0.0,0.0,0.0,0.0,0.0,0.0,31847.29,1384.6647826086958,23,533.62,31847.36,32640.72,509,4482.254820462245,0.0,0.0,0.0,0.0,0.0,14054.85,0.0,0.0,402.20330315797787
454,445,16726.49,37.58761797752809,24.85,1.189386120776193,0.23472109211197326,0.195834870316486,0.14437577758394018,0.08551764297231516,0.08730163949519594,0.03779992096369292,0.044531159854817114,0.0796233997688696,0.06349807999167786,0.026796416941031857,0.0033041187207807354,24,18.541666666666668,0.34698971511656057,24.0,960.0,0.0,24.0,0.0,0.0,0.0,0.0,0.0,24975.370000000003,1085.885652173913,23,8329.61,24975.44,17686.48,492,2656.574496720087,0.0,0.0,0.0,0.0,0.0,0.0,0.0,0.0,65.56340416567525
455,471,18162.54,38.56165605095541,26.22,0.9872637693778205,0.2286040388624058,0.2227794130116162,0.1201698661090354,0.08124689608391777,0.10497540542236934,0.05101103700253379,0.05287421252754295,0.05737138087514191,0.058970826767621706,0.021996923337815083,0.002028691293464724,24,19.625,0.37550805118667324,48.0,3936.0,24.0,24.0,0.0,0.0,0.0,0.0,0.0,25630.550000000003,1114.371739130435,23,4599.98,25630.48,22098.44,542,1190.3338453729225,0.0,0.0,0.0,0.0,0.0,0.0,0.0,0.0,444.9966569827948
456,446,16475.94,36.94156950672645,25.41,0.9916508148672474,0.304559254282305,0.21762460897526942,0.13111179089023148,0.029316081510372096,0.08346959263022323,0.06972105992131557,0.04677244515335696,0.04858357095255264,0.0464404458865473,0.022401149797826408,0.0026449365658443025,24,18.583333333333332,0.39511493729644565,72.0,15672.0,24.0,24.0,0.0,24.0,0.0,0.0,0.0,88564.31,3850.6221739130433,23,2509.42,88564.23,89744.98,564,17766.37912431242,0.0,0.0,0.0,0.0,0.0,0.0,57597.12,0.0,2464.386340878281
457,448,15723.72,35.097589285714285,23.759999999999998,1.0055750429347348,0.27389320084560137,0.22976305861462806,0.10834013833876462,0.07245041249780586,0.05707173620491843,0.04743915561966252,0.04862526170651728,0.0275946150147675,0.06356129465546322,0.07126112650187105,0.0011133505154687917,24,18.666666666666668,0.35374071784539535,72.0,8688.0,24.0,24.0,0.0,0.0,24.0,0.0,0.0,27562.08,1198.3513043478263,23,2126.15,27562.12,26584.39,556,767.8384102261414,13.0,2172.51,0.0,0.0,0.0,0.0,0.0,0.0,15.401736393397414
458,432,17093.04,39.56722222222223,23.185000000000002,2.063092368669359,0.22264617645544618,0.18606228031994307,0.11451678577947513,0.13516027576136252,0.08767545152880939,0.0559069656421561,0.03319479741462022,0.030753452867365895,0.06343985622218166,0.07064395800863976,0.0032444044932185,24,18.0,0.3437674047448552,48.0,3936.0,24.0,24.0,0.0,0.0,0.0,0.0,0.0,38954.159999999996,1693.6591304347824,23,10685.37,38954.14,29891.86,516,3850.258172226369,13.0,8862.9,0.0,0.0,0.0,0.0,0.0,0.0,37.87899717398341
459,428,17841.04,41.684672897196265,26.89,1.597326372616134,0.25760830086138475,0.17452177675740876,0.07606395142884047,0.06493287386833951,0.09076713016729966,0.11556445139969418,0.07327431584705824,0.06050375987050082,0.055272562586037584,0.03149087721343599,0.003440928189238135,24,17.833333333333332,0.3436671853210351,72.0,15672.0,24.0,24.0,0.0,24.0,0.0,0.0,0.0,170087.53,7395.11,23,143969.7,170087.61,33513.02,523,41100.44695217617,0.0,0.0,0.0,0.0,0.0,0.0,0.0,0.0,6230.933448955375
460,261,7581.05,29.04616858237548,22.25,0.8119913864795462,0.3288502252326525,0.2716431101232679,0.172739923889171,0.017337967695767734,0.04670988847191352,0.02094828552773033,0.07633243416149478,0.02630770143977417,0.021181762420772847,0.01794870103745523,0.00277737805198075,24,10.875,0.6531140145494357,70.0,14332.0,23.0,23.0,24.0,0.0,0.0,35.0,311.08000000000004,23322.25,1014.0108695652174,23,6.65,23322.34,24287.46,405,812.3788944136329,0.0,0.0,0.0,0.0,0.0,0.0,2063.39,0.0,-143.52570521498592
461,451,19695.22,43.67011086474501,26.9,1.522844206221519,0.30154727898444394,0.19360839838295787,0.0841518906617951,0.07871960810795715,0.08190769130784017,0.10728745350394664,0.040461086497129754,0.051591706007853684,0.04212088009171769,0.01860400645435796,0.0037678252974987503,24,18.791666666666668,0.3943642162920749,0.0,0.0,0.0,0.0,0.0,0.0,0.0,0.0,0.0,26727.120000000003,1162.048695652174,23,8145.5,26727.1,19695.23,474,2763.0448677448717,0.0,0.0,0.0,0.0,0.0,0.0,0.0,0.0,246.15911766252884
462,451,17913.22,39.71889135254989,26.44,1.1282113668046914,0.1972291972074256,0.20340508294991075,0.10426098713687434,0.10851203747846563,0.08913528667654393,0.08697487107287245,0.05305243836674814,0.03145777252777558,0.05749664214474004,0.06847568443864364,0.001768705891713851,24,18.791666666666668,0.36909109584988065,48.0,3936.0,24.0,24.0,0.0,0.0,0.0,0.0,0.0,52951.439999999995,2302.2365217391302,23,1453.02,52951.38,53704.67,545,9754.467292336507,0.0,0.0,0.0,0.0,0.0,31855.42,0.0,0.0,1507.8675593260227
463,35,609.08,17.402285714285714,11.32,0.9570539528247042,0.24303868128981412,0.3711663492480462,0.20186182439088457,0.009998686543639586,0.0,0.03518421225454784,0.08072831155184869,0.0,0.0,0.05802193472121889,0.029224073865998013,15,2.3333333333333335,0.4964372496223813,23.0,10120.0,0.0,0.0,23.0,0.0,0.0,22.0,1064.8,11305.42,491.54,23,3.14,11305.48,11793.88,103,250.47816292526912,0.0,0.0,0.0,0.0,0.0,0.0,0.0,0.0,-488.1571755173833
464,466,16810.45,36.073927038626614,28.135,0.9381366246758411,0.31723600498499444,0.19169207249062337,0.1453542290658489,0.061733029157458603,0.07689145739703576,0.046477042553887606,0.07128244633546395,0.03889782843409902,0.03333521708223158,0.017100672498356676,0.0018796483650570517,24,19.416666666666668,0.3255028865973249,72.0,14496.0,24.0,24.0,24.0,0.0,0.0,0.0,0.0,52273.200000000004,2272.7478260869566,23,23144.77,52273.15,31306.42,561,6794.100615696664,0.0,0.0,0.0,0.0,0.0,0.0,0.0,0.0,1171.7577474842556
465,438,15797.41,36.06714611872146,25.244999999999997,1.065817513733866,0.32809428887393566,0.2122664411444661,0.12436469016123529,0.0704678804943342,0.0807391844612503,0.03150643048449081,0.045515688964203625,0.028072323247924816,0.03434297141113638,0.044630100757022825,0.004298076643366122,24,18.25,0.3499079912466664,48.0,7728.0,24.0,0.0,0.0,0.0,24.0,0.0,0.0,37731.73,1640.5100000000002,23,679.45,37731.79,38692.86,532,4664.9961213634815,0.0,0.0,0.0,0.0,0.0,0.0,15167.39,0.0,615.2226986811511
466,402,13957.07,34.719079601990046,23.335,0.9802960464551969,0.31074072136916986,0.2027574555404537,0.0946330426085131,0.05874083887234211,0.13089423496478847,0.03990665662635496,0.054196188741619834,0.04404792696461363,0.04134965289992814,0.022733281412216175,0.002837889146354078,24,16.75,0.39520902309725464,48.0,3936.0,24.0,24.0,0.0,0.0,0.0,4.0,26.840000000000003,17336.94,753.78,23,170.71,17336.88,17919.95,477,263.4617548131024,0.0,0.0,0.0,0.0,0.0,0.0,0.0,0.0,-127.12260945499531
467,399,15567.71,39.01681704260651,24.53,1.266102149919489,0.28219885904863334,0.16512704822995805,0.09613488432145768,0.09589528581917314,0.07515106589215756,0.06845579728810468,0.07035973820170084,0.05332640446154251,0.056906250180662414,0.03644466655660981,0.001640114566528017,24,16.625,0.4288003823298353,47.0,3896.0,24.0,23.0,0.0,0.0,0.0,6.0,35.64,18734.16,814.528695652174,23,15.34,18734.18,19499.43,475,361.6518399885265,0.0,0.0,0.0,0.0,0.0,0.0,0.0,0.0,-298.2489763164257
468,422,14849.88,35.189289099526064,24.6,1.194433912211196,0.2472807861073625,0.221609871594922,0.07597435130788936,0.1103079620845421,0.059225394413961595,0.10659480076606681,0.0545903401239606,0.04944619081096953,0.03934375227274564,0.03562655051757994,0.002099063807403323,24,17.583333333333332,0.32796224615956493,72.0,23256.0,0.0,24.0,24.0,24.0,0.0,0.0,0.0,46049.29,2002.143043478261,23,9862.26,46049.34,38105.8,517,3132.0768454755607,0.0,0.0,0.0,0.0,0.0,0.0,0.0,0.0,593.232512247653
469,407,12970.98,31.86972972972973,22.67,0.9600991761977379,0.2654710746605114,0.22201098143702325,0.1191976242350231,0.040221324834361014,0.15366687790745187,0.06266295993055267,0.05357035474574782,0.010668430604318255,0.03111638442122338,0.04141398722378725,0.004124451352336633,24,16.958333333333332,0.4639209990301427,47.0,12656.0,0.0,23.0,0.0,24.0,0.0,5.0,22.0,24580.56,1068.72,23,0.3,24580.57,25648.99,482,408.8498253706339,0.0,0.0,0.0,0.0,0.0,0.0,0.0,0.0,-199.5396874152334
470,448,17259.82,38.52638392857143,25.21,1.2766080579580938,0.3092674199383307,0.21017194849077217,0.08090466760371776,0.06625619502405006,0.08384560209782024,0.08845225500613563,0.043868939537028764,0.04502016822886912,0.05411006603776864,0.01810273803550674,0.0013561627416797117,24,18.666666666666668,0.37436311618545265,24.0,2976.0,24.0,0.0,0.0,0.0,0.0,0.0,0.0,29664.71,1289.77,23,10664.87,29664.6,20235.76,495,3166.0529102797645,0.0,0.0,0.0,0.0,0.0,0.0,0.0,0.0,425.9351116856211
471,454,16655.0,36.68502202643172,25.79,1.2641847970452411,0.23706514560192135,0.21280636445511858,0.10937676373461423,0.0786664665265686,0.0878883218252777,0.06300330231161813,0.03742359651756229,0.08690183128189732,0.06576163314320024,0.021106574602221553,0.0008216147781167082,24,18.916666666666668,0.3490909636745722,72.0,8688.0,24.0,24.0,0.0,0.0,24.0,0.0,0.0,47999.77,2086.9465217391303,23,24656.89,47999.88,25342.98,549,7096.668449137395,0.0,0.0,0.0,0.0,0.0,0.0,0.0,0.0,1379.2749056215102
472,143,5254.79,36.746783216783214,24.69,1.194978381100449,0.20332877241526306,0.21541298510501852,0.04476487166946729,0.11062478234144467,0.16137276656155625,0.02660620119928675,0.06785618454781257,0.05744473137841856,0.0977926805828587,0.014796024198873792,0.004200485865512915,23,6.217391304347826,0.8157338352246237,69.0,8326.0,23.0,23.0,0.0,0.0,23.0,62.0,839.96,17448.96,758.6504347826086,23,0.67,17448.98,18175.34,314,1191.2594777123218,0.0,0.0,0.0,0.0,0.0,3754.58,0.0,0.0,-416.26937202147553
473,466,16703.59,35.84461373390558,25.945,1.141799682480085,0.3024116372588168,0.21671868143315298,0.09659420519780479,0.0921574344197864,0.07409904098460271,0.04608350659947951,0.06610435241765393,0.039499891939397465,0.04558720610359809,0.0207440436457073,0.002228694234773121,24,19.416666666666668,0.3222762292417379,24.0,2976.0,24.0,0.0,0.0,0.0,0.0,0.0,0.0,26809.92,1165.6486956521737,23,90.74,26809.96,27836.3,534,2724.502833807402,0.0,0.0,0.0,0.0,0.0,8156.64,0.0,0.0,393.13163419866225
474,434,14960.01,34.470069124423965,26.045,0.9878463755190888,0.2590185434368025,0.2190018589559766,0.09844111066770676,0.0656557047755984,0.09751998828877788,0.06271586716853798,0.07608551063802764,0.02302872792197331,0.04775598412033146,0.050776704026267355,0.002385945418436619,24,18.083333333333332,0.3230519230936343,72.0,15672.0,24.0,24.0,0.0,24.0,0.0,0.0,0.0,37270.310000000005,1620.4482608695655,23,328.79,37270.23,38494.37,551,2380.466758106979,0.0,0.0,0.0,0.0,0.0,7862.35,0.0,0.0,545.2862889302428
475,458,16558.72,36.15441048034935,25.09,0.9263697827157399,0.2768094393769566,0.23001657132918485,0.13045694353186718,0.06527134947628802,0.08399441502724847,0.0509266416727863,0.04959622482897228,0.0417230317319213,0.03992096007420863,0.03128442295056622,0.0010766016820791258,24,19.083333333333332,0.29698793143431373,48.0,5712.0,0.0,24.0,0.0,0.0,24.0,0.0,0.0,31909.44,1387.366956521739,23,498.97,31909.48,32740.07,551,3265.4145737181943,0.0,0.0,0.0,0.0,0.0,10469.28,0.0,0.0,635.8615895945994
476,445,15332.57,34.45521348314607,25.38,1.0100038638852846,0.28740778617022456,0.22204431481480275,0.11117183877197365,0.10185311399197917,0.04743497013220875,0.06543586626377704,0.0666117943697632,0.010420301358480674,0.05331461066213949,0.03430540346465074,0.0008523968708192831,24,18.541666666666668,0.4005095036252892,72.0,15672.0,24.0,24.0,0.0,24.0,0.0,0.0,0.0,37311.85,1622.2543478260868,23,7861.96,37311.95,31004.65,540,2560.0636553029094,0.0,0.0,0.0,0.0,0.0,0.0,0.0,0.0,8.014457829948924
477,441,15530.95,35.217573696145124,25.44,0.9563517147170182,0.25022744906139033,0.19721588183594693,0.15642121055054584,0.033666968215080216,0.08815622997949257,0.07491943506353443,0.0591470579713411,0.04397477295336087,0.041036124641441775,0.055234869727865975,0.003328763588567263,24,18.375,0.35657316519594745,96.0,19248.0,24.0,24.0,24.0,0.0,24.0,0.0,0.0,96281.68,4186.16,23,2702.66,96281.72,97765.22,583,18761.80003683003,0.0,0.0,0.0,0.0,0.0,0.0,62986.31,0.0,2901.63182756244
478,432,15525.55,35.938773148148144,26.045,0.978529572419979,0.2894705823626216,0.19578630064635394,0.12763476978271301,0.07297003970873818,0.07326310501077257,0.05747364827655059,0.05398069633603963,0.044284421485873283,0.05431691630892303,0.030819520081414187,0.0020650920559107666,24,18.0,0.3258351555983524,72.0,15672.0,24.0,24.0,0.0,24.0,0.0,0.0,0.0,113718.96,4944.302608695652,23,3816.39,113718.98,114640.88,550,25337.3156411395,0.0,0.0,0.0,0.0,0.0,83443.42,0.0,0.0,3515.6908146021387
479,329,11102.26,33.74547112462006,23.96,0.9109701966113969,0.28049244027792536,0.22708889901695686,0.10909670643634718,0.06816359912306141,0.055032038521886525,0.08954573213021491,0.03720593825041027,0.018580901546171678,0.07168450387578744,0.04310924082123819,0.005779213412197115,24,13.708333333333334,0.5289751816296862,48.0,13536.0,24.0,0.0,24.0,0.0,0.0,0.0,0.0,80282.88,3490.5600000000004,23,5.17,81257.9,81252.73,431,15610.819246790355,0.0,0.0,0.0,8.0,975.1,56614.51,0.0,13088.79803413141,-18.28
480,245,7953.16,32.46187755102041,21.98,1.0721405346991455,0.36357372415492706,0.1966363055691071,0.1341454214425461,0.03898701899622288,0.0993554763138174,0.06890468694204567,0.04895915585754593,0.00716193311840828,0.014498639534474346,0.02777763807090515,0.00502461723728953,24,10.208333333333334,0.6768982391904601,46.0,12167.0,0.0,23.0,0.0,23.0,0.0,36.0,1146.2,22182.81,964.47,23,4.44,22182.86,23142.89,367,611.9221705591833,0.0,0.0,0.0,0.0,0.0,0.0,1876.5,0.0,-403.3278256445916
481,275,8845.039999999999,32.16378181818182,21.26,1.123552059074892,0.2634945687074337,0.20958299792878265,0.08848801136003906,0.12718540560585367,0.04991837233070738,0.06390135036133245,0.07549994120998886,0.06455369336939121,0.0418743160008321,0.015501343125638776,0.0033710913165024836,24,11.458333333333334,0.6626086484628674,47.0,13412.0,23.0,0.0,24.0,0.0,0.0,18.0,245.52,25645.43,1115.0186956521738,23,10.04,25645.38,26703.9,383,1492.0167799767526,0.0,0.0,0.0,0.0,0.0,4201.37,0.0,0.0,-110.522653791018
482,452,16018.11,35.43829646017699,26.175,1.0476095559399705,0.2789149281656824,0.25728503550044296,0.12768610029522834,0.03182335494012714,0.11226605386028689,0.04630633701479138,0.042446955352410484,0.04774033890390315,0.04216852050585244,0.01336237546127477,0.001874662738443833,24,18.833333333333332,0.34430029510347976,48.0,3936.0,24.0,24.0,0.0,0.0,0.0,0.0,0.0,42603.61,1852.3308695652174,23,24424.65,42603.66,19954.16,523,6972.255699030964,0.0,0.0,0.0,0.0,0.0,0.0,0.0,0.0,1272.322660534973
483,432,16941.46,39.21634259259259,26.27,1.0611505799656609,0.21517685016521598,0.2341752127620642,0.14544201031079967,0.10713539447013422,0.08056035312186789,0.049940205861832454,0.03725416817676871,0.026679518766387314,0.07234795584323903,0.031288330521690576,0.005575790285499704,24,18.0,0.3248793197280518,24.0,2976.0,24.0,0.0,0.0,0.0,0.0,0.0,0.0,45005.02,1956.7399999999998,23,1206.27,45005.04,45755.51,502,7913.053386302109,0.0,0.0,0.0,0.0,0.0,0.0,25838.02,0.0,1353.5908825450413
484,342,11768.76,34.41157894736842,23.59,0.9530712275103136,0.2419736658747396,0.2621287204429354,0.1086554573294043,0.13052607071603128,0.055202927071331225,0.07163031619303989,0.05513664991044087,0.035060618110998955,0.014674443186877804,0.025011131164200822,0.003014121208466447,24,14.25,0.5102347231144148,48.0,12696.0,0.0,24.0,0.0,24.0,0.0,0.0,0.0,52321.21000000001,2274.8352173913045,23,0.0,53352.8,53352.8,454,8253.285026940668,3.0,297.87,0.0,15.0,1031.47,28590.16,0.0,6182.488545167209,-13.74
485,424,16230.05,38.27841981132075,24.15,1.5370929015759156,0.22833571061087307,0.16414983317981155,0.12373098049605519,0.1298498772338964,0.07067507493815485,0.06492524668747171,0.04946811624116994,0.09234229099725509,0.04637940117251642,0.03014346844279593,0.0008008857389721902,24,17.666666666666668,0.3942378489283767,24.0,10560.0,0.0,0.0,24.0,0.0,0.0,0.0,0.0,69639.83,3027.818695652174,23,2054.18,69639.73,70487.21,494,13423.593828048824,0.0,0.0,0.0,0.0,0.0,0.0,43697.23,0.0,1950.3952975407935
486,426,14446.72,33.9124882629108,24.104999999999997,1.0744966350096865,0.2778589188410933,0.1991773911309972,0.11808009015195145,0.05216132104726885,0.09885496500243654,0.0758898905772383,0.04088748172595579,0.04249822797147034,0.0459626821866832,0.04862903136490497,0.0034142175301804523,24,17.75,0.39593554799982283,48.0,3936.0,24.0,24.0,0.0,0.0,0.0,0.0,0.0,19034.88,827.6034782608696,23,1445.2,19034.83,18382.75,497,392.0854988150791,0.0,0.0,0.0,0.0,0.0,0.0,0.0,0.0,358.16806472116906
487,448,17507.63,39.07953125,25.36,1.35138576127944,0.25169654602022085,0.22330092651032718,0.08365324147243229,0.11309926015114552,0.05243599504901577,0.08583628966342102,0.044598269440238335,0.061416079732093946,0.051139417499684425,0.03282397446142053,0.004678619169107945,24,18.666666666666668,0.33356085318229817,48.0,3936.0,24.0,24.0,0.0,0.0,0.0,0.0,0.0,42719.28,1857.36,23,12016.08,42719.29,32483.18,532,3520.648276958535,13.0,11039.52,0.0,0.0,0.0,0.0,0.0,0.0,223.7103342423327
488,451,16115.29,35.73235033259424,25.26,0.9744149439367884,0.24156623926718043,0.20680732397617418,0.14326890797497285,0.10572195722199229,0.07256524704178455,0.054924857076726515,0.058142298401083696,0.04550088766630945,0.04371500605946279,0.027787275314313305,0.0015212853075957655,24,18.791666666666668,0.38186157369802215,24.0,2976.0,24.0,0.0,0.0,0.0,0.0,0.0,0.0,41295.61,1795.4613043478262,23,1117.7,41295.68,41898.64,521,6978.200983611415,0.0,0.0,0.0,0.0,0.0,22807.28,0.0,0.0,1068.2233891332785
489,323,11310.19,35.01606811145511,23.6,1.138160523013172,0.21340932380446304,0.19826811043846299,0.11852939694204959,0.07408805687614443,0.11286547794510966,0.090792462372427,0.04991251252189397,0.051248475931880894,0.05627403253172582,0.03461215063584255,0.00333796601235703,24,13.458333333333334,0.5118251771190404,93.0,18886.0,23.0,23.0,24.0,0.0,23.0,36.0,585.86,31465.609999999997,1368.07,23,1.21,31465.56,32832.42,491,779.6156964526721,0.0,0.0,0.0,0.0,0.0,0.0,2050.43,0.0,-269.0322157336634
490,444,16847.19,37.94412162162162,25.595,1.4829765290617942,0.31616785944718373,0.1929194126735675,0.11145953716910652,0.027560679258677556,0.11618139286136143,0.059447302487833274,0.049211767659769964,0.05216240809298167,0.04505380422491821,0.029835836124600005,0.0038409947267955546,24,18.5,0.35591336003214785,48.0,3936.0,24.0,24.0,0.0,0.0,0.0,0.0,0.0,35868.72,1559.5095652173914,23,16580.0,35868.7,20783.23,515,4857.796690545168,0.0,0.0,0.0,0.0,0.0,0.0,0.0,0.0,820.4390549523625
491,162,5183.4,31.996296296296293,22.299999999999997,0.9631029316306081,0.32759385731373225,0.2119072423505807,0.07013929081297988,0.09521935409190878,0.07807423698730562,0.05708801172975267,0.06968592043832232,0.03226260755488675,0.04211714318786896,0.01591233553266196,0.0013140392947286195,24,6.75,0.8400721534128179,69.0,15019.0,23.0,23.0,0.0,23.0,0.0,62.0,1365.1,22086.67,960.29,23,7.52,22086.64,23039.41,335,552.6789866594755,0.0,0.0,0.0,0.0,0.0,1471.95,0.0,0.0,-654.721219879997
492,120,2798.1,23.3175,18.939999999999998,0.9075738912882154,0.3001072156105929,0.3063292948786676,0.1757764197133769,0.026878953575640612,0.09027197026553732,0.021257281726886096,0.020492477037990064,0.0,0.01026410778742718,0.048622279403881204,0.005827925701168968,23,5.217391304347826,0.5835102390908117,69.0,18653.0,23.0,0.0,0.0,23.0,23.0,63.0,1889.69,22412.65,974.4630434782609,23,5.83,22412.74,23340.78,275,499.2277198473153,0.0,0.0,0.0,0.0,0.0,0.0,0.0,0.0,-924.3357252921148
493,300,10318.06,34.39353333333333,25.16,0.9628716978265526,0.27429671856918847,0.18997175825688165,0.07542696979858618,0.11306001321953935,0.10805131972483203,0.08028737960430547,0.05140404300808486,0.009913685324566828,0.06857102982537416,0.0290170826686412,0.0019289095203474105,24,12.5,0.6018815552536039,24.0,960.0,0.0,24.0,0.0,0.0,0.0,0.0,0.0,25912.56,1126.633043478261,23,2.92,26383.12,26380.2,386,4196.659839606609,2.0,171.02,0.0,14.0,470.61,0.0,14931.1,4941.050835126298,-6.28
494,439,17057.56,38.855489749430525,25.24,1.439853017190706,0.241927919350716,0.19999812399897757,0.10794803008167639,0.09892270641287498,0.07471877572173276,0.09257068420102288,0.054934586189349474,0.04134882128510759,0.050775726422770895,0.03685462633577135,0.003684737860780607,24,18.291666666666668,0.3943031711452283,24.0,960.0,0.0,24.0,0.0,0.0,0.0,0.0,0.0,43475.99,1890.2604347826086,23,27269.9,43475.89,18017.49,486,8300.805825068406,0.0,0.0,0.0,0.0,0.0,0.0,0.0,0.0,1098.2854997622826
495,288,9011.94,31.291458333333335,24.57,0.8823738766953705,0.25710446363380135,0.26727430497761856,0.1138267675994292,0.060821532322674135,0.07818960179495202,0.07723420262451813,0.043537795413640126,0.04392949797712812,0.030487331251650585,0.02759450240458769,0.0017284834913084968,24,12.0,0.5638963419641054,47.0,13412.0,23.0,0.0,24.0,0.0,0.0,13.0,177.32,25157.77,1093.8160869565218,23,0.25,25157.83,26205.82,391,1346.0314824358866,0.0,0.0,0.0,0.0,0.0,0.0,3604.52,0.0,1.542908148991046
496,448,18158.41,40.532165178571425,25.995,2.3571321514807635,0.2750406010217855,0.17490187742208707,0.09699142160574632,0.07082943936170623,0.0727541673527583,0.06032907066202382,0.03671687113574371,0.1415702145727517,0.03851658818145421,0.03234974868394314,0.001449086117831233,24,18.666666666666668,0.340711549083868,48.0,3936.0,24.0,24.0,0.0,0.0,0.0,0.0,0.0,130537.18999999999,5675.53,23,2981.16,130537.1,133231.47,542,32586.185943880155,0.0,0.0,0.0,0.0,0.0,0.0,111137.07,0.0,5083.396240197523
497,355,12253.26,34.51622535211268,23.74,1.0172880088277518,0.34305482785805574,0.18994210520302351,0.12282527262132689,0.053645315613967216,0.042282625195254164,0.07375506599876278,0.04647334668488223,0.014899708322519883,0.076000998917839,0.03712073358436857,0.005378250588508049,24,14.791666666666666,0.5174500500275029,46.0,7406.0,23.0,0.0,0.0,0.0,23.0,23.0,460.24,19322.16,840.0939130434782,23,7.82,19322.22,20119.49,447,309.3067234995197,0.0,0.0,0.0,0.0,0.0,0.0,0.0,0.0,-439.3276072599631
498,330,11328.11,34.327606060606065,23.03,1.2231293064772426,0.2593459985822878,0.21612961032334607,0.11374536440765494,0.12194973389206143,0.0849038365623215,0.05560062534703494,0.046241606057850784,0.014071191045990902,0.055117755742131735,0.03289427803931989,0.003855360316604828,24,13.75,0.5723787992877893,70.0,13932.0,23.0,24.0,23.0,0.0,0.0,31.0,467.28000000000003,24701.76,1073.9895652173911,23,3.52,24701.73,25727.44,454,441.7420330114067,0.0,0.0,0.0,0.0,0.0,0.0,0.0,0.0,-690.741424525607
499,448,16448.4,36.715178571428574,25.785,1.0210192216794403,0.2582901680406605,0.2203533474380487,0.09878590014834271,0.06811300795214124,0.08641570000729556,0.0911109895187374,0.0598678290897595,0.035559689696262255,0.0671366211911189,0.014366746917633328,0.0021424159271068444,24,18.666666666666668,0.3682729019235913,24.0,960.0,0.0,24.0,0.0,0.0,0.0,0.0,0.0,103243.68999999999,4488.856086956521,23,3353.16,103243.79,104192.46,518,27120.857877636263,0.0,0.0,0.0,0.0,0.0,86784.08,0.0,0.0,3326.314734070968
500,424,15709.6,37.050943396226415,24.845,1.5463452358559038,0.24004812344044407,0.20757116667515407,0.0768644650404848,0.16337207821968736,0.062274660080460356,0.05904860722106228,0.05693588633701686,0.06269924122829354,0.034797830625859345,0.036387941131537406,0.00388696872253691,24,17.666666666666668,0.3607106482660284,0.0,0.0,0.0,0.0,0.0,0.0,0.0,0.0,0.0,23660.65,1028.7239130434784,23,295.83,23660.75,24350.78,469,2718.742689810766,0.0,0.0,0.0,0.0,0.0,8641.09,0.0,0.0,454.1946204621678
501,472,18360.25,38.89883474576271,27.134999999999998,1.0354556113447644,0.2457896815130513,0.23117985866205523,0.1114854100570526,0.11539439822442506,0.12349123786440816,0.05484293514521862,0.05296169714464672,0.0166953064364592,0.01770182867880339,0.030457646273879715,0.0035529428884540915,24,19.666666666666668,0.3427562260862461,72.0,14496.0,24.0,24.0,24.0,0.0,0.0,0.0,0.0,119402.2,5191.4,23,3695.75,119402.13,120897.78,590,26797.324228705453,0.0,0.0,0.0,0.0,0.0,88041.55,0.0,0.0,3741.896877550433
502,446,17587.23,39.43325112107623,26.845,1.0915520407303845,0.2679688614978027,0.19468955600171262,0.12693869358619864,0.04387558472823748,0.07918358945666827,0.0703078313071473,0.04707335947730257,0.03501062987178766,0.06552993279783116,0.0694219612753117,0.002732162386075654,24,18.583333333333332,0.3765880130071649,48.0,3936.0,24.0,24.0,0.0,0.0,0.0,0.0,0.0,21309.37,926.4943478260869,23,674.16,21309.46,21523.2,517,500.2963429095216,0.0,0.0,0.0,0.0,0.0,0.0,0.0,0.0,-32.9758707694707
503,395,12799.0,32.40253164556962,22.54,1.0023141929858495,0.2690866473943277,0.2017141964215954,0.11342370497695133,0.031489960153136966,0.091479021798578,0.0400656301273537,0.07488241268849129,0.0699562465817642,0.054020626611454015,0.05388155324634737,0.005706191275062,24,16.458333333333332,0.38367997499804674,48.0,3936.0,24.0,24.0,0.0,0.0,0.0,6.0,26.400000000000002,16199.59,704.33,23,142.42,16199.51,16761.42,472,258.16436529972594,0.0,0.0,0.0,0.0,0.0,0.0,0.0,0.0,-137.2032657992636
504,453,15598.08,34.4328476821192,24.84,0.9566208314319182,0.3227442095437387,0.1938148797800755,0.09917823219268014,0.05402203348104383,0.08922508411291648,0.06282504000492369,0.04540045954373872,0.03187571803709175,0.04955802252584934,0.0513563207779419,0.002158423077367022,24,18.875,0.3390289061217791,24.0,960.0,0.0,24.0,0.0,0.0,0.0,0.0,0.0,18835.449999999997,818.932608695652,23,3062.34,18835.53,16558.0,500,1071.9281646594704,0.0,0.0,0.0,0.0,0.0,0.0,0.0,0.0,27.153618581204455
505,306,10422.99,34.06205882352941,23.195,1.1411204100417223,0.33530877416173294,0.2100193898295979,0.10194003831913877,0.12009989456000632,0.03754296991554248,0.06672557490700846,0.05153607554070378,0.009701630722086466,0.042871575238966945,0.024254076805216167,0.002128885699978711,24,12.75,0.6091716484425295,24.0,2976.0,24.0,0.0,0.0,0.0,0.0,0.0,0.0,23783.379999999997,1034.06,23,4.43,24328.39,24323.96,385,3207.274095419684,1.0,86.2,0.0,8.0,544.96,10838.78,0.0,5149.403535506529,-124.0
506,447,15690.54,35.101879194630875,24.09,1.0060773610750824,0.2678613992889984,0.22271445087294636,0.11278706787656767,0.04414634550499855,0.09767159065271176,0.08777199510023238,0.04095525074344159,0.029456602513361557,0.061510311308597417,0.03512498613814439,0.0030819148618840275,24,18.625,0.29624984226164297,48.0,3936.0,24.0,24.0,0.0,0.0,0.0,0.0,0.0,65422.35,2844.45,23,48640.21,65422.3,19626.53,518,13902.882511766482,0.0,0.0,0.0,0.0,0.0,0.0,0.0,0.0,2269.047856221994
507,433,17896.85,41.33221709006928,27.32,1.5787140263717376,0.2677001818755815,0.16991202362426908,0.0939388775119644,0.12593277587955423,0.07556804689093333,0.06739118895224579,0.06515783503800948,0.06378776153345421,0.038804035347002414,0.031807273346985646,0.00516077134247217,24,18.041666666666668,0.389552351391446,48.0,3936.0,24.0,24.0,0.0,0.0,0.0,0.0,0.0,33054.96,1437.1721739130435,23,12599.51,33054.97,21832.75,504,3799.1340921814735,0.0,0.0,0.0,0.0,0.0,0.0,0.0,0.0,784.4105308013575
508,447,16602.42,37.14187919463087,24.33,1.5166411456083213,0.26081258033467414,0.20247650643701343,0.10848177554838392,0.1245673823454653,0.051005817224235986,0.048434505331150526,0.0623818696310538,0.04521208353962856,0.053528341049075986,0.04309913855931846,0.00168851102005807,24,18.625,0.3529563762391266,24.0,10560.0,0.0,0.0,24.0,0.0,0.0,0.0,0.0,84357.6,3667.7217391304353,23,2392.37,84357.64,85480.17,517,17248.67217320076,0.0,0.0,0.0,0.0,0.0,58317.73,0.0,0.0,2619.691736272038
509,456,18104.57,39.70300438596491,26.53,1.251585097579093,0.26697734328956724,0.18647225534768294,0.09405360083117136,0.13103487130597413,0.07701536131485033,0.06778951391830902,0.040366051223530854,0.05564561875813676,0.05863878567676559,0.0220065983340118,0.0032888974650915337,24,19.0,0.3683390436779222,24.0,2976.0,24.0,0.0,0.0,0.0,0.0,0.0,0.0,126378.70999999999,5494.7265217391305,23,4775.73,126378.66,126868.7,526,31571.78349198384,0.0,0.0,0.0,0.0,0.0,0.0,105788.09,0.0,4508.4373700729675
510,132,3404.88,25.794545454545457,17.93,0.9067733855724508,0.2014167900190315,0.2580237776368037,0.16017598270717326,0.10582164422828412,0.09088719719931393,0.027299053123751794,0.06607281313878904,0.0066052254411315525,0.054874180587862136,0.028823335917859075,0.006094177673681589,24,5.5,0.7585494936679119,84.0,22785.0,19.0,23.0,21.0,21.0,0.0,79.0,2337.72,27389.280000000002,1190.8382608695654,23,2.92,27389.28,28527.58,318,460.3999903374157,0.0,0.0,0.0,0.0,0.0,0.0,0.0,0.0,-2255.400013368816
511,449,17585.83,39.166659242761696,25.87,1.0941458029508104,0.3041841073182215,0.18938031358201457,0.11078578605615998,0.03851111946379556,0.07861329263389899,0.06176961792534102,0.06214662600514164,0.08954709558775445,0.03928390073144116,0.025778140696230994,0.005936930655265127,24,18.708333333333332,0.3214787132594822,48.0,14712.0,24.0,0.0,0.0,24.0,0.0,0.0,0.0,40160.88,1746.1252173913042,23,167.31,40160.86,41666.92,542,2739.95123122699,0.0,0.0,0.0,0.0,0.0,0.0,9369.05,0.0,599.7489684383079
512,448,17324.53,38.67082589285714,24.68,1.4473211916065303,0.279779018536145,0.19777563951229846,0.08652759988294055,0.050744810970340906,0.10429258398351933,0.04473598995181976,0.03588553340263777,0.11786293769585668,0.03946773736430368,0.042928148700137905,0.0028730741861996423,24,18.666666666666668,0.3935177462245729,48.0,3936.0,24.0,24.0,0.0,0.0,0.0,0.0,0.0,109555.67,4763.29,23,3974.15,109555.56,110344.7,555,22970.804737003276,13.0,11541.11,0.0,0.0,0.0,0.0,77543.05,0.0,3331.845410051946
513,159,4256.26,26.768930817610066,20.46,0.8690995931988809,0.2693162541762017,0.26190834206556934,0.0894094815636263,0.035883616132473116,0.0406977017381457,0.06495373872836717,0.09780652497732752,0.021819625680761987,0.08171728230888152,0.03648743262864581,0.0032421215367612888,24,6.625,0.7893455756932142,23.0,2852.0,23.0,0.0,0.0,0.0,0.0,22.0,300.08000000000004,7612.540000000001,330.98,23,-184.72,7612.61,8128.31,251,114.28039303361327,0.0,0.0,24.0,0.0,0.0,0.0,0.0,2587.9551930846815,-409.31712343668863
514,94,1766.75,18.795212765957448,15.94,0.6446396697014523,0.4581236734116315,0.25835573793688976,0.09201075420970709,0.008269421253714448,0.0348549596717136,0.05719541531059856,0.057161454648365646,0.0,0.023415876609593884,0.010612706947785482,0.0023361170902318484,21,4.476190476190476,0.6639083062119712,66.0,12888.0,22.0,23.0,21.0,0.0,0.0,62.0,1346.84,15365.04,668.0452173913044,23,3.65,15365.04,16001.6,245,293.98010941249754,0.0,0.0,0.0,0.0,0.0,0.0,0.0,0.0,-1274.690038924918
515,433,15346.44,35.442124711316396,24.67,0.9787729695089682,0.26260227127594415,0.19662605790007326,0.08660835998446545,0.05266498288853963,0.07130839465048572,0.1077917745092673,0.054397632284751384,0.02634617539963666,0.09380612050742713,0.047848230599409375,0.0035839610015890866,24,18.041666666666668,0.3787823104250888,48.0,3936.0,24.0,24.0,0.0,0.0,0.0,0.0,0.0,36771.600000000006,1598.7652173913045,23,19021.23,36771.56,19282.48,504,5507.053757865091,0.0,0.0,0.0,0.0,0.0,0.0,0.0,0.0,810.1682017803145
516,421,16615.35,39.466389548693584,27.58,1.2898370244662642,0.3011287754997638,0.19684087304811515,0.1052213766186087,0.037789152801475746,0.08515198295552005,0.06530828420707357,0.06443439349757904,0.05545715257277157,0.04564754880276371,0.0430204599963287,0.005790979129681628,24,17.541666666666668,0.3692663711567918,0.0,0.0,0.0,0.0,0.0,0.0,0.0,0.0,0.0,55365.35,2407.1891304347823,23,1947.85,55365.27,55724.3,467,11820.765096574605,0.0,0.0,0.0,0.0,0.0,0.0,39109.04,0.0,1800.9461052787915
517,422,14973.02,35.481090047393366,24.295,1.2093618617300963,0.2929141883200584,0.22181630693073273,0.08908089350044279,0.12266730425792526,0.06036724722200331,0.029579870994629005,0.06562069642597151,0.05171368234330816,0.03578636774678722,0.030453442258141644,0.004461192163781047,24,17.583333333333332,0.44200902690305627,70.0,14332.0,23.0,23.0,24.0,0.0,0.0,2.0,8.8,28148.629999999997,1223.8534782608695,23,7.64,28148.56,29313.78,517,596.0818062908082,0.0,0.0,0.0,0.0,0.0,0.0,0.0,0.0,-157.8331332449643
518,424,15430.29,36.39219339622642,26.585,0.9972256887895253,0.2981499375578813,0.2489544914580348,0.09096458977763866,0.051424179325210345,0.08532568085240133,0.05895028544505644,0.04842358763185915,0.02782254902532616,0.05905008914284825,0.03093460978374353,0.006702220093837585,24,17.666666666666668,0.33977067184090515,48.0,11520.0,0.0,24.0,24.0,0.0,0.0,0.0,0.0,27583.21,1199.27,23,1832.12,27583.16,26950.31,495,687.6184547644463,0.0,0.0,0.0,0.0,0.0,0.0,0.0,0.0,99.64777814441709
519,438,16893.32,38.56922374429224,26.4,1.0900896553902795,0.2838169169825706,0.1871947018111301,0.12224654478811744,0.08257524275867621,0.06837140360805335,0.11857823092204493,0.0315201511603403,0.05507147203746807,0.02713557784970627,0.023489758081892725,0.0035869943079314126,24,18.25,0.3581610956283312,48.0,3936.0,24.0,24.0,0.0,0.0,0.0,0.0,0.0,37693.2,1638.8347826086956,23,18434.33,37693.2,20829.43,509,5205.548578850198,0.0,0.0,0.0,0.0,0.0,0.0,0.0,0.0,1039.090145706717
520,85,2320.47,27.299647058823528,18.78,0.9649124776396656,0.3407025300908868,0.20816041577783811,0.11100337431641004,0.10234564549423177,0.06283209866966606,0.023124625614638416,0.1369420850086405,0.004218972880494038,0.01067025214719432,0.0,0.010024573942973514,22,3.8636363636363638,0.6873219649467565,115.0,29693.0,23.0,23.0,23.0,23.0,23.0,107.0,2937.77,34999.93,1521.7360869565218,23,0.24,35000.03,36458.13,345,823.9338052602544,0.0,0.0,0.0,0.0,0.0,0.0,1506.89,0.0,-1388.9452493424371
521,448,16147.62,36.043794642857144,26.035,0.9585639176278915,0.2872342797266718,0.27335855067186376,0.10080618691794828,0.04647186396509207,0.0914531057827717,0.050723883767391106,0.04353087328039674,0.04612134791381021,0.040324828055156116,0.019975079918898266,0.0030092225379664272,24,18.666666666666668,0.33751413521001855,24.0,2976.0,24.0,0.0,0.0,0.0,0.0,0.0,0.0,37287.12,1621.1791304347828,23,895.05,37287.14,37945.72,518,5686.797298908898,0.0,0.0,0.0,0.0,0.0,18822.07,0.0,0.0,937.3207991775759
522,450,17561.86,39.026355555555554,26.58,1.058576715397965,0.25834108687804136,0.18520874212640348,0.1313682035957467,0.11032487447229393,0.0793497955227977,0.052328739666527346,0.04232979877985589,0.022531781941092798,0.06959684224791679,0.048620134769323975,0.00299004002515324,24,18.75,0.3705911560620572,0.0,0.0,0.0,0.0,0.0,0.0,0.0,0.0,0.0,92046.69,4002.03,23,3138.34,92046.71,92910.4,509,19110.173964344096,13.0,10799.57,0.0,0.0,0.0,0.0,64549.04,0.0,2476.3108956879278
523,424,15467.51,36.47997641509434,24.795,1.1030019926179802,0.2813116008976234,0.19511608526517843,0.15001638919257204,0.09406943974822063,0.09854268721985633,0.04250328591997031,0.04682395550415031,0.017796012415702334,0.04266103593920418,0.031159507897521966,0.0028930818001616787,24,17.666666666666668,0.3773839486769363,48.0,5712.0,0.0,24.0,0.0,0.0,24.0,0.0,0.0,58896.0,2560.695652173913,23,1778.03,58895.99,59571.96,518,11343.9301449281,0.0,0.0,0.0,0.0,0.0,0.0,38392.44,0.0,1885.8695704773713
524,274,8062.42,29.424890510948906,22.335,0.9252148403186539,0.25052651685226024,0.26611488858184024,0.12231439195675739,0.07349654322151414,0.0834327658444983,0.04664232327266502,0.02936587277765237,0.021157419236407925,0.07677347496161202,0.030175803294792383,0.0045903090333571095,24,11.416666666666666,0.6217649291403822,93.0,25579.0,23.0,23.0,24.0,23.0,0.0,42.0,866.6899999999999,34260.799999999996,1489.6,23,0.85,34260.84,35749.59,445,576.1655517427397,0.0,0.0,0.0,0.0,0.0,1241.49,0.0,0.0,-113.00827532638982
525,444,15948.0,35.91891891891892,26.86,1.0252026974310737,0.27569287684976174,0.21092174567343872,0.11690368698269377,0.0610615751191372,0.10534361675445197,0.08839478304489592,0.030592550790067723,0.028480060195635818,0.05911775771256585,0.023491346877351393,0.0014738342768882973,24,18.5,0.35620516679207426,48.0,3936.0,24.0,24.0,0.0,0.0,0.0,0.0,0.0,44279.51,1925.1960869565219,23,1218.7,44279.45,44905.73,538,7893.309619289748,0.0,0.0,0.0,0.0,0.0,0.0,25021.67,0.0,1336.9670930349414
526,441,17123.84,38.829569160997735,25.74,1.1305165000672646,0.24866793896696066,0.2113743179100015,0.1197838802511586,0.1262491357078786,0.08489509362386007,0.06605761324562716,0.04731590577814322,0.02770698628345044,0.04168691134698759,0.026262216885932124,0.000910972598474391,24,18.375,0.388409959448348,96.0,19248.0,24.0,24.0,24.0,0.0,24.0,0.0,0.0,123151.43,5354.41,23,3861.88,123151.4,124643.93,583,26368.421940648634,0.0,0.0,0.0,0.0,0.0,0.0,88272.08,0.0,3813.9887295428425
527,461,18985.03,41.18227765726681,25.68,1.5078642418649737,0.1917173688953876,0.2079333032394471,0.1191075284052751,0.08942256082818936,0.06538046028897505,0.11632217594599535,0.05212001245191607,0.05363699714985965,0.04140156744550839,0.06295802534944639,0.0009040252889880307,24,19.208333333333332,0.33358809546258295,48.0,3936.0,24.0,24.0,0.0,0.0,0.0,0.0,0.0,54445.83,2367.21,23,1503.45,54445.87,55309.63,555,9264.919300418118,0.0,0.0,0.0,0.0,0.0,32388.68,0.0,0.0,1665.6217595245316
528,440,17221.46,39.13968181818181,27.105,1.2384628783369738,0.2623790317429533,0.22000109166121803,0.0981269880718592,0.09388925213077173,0.08171664887878263,0.10540976200624105,0.03915812015938254,0.03759785755679251,0.03882365374364311,0.02289759404835595,0.001340651300752005,24,18.333333333333332,0.3644725824639723,24.0,4752.0,0.0,0.0,0.0,0.0,24.0,0.0,0.0,77912.64,3387.506086956522,23,2505.25,77912.61,78653.72,510,17189.591204620112,0.0,0.0,0.0,0.0,0.0,0.0,56680.27,0.0,2507.0487154530115
529,130,3259.92,25.076307692307694,21.195,0.8350821478333302,0.333526589609561,0.20119818891261138,0.14657721661881273,0.006503227073057008,0.08690397310363446,0.04000404917912096,0.07744975336818082,0.0,0.09503607450489583,0.012800927630125896,0.011030540339718953,24,5.416666666666667,0.7898077253429532,56.0,22281.0,0.0,0.0,21.0,21.0,14.0,53.0,2300.32,26734.07,1162.3508695652174,23,6.64,26733.99,27841.27,262,476.7428937235293,0.0,0.0,0.0,0.0,0.0,0.0,0.0,0.0,-2077.2036079525888
530,426,16344.33,38.36697183098592,25.59,1.085592126303842,0.30911208963597775,0.17748417952892534,0.10406483471638178,0.05615097100951829,0.0732547617430632,0.08718864584843797,0.040322852022689225,0.07898151836141343,0.05172191212487756,0.021718235008715565,0.004382104923331687,24,17.75,0.3370251334866587,48.0,5712.0,0.0,24.0,0.0,0.0,24.0,0.0,0.0,73416.95999999999,3192.0417391304345,23,2221.46,73416.97,74254.55,520,15930.799224599308,0.0,0.0,0.0,0.0,0.0,0.0,52198.22,0.0,2076.860243681624
531,422,15464.38,36.64545023696682,24.62,1.1510774734831473,0.25743741423839817,0.2163462098060187,0.11948490660472647,0.06478565581032023,0.11640686532534766,0.036610585099434954,0.08392771000195286,0.03989232028700795,0.027991422869846704,0.03711690995694622,0.003100026772965281,24,17.583333333333332,0.3760079615218974,48.0,3936.0,24.0,24.0,0.0,0.0,0.0,2.0,18.04,18736.309999999998,814.6221739130434,23,98.43,18736.25,19418.49,495,343.69019112929226,0.0,0.0,0.0,0.0,0.0,0.0,0.0,0.0,-196.9430156939975
532,447,17241.91,38.57250559284116,26.14,1.2241675414127493,0.26499790336453444,0.20019765791608934,0.09321705077917702,0.10355117269490445,0.0921232044477671,0.05436520663893966,0.05668455524938942,0.07082915987845895,0.026927991156432202,0.03710609787430743,0.0030914479413466367,24,18.625,0.35739021952904293,48.0,11520.0,0.0,24.0,24.0,0.0,0.0,0.0,0.0,41862.49,1820.1082608695651,23,9625.73,41862.59,33981.14,531,3273.745377732629,13.0,5219.22,0.0,0.0,0.0,0.0,0.0,0.0,149.14467280298595
533,350,12360.93,35.316942857142855,24.93,0.9015136341208705,0.27196578250989206,0.23377043636684294,0.11653168491367559,0.04994284410639006,0.07723771593237726,0.06035791805309148,0.05592216766861393,0.020638414747110454,0.05888391892843014,0.0547491167735761,0.002142131995391594,24,14.583333333333334,0.4608043245936997,48.0,3936.0,24.0,24.0,0.0,0.0,0.0,0.0,0.0,104032.07,4523.13347826087,23,46.98,104714.21,104667.23,460,25595.830049596836,2.0,342.78,0.0,14.0,682.24,0.0,88027.46,9624.440987236276,0.0
534,421,16801.78,39.909216152019,26.13,1.1854191393547142,0.29126497311594374,0.20593829939446895,0.08326558257517953,0.11488187561079839,0.07935587777009341,0.05450970075789589,0.05132551432050652,0.018450426085807575,0.0704913407984154,0.030516409570890708,0.006058182293107617,24,17.541666666666668,0.3460109583627449,48.0,3936.0,24.0,24.0,0.0,0.0,0.0,0.0,0.0,45044.409999999996,1958.452608695652,23,1214.23,45044.48,45707.11,515,7301.965492950766,0.0,0.0,0.0,0.0,0.0,0.0,24969.36,0.0,1542.0034793733403
535,455,16962.15,37.27945054945055,25.86,1.0426776012019245,0.26783691925846664,0.195630860474645,0.1246557777168578,0.06432910922259265,0.046882028516432174,0.06364346500885795,0.05025011569877639,0.04601480354789929,0.06023587811686608,0.08052104243860594,0.0039329608913764025,24,18.958333333333332,0.3542398811471423,48.0,3936.0,24.0,24.0,0.0,0.0,0.0,0.0,0.0,23206.56,1008.9808695652174,23,3275.26,23206.56,20898.24,526,973.4948923754616,0.0,0.0,0.0,0.0,0.0,0.0,0.0,0.0,358.53012939686096
536,436,16433.55,37.69162844036697,26.11,1.2335398446475156,0.26511861405478426,0.22736840183648693,0.1261048282324878,0.11148047743792425,0.04451624877156793,0.07305725178065603,0.03836176602134049,0.018233430999388445,0.06164340632425739,0.034115574541106454,0.004756767083301194,24,18.166666666666668,0.3372016393292989,48.0,3936.0,24.0,24.0,0.0,0.0,0.0,0.0,0.0,70149.84,3049.993043478261,23,1997.22,70149.89,71075.58,530,15630.961273998466,0.0,0.0,0.0,0.0,0.0,0.0,50706.04,0.0,2187.392004501601
537,447,16725.17,37.41648769574944,24.12,1.7652965922972672,0.20302274954454874,0.20324696251218974,0.12396525715433687,0.06899720600747258,0.06586121396673397,0.0854586231410503,0.05607058104641089,0.0862986743931452,0.06039400496377616,0.04668472727033567,0.003943371920451799,24,18.625,0.44802115613772536,72.0,8688.0,24.0,24.0,0.0,0.0,24.0,0.0,0.0,31247.29,1358.5778260869565,23,7136.09,31247.38,25413.27,542,2302.9587248062094,0.0,0.0,0.0,0.0,0.0,0.0,0.0,0.0,61.46426554375125
538,445,14818.7,33.30044943820225,24.56,1.1592094522370011,0.2291179388205443,0.22265650833069026,0.1064411857990242,0.0622571480629205,0.1024671529891286,0.07876736825767443,0.07525154028356064,0.034176412235891136,0.03583242794577122,0.05303231727479468,0.0023903505994626872,24,18.541666666666668,0.38821624029098367,48.0,3936.0,24.0,24.0,0.0,0.0,0.0,0.0,0.0,26755.92,1163.3008695652172,23,251.05,26755.94,27619.72,538,2862.255134728149,0.0,0.0,0.0,0.0,0.0,8865.01,0.0,0.0,574.5308839642395
539,440,17611.1,40.02522727272727,26.009999999999998,1.3502169260704384,0.26539568794680624,0.204567573859668,0.12706020634713333,0.0314392627377052,0.15222842411887955,0.07019266258212149,0.06054306658868554,0.020482536582042007,0.04809069280169893,0.01999988643525958,0.0027846704412168855,24,18.333333333333332,0.3342533970052978,48.0,3936.0,24.0,24.0,0.0,0.0,0.0,0.0,0.0,46990.08,2043.0469565217393,23,1260.35,46990.06,47687.63,534,8088.84505158487,0.0,0.0,0.0,0.0,0.0,26140.45,0.0,0.0,1511.328998408248
540,447,18035.77,40.34847874720358,27.52,1.28374264064532,0.2670166008992131,0.22374204150973315,0.10053022410465426,0.09309333618692188,0.05668291400921612,0.06711884216753707,0.07612871532515661,0.04705704275448179,0.03313027389459945,0.03550000914848659,0.0022168345818620594,24,18.625,0.3304194941496814,48.0,13536.0,24.0,0.0,24.0,0.0,0.0,0.0,0.0,52823.77,2296.685652173913,23,23453.05,52823.86,31571.81,518,6853.63661747828,0.0,0.0,0.0,0.0,0.0,0.0,0.0,0.0,931.5443337668576
541,434,16929.95,39.00910138248848,26.215,1.0552534542999534,0.2580291140848024,0.18518306315139735,0.11372095015047297,0.06906340538513109,0.1363317670755082,0.09321586891869144,0.027733690885088258,0.03362561614180786,0.04491980188955076,0.03817672231754967,0.002971031481054598,24,18.083333333333332,0.3409478468631036,48.0,3936.0,24.0,24.0,0.0,0.0,0.0,0.0,0.0,43113.840000000004,1874.514782608696,23,855.45,43113.8,44054.76,528,7400.506538823539,0.0,0.0,0.0,0.0,0.0,23188.87,0.0,0.0,813.248536417982
542,112,2223.17,19.849732142857142,16.155,0.7121689945930191,0.2621077110612324,0.30876631116828673,0.11664425122685174,0.01911684666489742,0.09360507743447419,0.09934912759707984,0.06424160095719175,0.011946904645168835,0.0,0.024222169244817085,0.010802813988798898,24,4.666666666666667,0.7773944412707979,85.0,16724.0,21.0,23.0,21.0,0.0,20.0,80.0,1711.16,19832.4,862.2782608695653,23,0.4,19832.41,20658.36,300,412.4866462875397,0.0,0.0,0.0,0.0,0.0,0.0,0.0,0.0,-1637.1096329986503
543,429,16111.74,37.556503496503495,27.31,1.057440601599847,0.24138609486002127,0.20735314745645098,0.1644173751562525,0.06027840568430225,0.08818724731158767,0.057358174846416324,0.0467969319266572,0.06401294956348598,0.025798579172702635,0.04441109402212299,0.005460147117223202,24,17.875,0.33280949171225455,72.0,15672.0,24.0,24.0,0.0,24.0,0.0,0.0,0.0,61828.090000000004,2688.177826086957,23,32620.5,61828.14,31783.82,524,9674.232434361296,0.0,0.0,0.0,0.0,0.0,0.0,0.0,0.0,1257.4925856924715
544,315,10030.1,31.841587301587303,22.82,0.9636358433909152,0.27510194315111514,0.2294613214225182,0.10568189748855943,0.10674370145860959,0.022635866043209937,0.05596055871825804,0.05187984167655357,0.04955882792793691,0.050737280784837635,0.052238761328401516,0.003952007424079196,24,13.125,0.5624430464302449,70.0,15508.0,23.0,23.0,0.0,24.0,0.0,28.0,261.8,24769.43,1076.9317391304348,23,1.48,24769.34,25799.91,436,450.0247309009861,0.0,0.0,0.0,0.0,0.0,0.0,0.0,0.0,-317.22409538283523
545,65,1558.0,23.96923076923077,14.63,1.0897341280036588,0.19769576379974327,0.14239409499358152,0.16609114249037227,0.14216944801026957,0.19308729139922978,0.04332477535301669,0.05080872913992297,0.02220795892169448,0.034801026957637995,0.00741976893453145,0.037270175754072654,14,4.642857142857143,0.5741591784338895,46.0,14099.0,23.0,0.0,0.0,23.0,0.0,42.0,1416.03,16391.510000000002,712.674347826087,23,1.38,16391.43,17073.02,176,341.0349950830111,0.0,0.0,0.0,0.0,0.0,0.0,0.0,0.0,-706.1337845900752
546,435,17414.73,40.03386206896552,25.27,1.3522022796551811,0.24764552766537296,0.20832192058102536,0.10471652445946622,0.1311280737628433,0.03401316012364246,0.057729864316012944,0.04518875687420937,0.08113016968968223,0.06889340230942427,0.021232600218320928,0.0025502333578796277,24,18.125,0.3761579995785177,96.0,26232.0,24.0,24.0,24.0,24.0,0.0,0.0,0.0,48404.17,2104.5291304347825,23,6774.37,48404.22,43646.7,554,2372.2607332616035,0.0,0.0,0.0,0.0,0.0,0.0,0.0,0.0,370.90264644376884
547,436,16516.66,37.88224770642202,25.59,1.1758076983566428,0.22670079786106878,0.19971410684726817,0.09957763857825977,0.1213544384881689,0.08179074946145287,0.0988795555517883,0.05033342092166334,0.025463986060135644,0.062249873763823925,0.03393543246637032,0.0029573959714288556,24,18.166666666666668,0.3693307242505446,24.0,960.0,0.0,24.0,0.0,0.0,0.0,0.0,0.0,31518.24,1370.3582608695654,23,613.1,31518.28,32218.45,506,4703.14634778224,0.0,0.0,0.0,0.0,0.0,0.0,14741.8,0.0,914.1817691734814
548,437,15520.8,35.51670480549199,25.29,1.0743086191569733,0.24289083036956857,0.20337482603989485,0.12946884181227772,0.10488827895469305,0.051903252409669594,0.049734549765476,0.0533058862945209,0.05391667955260038,0.05554739446420287,0.05496946033709602,0.0010504728258891038,24,18.208333333333332,0.33659862893665277,24.0,11736.0,0.0,0.0,0.0,24.0,0.0,0.0,0.0,65766.25,2859.4021739130435,23,1486.02,65766.32,67020.56,520,9732.499461579278,13.0,8011.68,0.0,0.0,0.0,0.0,31751.99,0.0,1336.2734226934301
549,437,16096.960000000001,36.83514874141876,25.84,1.1791656109418358,0.30339331153211535,0.2246169463053893,0.08055993181321192,0.09987475896069815,0.06880305349581535,0.043289540385265286,0.051123938930083684,0.021989866409558075,0.06576397033974116,0.040584681828121576,0.003068837568035887,24,18.208333333333332,0.3607215275430889,24.0,2976.0,24.0,0.0,0.0,0.0,0.0,0.0,0.0,38230.55,1662.1978260869566,23,585.07,38230.48,39238.34,516,2924.229818654931,13.0,10310.970000000001,0.0,0.0,0.0,0.0,9854.36,0.0,155.47651120314663
550,321,11172.960000000001,34.80672897196262,25.18,0.9446081059623394,0.2830046827340293,0.221563488994859,0.07658221277083244,0.028486632011570787,0.07495596511577952,0.08349712162220216,0.07904888230155661,0.03228150821268491,0.04591800203348082,0.07466150420300438,0.004234003470244829,24,13.375,0.5131764545832079,48.0,3936.0,24.0,24.0,0.0,0.0,0.0,24.0,188.76000000000002,14680.21,638.27,23,20.8,14680.17,15297.63,416,230.42533929450823,0.0,0.0,0.0,0.0,0.0,0.0,0.0,0.0,-283.59181980489893
551,440,17894.95,40.67034090909091,26.255000000000003,1.2187608080480563,0.2540213859217265,0.18471468207511058,0.1200629227798904,0.0772273742033367,0.12289333024121331,0.07702117077723045,0.04188444225884956,0.03145524295960592,0.04641421183071202,0.044305236952324537,0.0035636806259151665,24,18.333333333333332,0.3112386455396634,48.0,3936.0,24.0,24.0,0.0,0.0,0.0,0.0,0.0,24988.09,1086.438695652174,23,4198.38,24988.2,21830.99,511,1657.0851284624632,0.0,0.0,0.0,0.0,0.0,0.0,0.0,0.0,-19.615107506474942
552,321,10499.59,32.7090031152648,22.35,0.9495077883088485,0.30044411257963405,0.21352833777318925,0.15942051070565613,0.017114954012490014,0.054512604777900854,0.08894061577642555,0.05158296657298047,0.017654975099027675,0.05462594253680381,0.04217498016589219,0.002721439738175291,24,13.375,0.5619495618400338,46.0,5474.0,0.0,23.0,0.0,0.0,23.0,34.0,479.82,19114.07,831.0465217391304,23,12.59,19113.97,19897.8,443,1205.4148364457885,0.0,0.0,0.0,0.0,0.0,3444.4,0.0,0.0,-96.9444060565063
553,452,18437.89,40.79179203539823,27.939999999999998,1.1960752107838082,0.23666211263870215,0.19785561146096436,0.08656142324311514,0.08987687853653537,0.1279267855486718,0.024440974536674206,0.04066246191944957,0.08506504811559241,0.085042268936413,0.02590643506388204,0.0023802580012787233,24,18.833333333333332,0.31599114649235893,0.0,0.0,0.0,0.0,0.0,0.0,0.0,0.0,0.0,34476.08,1498.96,23,17536.99,34476.02,18437.99,475,4866.909900313592,0.0,0.0,0.0,0.0,0.0,0.0,0.0,0.0,981.3674739436551
554,469,17563.57,37.448976545842214,25.97,1.2636099352863726,0.2334405818407078,0.1972662733145938,0.09648892565691372,0.039792024058890076,0.09021856034963278,0.09391940249049595,0.05867713682355011,0.0673092087770311,0.05088544071620975,0.07200244597197494,0.0011678946515472077,24,19.541666666666668,0.3229195431224973,24.0,2976.0,24.0,0.0,0.0,0.0,0.0,0.0,0.0,57160.52,2485.24,23,1686.33,57160.54,57959.45,552,7988.580692194241,13.0,10912.09,0.0,0.0,0.0,26507.8,0.0,0.0,484.6808743838458
555,459,15907.65,34.65718954248366,23.67,0.9297365876618305,0.22967314468196118,0.24550074963932447,0.10989555339726483,0.05790987355140451,0.08021549380329589,0.059976803613355834,0.05920610523867447,0.06279431594232963,0.048660235798499464,0.04616772433388966,0.002176526517569166,24,19.125,0.36114888119866856,24.0,2976.0,24.0,0.0,0.0,0.0,0.0,0.0,0.0,64000.07,2782.6117391304347,23,1975.03,64000.02,64691.65,529,13765.92556385522,0.0,0.0,0.0,0.0,0.0,0.0,45807.92,0.0,2057.367347573132
556,454,17585.51,38.73460352422907,26.0,1.2323398794538154,0.29764789306650763,0.18795986013484967,0.10342321604548291,0.11133541193857899,0.07442320410383321,0.04006139145239462,0.05276503212019441,0.060397452220606634,0.04360749275966407,0.028379046157887947,0.0015076951566052044,24,18.916666666666668,0.359849103039946,48.0,12696.0,0.0,24.0,0.0,24.0,0.0,0.0,0.0,37026.95,1609.8673913043476,23,258.76,37026.88,38310.91,544,2552.0614443942113,0.0,0.0,0.0,0.0,0.0,8029.42,0.0,0.0,94.59659128246608
557,461,17907.04,38.84390455531454,25.56,1.0840184523850618,0.37372452398609707,0.1943369758486048,0.0885875052493321,0.062338052520126155,0.07816590569965778,0.04723337860416908,0.07055381570600167,0.02281560771629482,0.03242021015198492,0.02982402451773157,0.000948889807743436,24,19.208333333333332,0.3765926696986213,72.0,19464.0,24.0,0.0,0.0,24.0,24.0,0.0,0.0,81651.84999999999,3550.0804347826083,23,47683.18,81651.92,37370.91,556,13946.602422625849,0.0,0.0,0.0,0.0,0.0,0.0,0.0,0.0,1958.9733811962262
558,450,18753.02,41.67337777777778,26.085,1.3271666194017808,0.27379376761716245,0.1952837462979296,0.13661106317809077,0.08277653412623673,0.06975356502579318,0.04370656033001618,0.05067877067267032,0.03992583594535706,0.025370313688141962,0.08209984311860169,0.006134282559107751,24,18.75,0.3194738767409196,48.0,12696.0,0.0,24.0,0.0,24.0,0.0,0.0,0.0,118884.48000000001,5168.890434782609,23,3325.26,118884.52,120512.79,544,27365.084967929175,0.0,0.0,0.0,0.0,0.0,89063.77,0.0,0.0,3939.851854336037
559,443,16651.87,37.58887133182844,26.47,1.1055180953063037,0.24328198574694615,0.20839881646926142,0.12073418781193945,0.06852803919319574,0.08262555496770033,0.11966704039846576,0.030809152365470063,0.028065916921042502,0.06343792018554073,0.03445138594043792,0.001663708793141483,24,18.458333333333332,0.34740842920344683,48.0,3936.0,24.0,24.0,0.0,0.0,0.0,0.0,0.0,33816.67,1470.29,23,728.93,33816.6,34557.95,548,3151.5222892390902,13.0,3736.5,0.0,0.0,0.0,0.0,10233.63,0.0,545.2869744412981
560,317,10097.75,31.854100946372238,24.81,0.838739220421649,0.22287935431160405,0.2721012106657424,0.13361491421356242,0.07294001138867569,0.06766160778391225,0.07331633284642619,0.08088237478646233,0.012606768834641381,0.044568344433165805,0.019429080735807482,0.004146396537032526,24,13.208333333333334,0.4845168478126315,48.0,3936.0,24.0,24.0,0.0,0.0,0.0,0.0,0.0,64504.07,2804.5247826086957,23,41.24,65141.79,65100.55,428,14968.613834586158,3.0,251.94,0.0,14.0,637.81,50814.85,0.0,4963.89418070657,-49.54
561,225,6310.5,28.046666666666667,20.61,0.9231901889193805,0.2891910308216465,0.17931859599080896,0.11382774740511845,0.08513746929720307,0.11149512716900405,0.03330956342603597,0.0684288091276444,0.054678710086364,0.021906346565248397,0.04270660011092623,0.008222106669981799,24,9.375,0.6916837017668964,23.0,2852.0,23.0,0.0,0.0,0.0,0.0,18.0,245.52,9567.310000000001,415.9700000000001,23,-165.56,9567.24,10148.76,315,151.22916232036624,2.0,20.740000000000002,24.0,0.0,0.0,0.0,0.0,2223.4080974957037,-515.633176640589
562,443,16651.2,37.58735891647856,26.41,1.2354257766406787,0.20293492360910925,0.19438478908427018,0.16140037955222444,0.05624399442682809,0.1546369030460267,0.07100689439800134,0.05886062265782646,0.03865607283559143,0.04096581627750552,0.020909604112616508,0.0019849776801170727,24,18.458333333333332,0.3896710147016431,24.0,2976.0,24.0,0.0,0.0,0.0,0.0,0.0,0.0,29511.590000000004,1283.1126086956524,23,-78.09,29511.49,30819.23,542,3272.9204155782168,23.0,613.87,7.0,0.0,0.0,0.0,10368.18,5338.891633632286,434.3555591303557
563,417,14875.61,35.672925659472426,23.06,1.2024105995551002,0.31412493336407715,0.20918873242845165,0.10724333321457069,0.01746079656565344,0.0565993596228995,0.10107014098917624,0.05513252901897804,0.04572115025871209,0.04659439175939675,0.04686463277808439,0.001243724977454841,24,17.375,0.4210099619444177,48.0,7728.0,24.0,0.0,0.0,0.0,24.0,0.0,0.0,43722.24,1900.9669565217391,23,177.31,44848.3,44671.0,527,6057.568876012175,9.0,1999.17,0.0,7.0,1126.1,20068.25,0.0,11097.40589202727,-198.0
564,378,13218.02,34.968306878306876,24.775,1.2769046832568618,0.24324823233736972,0.21981582718137813,0.11747977382391611,0.0670387849314799,0.08128373235930948,0.09503390069011847,0.03629666167852673,0.045891139520139915,0.06486599354517544,0.029045953932585966,0.0018502166548688415,24,15.75,0.42106382045117197,24.0,2976.0,24.0,0.0,0.0,0.0,0.0,2.0,27.28,19955.99,867.6517391304349,23,16.88,19955.91,20770.52,447,1459.4498107182537,0.0,0.0,0.0,0.0,0.0,4549.35,0.0,0.0,298.9160756101967
565,220,7747.79,35.21722727272727,24.065,1.182520062033746,0.25714945810353657,0.2291918082446736,0.12484979587727595,0.07351773860675108,0.06357683933095759,0.0805803977650401,0.05340748781265367,0.0664434632327412,0.012598431294601427,0.03868457973176866,0.0033762793775274913,24,9.166666666666666,0.6899528768848923,69.0,24219.0,23.0,0.0,23.0,23.0,0.0,40.0,1327.04,35156.869999999995,1528.559565217391,23,7.94,35156.78,36613.7,365,1295.79069635019,0.0,0.0,0.0,0.0,0.0,3319.83,0.0,0.0,-659.9642919094301
566,353,11244.33,31.853626062322945,24.28,0.8571581578443956,0.22786684488982448,0.19992031539451438,0.22563460873168967,0.030539836522051556,0.10471766659285169,0.042206160793929026,0.05479650632807824,0.016430503195832922,0.059377481806385975,0.03851007574484207,0.0019892441693393215,24,14.708333333333334,0.45559673186397054,70.0,14332.0,23.0,23.0,24.0,0.0,0.0,11.0,66.88000000000001,24621.600000000002,1070.504347826087,23,4.3,24621.61,25643.22,457,399.81768366364196,0.0,0.0,0.0,0.0,0.0,0.0,0.0,0.0,-206.7994459227425
567,268,8751.59,32.65518656716418,21.705,1.1160776627600228,0.241365283337085,0.1996037291509314,0.09983100213789722,0.09508215078631425,0.1166085248509128,0.08324201659355614,0.06164365561000915,0.04366520826501241,0.04150674334606626,0.017451685922215274,0.0007918466603088481,24,11.166666666666666,0.6001675124177435,72.0,14496.0,24.0,24.0,24.0,0.0,0.0,0.0,0.0,23894.63,1038.8969565217392,23,0.0,25354.44,25354.44,402,848.7544485801469,0.0,0.0,0.0,24.0,1459.86,0.0,2106.84,6748.90644389921,0.0
568,436,16948.65,38.873050458715596,26.884999999999998,1.0833943695622257,0.26253831426101787,0.16653597779174154,0.11142657379791313,0.0656512465594605,0.07375041669985516,0.11967501836429452,0.05256052841966765,0.02856038681546908,0.06711507996212089,0.05218645732845979,0.00402374276683759,24,18.166666666666668,0.39452463765550644,72.0,14496.0,24.0,24.0,24.0,0.0,0.0,0.0,0.0,67746.0,2945.478260869565,23,1211.89,67746.03,69356.89,554,11525.568865648787,0.0,0.0,0.0,0.0,0.0,0.0,37912.29,0.0,1615.6811470544476
569,456,17499.58,38.37627192982457,28.11,1.0278180009978137,0.2814661837598388,0.1705589505576705,0.13825017514706067,0.04338218402955957,0.06567071895439776,0.11039979245216171,0.036475732560438595,0.055280183867269954,0.0655804310732029,0.0329356475983995,0.004094586299898562,24,19.0,0.3386915571688006,24.0,960.0,0.0,24.0,0.0,0.0,0.0,0.0,0.0,73196.89,3182.4734782608693,23,57787.35,73196.98,18459.5,503,16802.07838757458,0.0,0.0,0.0,0.0,0.0,0.0,0.0,0.0,2481.3640381892187
570,452,16516.4,36.54070796460177,24.475,1.0197244113146837,0.2997771911554576,0.1865158266934683,0.11148797558790051,0.07748298660725098,0.10628647889370564,0.04005594439466227,0.0603133854835194,0.042783536363856525,0.053106609188442996,0.022190065631735728,0.002138673095371524,24,18.833333333333332,0.38284553534668564,48.0,5712.0,0.0,24.0,0.0,0.0,24.0,0.0,0.0,102230.41,4444.800434782609,23,84261.63,102230.5,22228.48,523,24897.53203165538,0.0,0.0,0.0,0.0,0.0,0.0,0.0,0.0,3308.3540457079152
571,426,15453.57,36.27598591549296,26.235,0.9092808810506668,0.24542613777916686,0.2350033034437997,0.0701514277930601,0.05778729445687954,0.09641720327406547,0.08390811961249083,0.05364456238914373,0.029815117154159198,0.07803439593569642,0.04981243816153807,0.0040623159205696036,24,17.75,0.3392212932028004,72.0,14496.0,24.0,24.0,24.0,0.0,0.0,0.0,0.0,41731.45,1814.4108695652174,23,13520.77,41731.54,29949.58,521,4164.427694775402,0.0,0.0,0.0,0.0,0.0,0.0,0.0,0.0,645.2039720606426
572,447,15200.6,34.00581655480985,23.59,1.084706429452235,0.2901003907740484,0.23998526373958926,0.13346578424535874,0.037899161875189144,0.05454916253305791,0.051461784403247245,0.07531610594318645,0.024524031946107392,0.0464922437272213,0.04620607081299423,0.0046929628691728675,24,18.625,0.38132113206057655,48.0,3936.0,24.0,24.0,0.0,0.0,0.0,0.0,0.0,25272.95,1098.8239130434783,23,7189.28,25272.87,19136.63,518,1991.5002026742834,0.0,0.0,0.0,0.0,0.0,0.0,0.0,0.0,313.27611448800087
573,455,16404.13,36.05303296703297,26.6,0.9730041506484663,0.24978587709314667,0.20960940933777042,0.09284552121935145,0.09174701736696794,0.07394906038906054,0.0874340791008118,0.051101155623614294,0.03855248647749073,0.06401009989557507,0.04096529349621101,0.002278227395203336,24,18.958333333333332,0.29804445587787953,72.0,8688.0,24.0,24.0,0.0,0.0,24.0,0.0,0.0,68808.72,2991.68347826087,23,46583.78,68808.76,25092.01,550,13658.907538611731,0.0,0.0,0.0,0.0,0.0,0.0,0.0,0.0,2271.141801741487
574,424,16033.0,37.81367924528302,26.880000000000003,0.9013742992264234,0.29260712280920603,0.23728247988523668,0.10813010665502402,0.06115885985155616,0.08544564336056883,0.049246553982411276,0.06078712655148756,0.022100667373542073,0.02477328010977359,0.05846815942119379,0.0034230098136051046,24,17.666666666666668,0.3764872450570698,72.0,8688.0,24.0,24.0,0.0,0.0,24.0,0.0,0.0,41865.840000000004,1820.2539130434784,23,15605.7,41865.79,28004.5,532,4698.036326234529,13.0,3283.3999999999996,0.0,0.0,0.0,0.0,0.0,0.0,641.3079285237029
575,343,13425.56,39.14157434402332,25.29,1.1713910298896488,0.2713406368151496,0.19365598157544264,0.13235127622236986,0.05982022351395397,0.0988666394548905,0.062325146958488134,0.03492070349393246,0.06153784274175528,0.0458692225873632,0.03931232663665426,0.005529409557972431,24,14.291666666666666,0.4703044044345264,48.0,3936.0,24.0,24.0,0.0,0.0,0.0,0.0,0.0,235781.05000000002,10251.35,23,93.01,236542.7,236449.7,453,62056.34167846572,3.0,510.90000000000003,0.0,13.0,761.59,218577.18,0.0,9486.665615047546,-22.6
576,449,16873.36,37.579866369710466,25.62,1.1653213143626622,0.2957034046568081,0.19421502297112134,0.08249512841544304,0.08041433360042101,0.05723934059369325,0.09292517909888724,0.06564312027954124,0.053884347871437574,0.03547841093890013,0.04200171157374702,0.0021209222151623575,24,18.708333333333332,0.33795521461048655,48.0,13536.0,24.0,0.0,24.0,0.0,0.0,0.0,0.0,77786.46,3382.0200000000004,23,2340.11,77786.47,78828.38,556,11169.174642906873,13.0,11838.119999999999,0.0,0.0,0.0,0.0,36580.79,0.0,1396.6603470889756
577,430,15736.67,36.59690697674419,25.61,0.8988987170398451,0.27043078364101175,0.22591437705689957,0.10278794687821502,0.07981485282464461,0.1019637572624958,0.07676274586681935,0.037933692452088025,0.024369831736955786,0.03294534358285457,0.04707666869801553,0.004327747626778455,24,17.916666666666668,0.35586118282965834,48.0,12696.0,0.0,24.0,0.0,24.0,0.0,0.0,0.0,147344.65,6406.289130434782,23,5024.0,147344.74,148460.11,537,34091.96055082746,13.0,8627.17,0.0,0.0,0.0,111400.27,0.0,0.0,4328.934148619068
578,363,12399.66,34.15884297520661,23.52,1.1897927165357884,0.29139105427084294,0.22128671270018696,0.1024544221373812,0.06568889792139462,0.07942072605216595,0.08605316597390573,0.03930672292627378,0.0282959371466637,0.04859084845874806,0.037511512412437116,0.005011392211405008,24,15.125,0.5186118006461468,96.0,26232.0,24.0,24.0,24.0,24.0,0.0,0.0,0.0,55314.31,2404.97,23,0.0,56941.79,56941.79,523,5155.5974904501,2.0,314.8,0.0,16.0,1627.52,17995.31,0.0,9958.239227781678,-489.0
579,440,16281.2,37.00272727272728,26.015,1.2239454055309607,0.28718706237869446,0.21555352185342602,0.07162678426651599,0.0561696926516473,0.08713731174606294,0.06393201975284378,0.04342984546593617,0.07472913544456182,0.04752782350195317,0.052706802938358346,0.0035480677286571227,24,18.333333333333332,0.33093322359531235,72.0,14496.0,24.0,24.0,24.0,0.0,0.0,0.0,0.0,40526.869999999995,1762.0378260869563,23,7.53,40526.79,42207.88,557,3689.371901506985,0.0,0.0,0.0,0.0,0.0,0.0,11430.66,0.0,380.82626735949816
580,443,17125.74,38.65855530474041,26.09,1.3412325436397645,0.24003050379136898,0.20298100987169018,0.12267265531299669,0.08803064860262973,0.10227587245864996,0.04730423327692701,0.05889205371563505,0.02631827880138318,0.03676687839474381,0.0747278657739753,0.002398856502219382,24,18.458333333333332,0.393719629049606,0.0,0.0,0.0,0.0,0.0,0.0,0.0,0.0,0.0,56688.73,2464.7273913043477,23,41925.13,56688.8,17125.71,466,12556.751472497499,0.0,0.0,0.0,0.0,0.0,0.0,0.0,0.0,1732.2435386549882
581,454,16929.38,37.289383259911894,25.494999999999997,1.3346011307109558,0.2887748990217007,0.20435952173086078,0.10546576425126022,0.09094485444830229,0.08026460508299771,0.04422961738705138,0.07472335076653722,0.03445607576887044,0.05125763613316022,0.02552367540925893,0.0027612018729856747,24,18.916666666666668,0.38986011301063594,48.0,3936.0,24.0,24.0,0.0,0.0,0.0,0.0,0.0,32965.689999999995,1433.2908695652172,23,13474.06,32965.78,20865.3,525,4271.118519913078,0.0,0.0,0.0,0.0,0.0,0.0,0.0,0.0,497.2943435825799
582,262,8589.04,32.78259541984733,23.845,1.0014774161079956,0.2880671180946881,0.2674850740012854,0.09611318610694561,0.058894824101412974,0.04712983057477903,0.08820077680392688,0.06670012015312539,0.004633812393468887,0.06399434628317019,0.01878091148719764,0.0019989748646151995,24,10.916666666666666,0.6531172284679079,23.0,2852.0,23.0,0.0,0.0,0.0,0.0,15.0,204.60000000000002,13566.96,589.8678260869565,23,2.38,13566.97,14129.88,340,765.4944000814982,0.0,0.0,0.0,0.0,0.0,0.0,2484.29,0.0,-8.169403603870819
583,438,16472.52,37.608493150684936,25.795,1.1321552841589153,0.26219182007367425,0.22595207047859106,0.10547809321221041,0.06026764575183397,0.09636594765099696,0.06120071488758248,0.047449327728847815,0.04157348116742309,0.053036208181868966,0.046484690866971184,0.0035282731709262993,24,18.25,0.37668553445374475,24.0,960.0,0.0,24.0,0.0,0.0,0.0,0.0,0.0,43169.39,1876.93,23,1316.06,43169.36,43730.22,508,7869.037248160841,0.0,0.0,0.0,0.0,0.0,0.0,26297.7,0.0,1209.8885845003438
584,352,12926.72,36.72363636363636,26.655,0.92853031115599,0.26933978611743736,0.20772554832161602,0.10190984255866917,0.07271682221011982,0.04597531314981681,0.09988148579067234,0.06750823101297158,0.036125173284483614,0.0658047826517477,0.033013014902465596,0.002610112702855938,24,14.666666666666666,0.49234685983760773,48.0,3936.0,24.0,24.0,0.0,0.0,0.0,0.0,0.0,58051.68,2523.986086956522,23,123.0,58765.57,58642.57,460,11832.514747112966,2.0,335.7,0.0,12.0,713.9300000000001,41444.07,0.0,9470.904252617687,-72.66
585,431,16717.03,38.78661252900232,25.88,1.2801319032117513,0.2515716009362907,0.20076233637195126,0.0986556822593487,0.11377020918189415,0.07528430588447829,0.07438821369585387,0.042363386319220576,0.061976918148738146,0.05575153002656573,0.025475817175658597,0.0023333876568315537,24,17.958333333333332,0.3358252034003648,48.0,3936.0,24.0,24.0,0.0,0.0,0.0,0.0,0.0,57191.05,2486.567391304348,23,1639.93,57191.1,57934.13,525,11137.601733786656,0.0,0.0,0.0,0.0,0.0,37281.01,0.0,0.0,1808.3926493555164
586,445,15036.64,33.79020224719101,24.67,1.11050919515938,0.341929447004118,0.2502301045978357,0.08549915406633397,0.02227625320550336,0.06286377807808127,0.06163345002606965,0.03832505134125709,0.06895024420349227,0.051320640781451175,0.016971876695857584,0.0022620306345682017,24,18.541666666666668,0.3616286617222997,48.0,14712.0,24.0,0.0,0.0,24.0,0.0,0.0,0.0,62914.55,2735.4152173913044,23,1436.09,62914.5,64099.85,552,9365.270424781318,13.0,4666.12,0.0,0.0,0.0,29685.04,0.0,0.0,967.8174323676371
587,437,19102.51,43.71283752860411,25.63,1.8994645279169189,0.21353005442740244,0.21185697586338129,0.07208476791793329,0.1797528178234169,0.09765575309213291,0.09734427569989493,0.04059571229121199,0.03963615252655279,0.034367211429283374,0.013176278928789985,0.0012004391752472587,24,18.208333333333332,0.31124025062675015,48.0,3936.0,24.0,24.0,0.0,0.0,0.0,0.0,0.0,40335.61,1753.7221739130434,23,187.49,40335.66,41828.82,530,5873.8622020866205,0.0,0.0,0.0,0.0,0.0,0.0,18790.3,0.0,110.7025919377204
588,352,12682.16,36.02886363636364,22.37,1.216672015102791,0.32078683757341014,0.1877968737186725,0.10335542210475186,0.04853510758419701,0.04007992329382376,0.09302516290600338,0.04011067515312848,0.04650154232402051,0.06896932383757971,0.050839131504412494,0.004248550024432585,24,14.666666666666666,0.5018230333003211,48.0,13536.0,24.0,0.0,24.0,0.0,0.0,5.0,68.2,25238.639999999996,1097.3321739130433,23,3.94,25238.69,26286.37,428,410.67589481594837,0.0,0.0,0.0,0.0,0.0,0.0,0.0,0.0,-188.6277325295364
589,450,18457.65,41.017,27.79,1.129095520724886,0.2719734093993547,0.15022985049559395,0.10408042193887086,0.09150298114873777,0.08821003757249704,0.12004182547615758,0.04192191313628766,0.04457067936600813,0.054273973122255535,0.03319490834423667,0.006233848434297529,24,18.75,0.3331794675920282,72.0,8688.0,24.0,24.0,0.0,0.0,24.0,0.0,0.0,29753.27,1293.6204347826088,23,3847.34,29753.18,27145.55,545,1397.3800144586714,0.0,0.0,0.0,0.0,0.0,0.0,0.0,0.0,96.83569956305246
590,451,18552.96,41.137383592017734,26.6,1.6971956705928541,0.26407376504881164,0.17087300355307186,0.11600952085273726,0.13118122391251855,0.08066098347649109,0.03387923005277864,0.060720230087274486,0.04079456862948015,0.06431318776087482,0.037494286625961576,0.001674755820225693,24,18.791666666666668,0.4021827244817,72.0,14496.0,24.0,24.0,24.0,0.0,0.0,0.0,0.0,32898.740000000005,1430.3800000000003,23,1280.2,32898.74,33048.91,546,717.3598727284284,0.0,0.0,0.0,0.0,0.0,0.0,0.0,0.0,82.52986263934872
591,323,11622.83,35.98399380804953,25.62,0.9975609635919435,0.28024500057214985,0.1597166955035908,0.13314657445733957,0.0898567732643427,0.08736340460972071,0.056419994097823,0.06786212996318454,0.04584339614362424,0.045907924317915696,0.033638107070309044,0.005245698012339206,24,13.458333333333334,0.5064145307123997,72.0,14496.0,24.0,24.0,24.0,0.0,0.0,0.0,0.0,49561.69,2154.8560869565217,23,0.0,50692.23,50692.23,461,7217.201102844456,1.0,104.55,0.0,19.0,1130.44,0.0,24468.85,6765.186994479692,-40.0
592,444,18112.61,40.79416666666667,24.47,1.5005369080406463,0.25483903203348385,0.13417944735739357,0.12901840209666085,0.06525343393359653,0.08220902454146586,0.09840161081147332,0.05774485289530333,0.0960634607602107,0.04677956407166057,0.03551117149875142,0.0045379040311626095,24,18.5,0.35412676582778513,48.0,7728.0,24.0,0.0,0.0,0.0,24.0,0.0,0.0,56325.369999999995,2448.9291304347826,23,32831.79,56325.48,25840.58,515,9616.455752029218,0.0,0.0,0.0,0.0,0.0,0.0,0.0,0.0,1656.6449195225332
593,439,15508.32,35.32646924829157,26.23,0.8845635123925771,0.2874405480413095,0.21012591950643267,0.13284546617557544,0.03547321695709142,0.09750508114354102,0.050445180393492016,0.05988720893043218,0.03556607034159728,0.050550285266231294,0.04016102324429726,0.002337517265246558,24,18.291666666666668,0.35456580725700787,48.0,3936.0,24.0,24.0,0.0,0.0,0.0,0.0,0.0,65978.64,2868.6365217391303,23,2226.26,65978.69,66501.54,546,12399.364055605163,13.0,5913.599999999999,0.0,0.0,0.0,0.0,41143.62,0.0,1698.812062956419
594,446,16698.99,37.44168161434978,26.215,1.152401538181805,0.2992378580980048,0.20633822764131246,0.11742087395704771,0.08750768759068663,0.08735318722868869,0.0655668396711418,0.04245346574852731,0.023518787663205983,0.04459251727200268,0.026010555129382083,0.0019096310218192913,24,18.583333333333332,0.39703479072686426,24.0,2976.0,24.0,0.0,0.0,0.0,0.0,0.0,0.0,23042.32,1001.84,23,4369.17,23042.35,19675.01,493,1088.8845187818326,0.0,0.0,0.0,0.0,0.0,0.0,0.0,0.0,466.0111811268723
595,454,18739.78,41.27704845814978,27.215,1.9120555915507094,0.22229663315150983,0.18852355790729672,0.11116032312012203,0.028314099738630878,0.09756731402396401,0.06718275241224819,0.05139548062997539,0.10405725147253599,0.08542042649380091,0.04408216104991629,0.0016651544873903523,24,18.916666666666668,0.3291986352027612,48.0,3936.0,24.0,24.0,0.0,0.0,0.0,0.0,0.0,49005.87,2130.69,23,1417.71,49005.9,49718.88,547,8491.235795617533,0.0,0.0,0.0,0.0,0.0,27042.99,0.0,0.0,43.96126093649991
596,433,17058.68,39.3964896073903,24.32,1.4002178470124205,0.2196529860458136,0.18748168088034947,0.08923492321797466,0.10123526556568269,0.11375147432274947,0.09735923295354622,0.04219201016725796,0.03368724895478431,0.06855981822743612,0.04684535966440545,0.002007042603773046,24,18.041666666666668,0.35340835281510646,48.0,3936.0,24.0,24.0,0.0,0.0,0.0,1.0,4.4,20694.239999999998,899.7495652173913,23,557.38,20694.23,20999.11,505,517.5707449065363,0.0,0.0,0.0,0.0,0.0,0.0,0.0,0.0,-43.75046214273425
597,367,12079.81,32.9150136239782,22.94,1.1188419830383851,0.22947711925932607,0.21008608579108445,0.11210192875550194,0.08913302444326525,0.07033057639151609,0.1049445314123318,0.047851746012561445,0.030654455657829052,0.024443265250032903,0.0809772670265509,0.002761320652047705,24,15.291666666666666,0.4625710172593775,48.0,3936.0,24.0,24.0,0.0,0.0,0.0,13.0,84.92,15515.52,674.5878260869565,23,61.18,15515.46,16100.76,451,307.8090286779579,0.0,0.0,0.0,0.0,0.0,0.0,0.0,0.0,-219.98240588123485
598,445,16586.74,37.27357303370787,24.33,1.4952476733422864,0.25084615783451125,0.21567890977973975,0.1039685917787341,0.1459901101723425,0.056991910405540816,0.05875657302158231,0.04394353561941648,0.043449164814785786,0.056088779350252076,0.024286267223095077,0.0015916976272454253,24,18.541666666666668,0.3393325029511525,48.0,7728.0,24.0,0.0,0.0,0.0,24.0,0.0,0.0,84027.84,3653.384347826087,23,2742.41,84027.85,84786.6,539,18424.584376589333,0.0,0.0,0.0,0.0,0.0,0.0,60471.87,0.0,2712.7804410559816
599,438,17674.26,40.35219178082191,26.119999999999997,1.1807822271077852,0.24313719499430245,0.21089086615224625,0.08920939264218133,0.14018861327150328,0.08768287894372946,0.04891859687477721,0.05858406518858498,0.04862381791373443,0.04371837915703401,0.02904619486190652,0.0068626767543567,24,18.25,0.3958824867349468,24.0,2976.0,24.0,0.0,0.0,0.0,0.0,0.0,0.0,63465.84,2759.384347826087,23,41316.33,63465.89,24793.98,498,11972.186942979111,13.0,4143.68,0.0,0.0,0.0,0.0,0.0,0.0,1634.2922808444837
600,191,5707.49,29.882146596858636,21.5,1.0593623490569002,0.3585744346464032,0.19222985936024417,0.09942198759875182,0.0334998396843446,0.043649660358581435,0.12600985722270208,0.07253100750067017,0.0,0.06078153443983257,0.013301819188469887,0.006476643385193048,24,7.958333333333333,0.8023877396193423,69.0,13892.0,23.0,23.0,23.0,0.0,0.0,45.0,401.28000000000003,21567.12,937.7008695652173,23,4.57,21567.17,22461.23,347,1009.9297700187398,0.0,0.0,0.0,0.0,0.0,0.0,2460.48,0.0,-227.22795778948534
601,372,13187.77,35.450994623655916,25.6,0.9685709311890871,0.33582326655681743,0.22406896692920789,0.0757967419813964,0.04529120541228729,0.029001112394286526,0.07908312019393726,0.037145779764129944,0.045119076235026846,0.06880086625714582,0.05986986427576459,0.0017166525499284768,24,15.5,0.45410255107573155,24.0,2976.0,24.0,0.0,0.0,0.0,0.0,2.0,27.28,16076.310000000001,698.97,23,-446.2,16076.21,17221.37,456,279.4832184592163,11.0,310.32,24.0,0.0,0.0,0.0,0.0,5933.342610387335,-529.2644136643428
602,40,1143.6200000000001,28.590500000000002,16.09,1.0012415901351557,0.19022927196096606,0.20059110543712075,0.06345639285776744,0.08224759972718211,0.10035676186145748,0.29786117766390935,0.038386876759762864,0.0,0.016946188419230165,0.009924625312603838,0.007793679615769267,7,5.714285714285714,0.4561480211958517,23.0,11247.0,0.0,0.0,0.0,23.0,0.0,22.0,1183.3799999999999,13031.28,566.5773913043479,23,0.29,13031.29,13573.97,108,313.84188955604526,0.0,0.0,0.0,0.0,0.0,0.0,0.0,0.0,-557.1496055871295
603,459,17924.12,39.050370370370366,24.33,1.1967435808134854,0.2917978679009067,0.1727108499608349,0.09691744978275085,0.10247086049412747,0.08876307456098263,0.0602065819688777,0.06175031187026197,0.026872727921928664,0.061724648127774194,0.03678562741155494,0.001790936063167825,24,19.125,0.37410930076344057,72.0,15672.0,24.0,24.0,0.0,24.0,0.0,0.0,0.0,113104.10999999999,4917.57,23,3593.22,113104.18,114428.53,590,21915.028024050807,13.0,7090.24,0.0,0.0,0.0,0.0,73742.31,0.0,2810.982970097601
604,439,16644.02,37.91348519362187,24.52,1.25493600752156,0.24880107089513231,0.2141982525856133,0.10761522757122378,0.054436368137024585,0.039035641629846636,0.14658417858185702,0.0451189075716083,0.04881272673308492,0.04379651069873745,0.05160111559587167,0.003473345228426905,24,18.291666666666668,0.3604309535797241,48.0,3936.0,24.0,24.0,0.0,0.0,0.0,0.0,0.0,32620.8,1418.295652173913,23,568.73,32620.86,33411.33,533,3909.590040155195,0.0,0.0,0.0,0.0,0.0,12831.34,0.0,0.0,772.4124422890994
605,439,15703.039999999999,35.77002277904328,25.36,1.397736663330218,0.27767171197424195,0.22688090968373004,0.11536110205412456,0.04895930978969677,0.062419123940332576,0.08411237569285947,0.05544404140854255,0.0711830320753179,0.029224914411477017,0.028743478969677213,0.004267340969193123,24,18.291666666666668,0.3135953293120313,24.0,2976.0,24.0,0.0,0.0,0.0,0.0,0.0,0.0,35312.64,1535.3321739130436,23,18105.11,35312.7,18678.95,486,5517.483620282401,0.0,0.0,0.0,0.0,0.0,0.0,0.0,0.0,970.0424620168767
606,442,17184.9,38.87986425339367,24.46,1.3959220281708018,0.24718502871707138,0.18900255456825465,0.0816234019400753,0.14758305256358778,0.08830135758718409,0.061933441567888076,0.05210097236527416,0.011126046703792282,0.06291744496622034,0.05822669902065185,0.0012144187694705932,24,18.416666666666668,0.3865858980849466,48.0,3936.0,24.0,24.0,0.0,0.0,0.0,0.0,0.0,66818.22,2905.14,23,2086.24,66818.16,67637.06,536,13935.063358813632,0.0,0.0,0.0,0.0,0.0,0.0,46516.2,0.0,2164.20758197631
607,443,16748.579999999998,37.8071783295711,26.91,0.9356947146153863,0.2956286443388036,0.18376363846964935,0.10157338711699737,0.044341669562434544,0.08894246557021548,0.06178792470764686,0.06296354676038206,0.07293633251296526,0.04407896072383449,0.04398343023707084,0.0038034930794937916,24,18.458333333333332,0.36263969841025334,24.0,960.0,0.0,24.0,0.0,0.0,0.0,0.0,0.0,69236.90000000001,3010.3,23,2531.71,69236.9,69715.49,526,12976.70134270334,13.0,8746.28,0.0,0.0,0.0,43260.63,0.0,0.0,1759.300024138364
608,426,16803.14,39.44399061032864,25.845,2.2156422242882936,0.31316349206160277,0.1850011366923087,0.08727059347241052,0.05133564321906501,0.05328468369602348,0.04710072046058058,0.034728032974789234,0.13988933020852054,0.05675665381589393,0.03146971339880522,0.001512505253320584,24,17.75,0.3231812625497377,72.0,8688.0,24.0,24.0,0.0,0.0,24.0,0.0,0.0,114145.2,4962.834782608696,23,3864.72,114145.16,115036.49,544,27427.512433415155,0.0,0.0,0.0,0.0,0.0,0.0,89545.33,0.0,4031.2783358939882
609,444,16491.920000000002,37.14396396396397,24.95,1.3642126609555398,0.2663510373564752,0.16790828478430653,0.10220095658965118,0.13124851442403312,0.07322616165977036,0.07701104540890327,0.0357575103444596,0.037307360210333304,0.0639998253690292,0.04498930385303834,0.005014815961605357,24,18.5,0.36501692950244724,72.0,8688.0,24.0,24.0,0.0,0.0,24.0,0.0,0.0,35547.11,1545.5265217391304,23,11848.2,35547.03,25179.95,539,3665.2128693703594,0.0,0.0,0.0,0.0,0.0,0.0,0.0,0.0,252.966053572105
610,431,15665.45,36.34675174013921,26.35,1.0566992368734112,0.2721421982771003,0.2074437695693389,0.11169484438685134,0.09510674765167934,0.06865299113654573,0.06804464602038245,0.06190055185136719,0.035525950419553864,0.04477432821910638,0.03471397246807465,0.0036984424384879366,24,17.958333333333332,0.37185015432049506,24.0,11736.0,0.0,0.0,0.0,24.0,0.0,0.0,0.0,32846.17,1428.094347826087,23,51.64,32846.23,34163.19,499,2103.559407770674,0.0,0.0,0.0,0.0,0.0,0.0,6761.85,0.0,435.5929475291151
611,260,9972.14,38.35438461538461,24.35,1.7338146874876295,0.22637768823943505,0.1918214144606875,0.09324177157560964,0.19802971077421697,0.08587625123594335,0.03299291827030106,0.0585220424101547,0.06422693624437684,0.024194405614040716,0.024716861175234202,0.004899977880923001,24,10.833333333333334,0.7150481240736692,69.0,13892.0,23.0,23.0,23.0,0.0,0.0,63.0,1420.76,24250.74,1054.38,23,20.22,24250.75,25284.9,415,317.58457314264075,0.0,0.0,0.0,0.0,0.0,0.0,0.0,0.0,-1033.2997291269091
612,447,18206.55,40.730536912751674,26.85,2.0104370487468337,0.2866380505916826,0.1656057847313192,0.11592036931763568,0.03486712199730316,0.06908008381598929,0.10537581255097751,0.04016576451881328,0.0912869269576059,0.04520296267002809,0.04585712284864512,0.00411036998350256,24,18.625,0.3956570574875526,72.0,15672.0,24.0,24.0,0.0,24.0,0.0,0.0,0.0,59474.64000000001,2585.8539130434788,23,463.96,59474.61,61488.76,564,8143.811958042839,0.0,0.0,0.0,0.0,0.0,0.0,27610.2,0.0,1223.778829147304
613,409,15215.66,37.20210268948655,25.77,1.1023757559663776,0.2505878811697948,0.2156265321385993,0.12107197453150242,0.09530115683447185,0.0768201970864228,0.0632387947680219,0.057269287037170914,0.022798879575384835,0.060470594111592925,0.03681470274703825,0.0052338409529756325,24,17.041666666666668,0.353326112702308,72.0,8688.0,24.0,24.0,0.0,0.0,24.0,0.0,0.0,86562.25,3763.5760869565215,23,2711.28,86562.34,87457.82,527,19421.7405603008,0.0,0.0,0.0,0.0,0.0,63554.12,0.0,0.0,2737.364061630638
614,238,7160.42,30.085798319327733,20.384999999999998,1.2500394168933184,0.29782750173872474,0.2391479829395482,0.10846291139346571,0.08225355495906662,0.10905784856195583,0.035789800039662464,0.07484896137377416,0.013134704388848695,0.026061320425338173,0.013415414179615158,0.005516083833931651,24,9.916666666666666,0.7305507218850291,69.0,13892.0,23.0,23.0,23.0,0.0,0.0,55.0,998.8,21132.399999999998,918.8,23,0.03,21132.37,22051.14,385,351.3156137672697,0.0,0.0,0.0,0.0,0.0,0.0,0.0,0.0,-739.3914267861305
615,27,311.37,11.532222222222222,6.21,1.0795203474269293,0.27417541831261844,0.20955776086328162,0.029868002697755084,0.0,0.0,0.1348235218550278,0.16713235057969617,0.011336994572373702,0.13196518611298455,0.041140765006262646,0.015713457989052215,15,1.8,0.8401901275010438,31.0,10450.0,4.0,3.0,21.0,0.0,3.0,30.0,1101.1,11369.36,494.32000000000005,23,1.23,11369.39,11862.48,111,204.73930611828118,0.0,0.0,0.0,0.0,0.0,0.0,0.0,0.0,-488.17885197953757
616,439,18099.06,41.227927107061504,29.81,1.0471945985482507,0.20571841852560302,0.1970571952355537,0.118861421532389,0.12304174912951282,0.09476569501399522,0.074768523890191,0.05252979989016005,0.059595360201027014,0.041728686462169866,0.03193315011939847,0.0021155214216223017,24,18.291666666666668,0.3575771338401,48.0,3936.0,24.0,24.0,0.0,0.0,0.0,0.0,0.0,30976.57,1346.807391304348,23,10232.45,30976.67,22034.92,510,3169.547720671949,0.0,0.0,0.0,0.0,0.0,0.0,0.0,0.0,141.0446840523664
617,366,13480.3,36.83142076502732,24.58,1.1277624044727648,0.24008664495597282,0.20701319703567428,0.137479136221004,0.06842651869765509,0.09716178423328858,0.05551805226886642,0.0364331654340037,0.08323998724064006,0.04382172503579298,0.030819788877102145,0.0024073790685721352,24,15.25,0.3970260305779545,72.0,15672.0,24.0,24.0,0.0,24.0,0.0,0.0,0.0,44474.399999999994,1933.669565217391,23,112.55,45722.88,45610.34,501,4627.327468478081,3.0,560.28,0.0,14.0,1248.48,0.0,15897.81,10864.949622572401,-13.76
618,453,17682.91,39.035121412803534,29.62,1.0096542174899608,0.2910064010957472,0.20337150389839675,0.11163320969229609,0.04447740784746401,0.09664472646187758,0.11051574655981394,0.04284588905332888,0.02029586759192915,0.04805600435674896,0.0311532434423972,0.0022962522577379962,24,18.875,0.3695494689505291,72.0,14496.0,24.0,24.0,24.0,0.0,0.0,0.0,0.0,90590.56,3938.72,23,2679.04,90590.66,91850.35,571,17795.247984917183,0.0,0.0,0.0,0.0,0.0,0.0,59671.36,0.0,2790.454476525113
619,445,17967.28,40.37591011235955,25.54,1.6947514056917055,0.2641484966004871,0.18869355851303035,0.08855430538178288,0.08748792249021556,0.08102951587552486,0.05004819872568358,0.05058417300782311,0.10024221807641448,0.05525043300933698,0.03396117831970114,0.002799782050949995,24,18.541666666666668,0.3315671598594779,0.0,0.0,0.0,0.0,0.0,0.0,0.0,0.0,0.0,69729.61,3031.7221739130437,23,54667.8,69729.66,17967.27,468,16022.175574767922,0.0,0.0,0.0,0.0,0.0,0.0,0.0,0.0,2444.1126480403855
620,466,17392.68,37.32334763948498,26.115000000000002,1.5404189257890062,0.2516420701122541,0.19044391088664886,0.12545622641249077,0.08409457311926627,0.059335881531770836,0.07834905258994014,0.04334524639101047,0.08157397249877535,0.05144578063875147,0.03431328581909171,0.001804274203745293,24,19.416666666666668,0.3281409190533029,72.0,14496.0,24.0,24.0,24.0,0.0,0.0,0.0,0.0,53537.05,2327.697826086957,23,1041.83,53537.15,54726.03,584,7265.166341540428,0.0,0.0,0.0,0.0,0.0,22837.36,0.0,0.0,908.6645490310725
621,454,17404.09,38.335,23.59,1.283157833817982,0.25070888509539996,0.19331433013734128,0.09724783082597252,0.1242558502053253,0.07357925637019803,0.047321635316756004,0.043289249825759345,0.06497610619113094,0.06472099374342469,0.04058586228869191,0.0028251230856758403,24,18.916666666666668,0.34401338995603903,48.0,13536.0,24.0,0.0,24.0,0.0,0.0,0.0,0.0,49537.68,2153.8121739130434,23,1162.46,49537.7,50439.31,548,6098.306432241443,0.0,0.0,0.0,0.0,0.0,0.0,19499.26,0.0,979.8407500427188
622,424,17777.66,41.92844339622641,25.415,1.8671694641481946,0.26277699089756473,0.18765855573793178,0.1018148620234609,0.14351551329027554,0.10899297207844001,0.05609399662272763,0.035548548009130564,0.03326478287918658,0.036662305387773195,0.033671473073509116,0.003225380381792986,24,17.666666666666668,0.32537915563690606,24.0,2976.0,24.0,0.0,0.0,0.0,0.0,0.0,0.0,50221.670000000006,2183.5508695652175,23,31560.55,50221.61,20753.63,471,9134.745063147737,0.0,0.0,0.0,0.0,0.0,0.0,0.0,0.0,1308.347200358125
623,449,16645.11,37.0715144766147,25.43,1.1007171754108496,0.2632881368762357,0.1755446494495981,0.10877368788791422,0.05982657969818162,0.11281331273869623,0.08262847166525183,0.06424889952664777,0.03310281518115531,0.04659686838957507,0.05317657858674409,0.004164779726011925,24,18.708333333333332,0.3775138764477976,24.0,960.0,0.0,24.0,0.0,0.0,0.0,0.0,0.0,26041.92,1132.2573913043477,23,255.78,26041.9,26871.2,518,2995.311271225307,0.0,0.0,0.0,0.0,0.0,9266.12,0.0,0.0,626.4789831238519
624,433,16076.65,37.12852193995381,25.53,0.9912476330775447,0.3158531161653702,0.18481773255000264,0.09974528275480277,0.05193557115443827,0.0882646571269512,0.05175518531534865,0.06128826590116721,0.032741273835034036,0.06806641930999306,0.04553249588689185,0.002177580966886139,24,18.041666666666668,0.38805845745226775,24.0,960.0,0.0,24.0,0.0,0.0,0.0,1.0,4.4,19023.53,827.1099999999999,23,17.25,19023.49,19833.35,499,996.9909587593099,0.0,0.0,0.0,0.0,0.0,2792.23,0.0,0.0,-150.25184904438186
625,454,16025.55,35.29856828193832,25.174999999999997,1.0718414575752422,0.266727819014012,0.19357338749684097,0.1129171853696129,0.06584235798459336,0.040431685651974504,0.0918483296985127,0.08255754092683247,0.05992368436652721,0.04840769895573007,0.03777031053536384,0.0008357369624869548,24,18.916666666666668,0.3819800256465457,48.0,3936.0,24.0,24.0,0.0,0.0,0.0,0.0,0.0,95708.06000000001,4161.22,23,79907.64,95707.96,19961.54,525,23176.86993482767,0.0,0.0,0.0,0.0,0.0,0.0,0.0,0.0,3138.5157435914343
626,447,16879.08,37.76080536912752,28.29,1.1695317256140296,0.28547231247200683,0.21774527995601659,0.10166490116759919,0.06384530436492986,0.06878810930453556,0.08380077587167074,0.06690649016415587,0.02062079212848094,0.06294655869869685,0.028209475871907717,0.002080778584863996,24,18.625,0.41565002357948416,24.0,2976.0,24.0,0.0,0.0,0.0,0.0,0.0,0.0,29933.510000000002,1301.4569565217391,23,398.95,29933.41,30781.69,529,2276.6819234004633,13.0,3701.0699999999997,0.0,0.0,0.0,7225.71,0.0,0.0,484.77538680553687
627,444,17436.49,39.27137387387388,26.814999999999998,1.1708954972013,0.2816277817381824,0.2008982312380531,0.12712765011765556,0.06420730319003423,0.05928486753928114,0.052001291544341785,0.056732174881527195,0.07068452423624251,0.04924041478531517,0.03819576072936698,0.0025227147837273423,24,18.5,0.32821628664943453,48.0,3936.0,24.0,24.0,0.0,0.0,0.0,0.0,0.0,86625.59,3766.33,23,2873.39,86625.56,87518.5,538,19693.45035765068,0.0,0.0,0.0,0.0,0.0,66145.98,0.0,0.0,2920.0287458441317
628,439,16608.57,37.83273348519362,28.09,1.1172231096160405,0.2682470555863629,0.21170937654475974,0.16220481353903435,0.07299845802498349,0.07716016490281824,0.08605256202069173,0.04648804803785034,0.047172634368883054,0.015001893600713367,0.01296499337390275,0.0027714904671578555,24,18.291666666666668,0.38427932085664207,48.0,3936.0,24.0,24.0,0.0,0.0,0.0,0.0,0.0,56134.81,2440.6439130434783,23,1467.33,56134.86,57006.49,556,11266.174140529936,23.0,174.34,0.0,0.0,0.0,0.0,36287.48,1515.7141755195794,1599.8226697070245
629,460,16284.56,35.40121739130435,23.255000000000003,1.1018835833030391,0.2623675432434159,0.21827362851682822,0.1016637845910482,0.11527053847325319,0.09207371890919988,0.07038446233733057,0.04591097333916299,0.0360617664830981,0.03160785431107749,0.026385729795585514,0.0016065094207283748,24,19.166666666666668,0.36362665002923017,24.0,2976.0,24.0,0.0,0.0,0.0,0.0,0.0,0.0,58409.759999999995,2539.5547826086954,23,40471.81,58409.75,20371.68,530,11655.904710240997,23.0,1111.13,0.0,0.0,0.0,0.0,0.0,9661.801026224472,1602.4193981519413
630,437,17512.21,40.07370709382151,26.23,1.3652388898564685,0.2192778638447118,0.21155410996099294,0.1201150511557365,0.07287829462986112,0.07287030020768366,0.052686668330267854,0.045020588492257686,0.08937135861207694,0.05813144086326055,0.05809432390315101,0.0037880850184455195,24,18.208333333333332,0.39469490144305036,24.0,2976.0,24.0,0.0,0.0,0.0,0.0,0.0,0.0,35058.23,1524.2708695652175,23,16030.79,35058.13,20488.1,484,4502.508408380285,0.0,0.0,0.0,0.0,0.0,0.0,0.0,0.0,982.8654927817156
631,442,15943.43,36.07110859728507,26.055,0.9612184293448253,0.25206370272896106,0.21364097938774781,0.17367655517037425,0.0561378574121127,0.09245626568436026,0.05732141703510474,0.04535222345505328,0.02963352302484472,0.03533430384804274,0.04438317225339842,0.002068803165614974,24,18.416666666666668,0.3509922268922057,0.0,0.0,0.0,0.0,0.0,0.0,0.0,0.0,0.0,37152.95,1615.3456521739129,23,937.26,37152.9,37763.67,511,6659.8392223065,23.0,259.90000000000003,0.0,0.0,0.0,21560.54,0.0,2259.1955887496993,869.7073153489921
632,444,18340.4,41.30720720720721,26.93,1.3718031230609422,0.3129059344398159,0.14955889729776883,0.08022180541318619,0.12499345706745764,0.05257137248914963,0.07891103792719896,0.05592626115024754,0.05980949161414146,0.05239198708861311,0.03270975551242066,0.0005924861525488101,24,18.5,0.41621393208436014,0.0,0.0,0.0,0.0,0.0,0.0,0.0,0.0,0.0,35827.19,1557.7039130434785,23,894.8,35827.09,36425.08,489,5332.064720457805,0.0,0.0,0.0,0.0,0.0,0.0,18084.64,0.0,921.2853915718903
633,426,17008.47,39.92598591549296,24.325000000000003,1.8424092917825063,0.23630696940994694,0.18728315950817448,0.11362985618341923,0.05844735005558996,0.08546330151977223,0.08531337621784911,0.05513370691190919,0.09835158600391453,0.04051569600322663,0.03955499818619782,0.005294937137779954,24,17.75,0.29039884245908065,0.0,0.0,0.0,0.0,0.0,0.0,0.0,0.0,0.0,48942.729999999996,2127.9447826086953,23,33973.69,48942.83,17008.43,449,10203.273599990745,0.0,0.0,0.0,0.0,0.0,0.0,0.0,0.0,1522.994623056158
634,431,16020.75,37.17111368909513,25.35,1.2502069343716296,0.2473573334581714,0.22098840566140784,0.12252797153691306,0.05113867952499102,0.08401229655290794,0.10876956447107655,0.048048312344927666,0.037331585599925096,0.0406167002169062,0.039209150632773124,0.001487638352888565,24,17.958333333333332,0.3274004026028744,48.0,3936.0,24.0,24.0,0.0,0.0,0.0,0.0,0.0,74069.05,3220.39347826087,23,2191.21,74069.11,74964.11,525,16428.311860291713,0.0,0.0,0.0,0.0,0.0,0.0,55007.43,0.0,2545.6529048744537
635,446,16259.47,36.456210762331835,24.200000000000003,1.2539635482147038,0.24947922656765567,0.21353094535061723,0.13682303297708967,0.08161028619014027,0.044279426082153975,0.07660766310340988,0.04708456056685735,0.04149889264533223,0.04325171730689869,0.0658342492098451,0.003205458295376662,24,18.583333333333332,0.3085930845224353,96.0,19248.0,24.0,24.0,24.0,0.0,24.0,0.0,0.0,104202.88,4530.56,23,3317.89,104202.89,105415.57,588,20771.969500488296,0.0,0.0,0.0,0.0,0.0,69908.08,0.0,0.0,2753.6605236000796
636,433,16168.42,37.340461893764434,25.6,1.1945189676692112,0.2288331203667396,0.20665470095408212,0.10441094429758753,0.11065521553744893,0.09851488271581267,0.0507996452343519,0.06941061649808701,0.04301719030059833,0.03624472892218287,0.05145895517310906,0.001196849388190424,24,18.041666666666668,0.3843579026274676,24.0,2976.0,24.0,0.0,0.0,0.0,0.0,0.0,0.0,53861.04,2341.784347826087,23,36960.73,53861.0,19144.48,480,11203.97468357434,0.0,0.0,0.0,0.0,0.0,0.0,0.0,0.0,1329.508315935013
637,447,16684.15,37.324720357941835,23.85,1.2012293419752849,0.3090442126209606,0.2296269213594939,0.08450715199755456,0.08231645004390395,0.06538421196165223,0.07433162612419572,0.03890758594234647,0.0387283739357414,0.046717393454266475,0.03043607255988468,0.004710499689286718,24,18.625,0.3375988587971218,24.0,2976.0,24.0,0.0,0.0,0.0,0.0,0.0,0.0,46183.92,2007.9965217391305,23,28447.93,46183.87,19660.27,494,8300.42343861495,0.0,0.0,0.0,0.0,0.0,0.0,0.0,0.0,1403.7080895440513
638,447,16382.58,36.65006711409396,23.53,1.2249965585456084,0.25122904939270857,0.19891067218960626,0.09689377375236377,0.13450323453326643,0.0712525133403896,0.06235098500968712,0.05522451286671574,0.018508073819874526,0.05764842900202532,0.05347875609336258,0.004565148305372579,24,18.625,0.39355766918275387,48.0,5712.0,0.0,24.0,0.0,0.0,24.0,0.0,0.0,68378.08,2972.96,23,2129.47,68378.03,69221.51,541,13841.181577160736,0.0,0.0,0.0,0.0,0.0,0.0,47127.09,0.0,2182.477685283808
639,151,4613.92,30.555761589403975,20.87,1.1275160376771682,0.30816312376460797,0.16805449596005131,0.12076715677775081,0.10956843638381246,0.1145750251413115,0.03242362242951763,0.05319554738703749,0.02246679612997191,0.050098397891597604,0.020687398134341294,0.007546467026120496,24,6.291666666666667,0.7781517668273399,49.0,12605.0,0.0,23.0,21.0,5.0,0.0,48.0,1338.1499999999999,22546.56,980.2852173913044,23,3.29,22546.51,23482.66,292,1449.5460115415933,0.0,0.0,0.0,0.0,0.0,4925.6,0.0,0.0,-623.8519745837189
640,448,17392.16,38.82178571428572,27.59,1.067883944140446,0.2553225131323539,0.1924171580758227,0.13228776644189105,0.1313810360530262,0.05432620215085418,0.0660343511099254,0.04530834582938519,0.02510958960819128,0.04788479406813185,0.049928243530418304,0.0027931815387568504,24,18.666666666666668,0.3545402066218342,48.0,12696.0,0.0,24.0,0.0,24.0,0.0,0.0,0.0,47559.11,2067.7873913043477,23,683.96,47559.01,48856.68,542,5710.932304285983,0.0,0.0,0.0,0.0,0.0,0.0,18768.52,0.0,875.5355491831137
641,471,17097.7,36.300849256900214,26.05,1.2201124165639778,0.23050293314305434,0.23040759868286376,0.13608087637518496,0.0995432134146698,0.07065570222895477,0.11030781918035759,0.051753159781725025,0.012703463038888271,0.042868923890347826,0.015176310263953632,0.001949558026770104,24,19.625,0.3038648473186452,24.0,960.0,0.0,24.0,0.0,0.0,0.0,0.0,0.0,42372.729999999996,1842.292608695652,23,1062.17,42372.81,43076.17,541,7719.038963855924,0.0,0.0,0.0,0.0,0.0,25018.29,0.0,0.0,1234.4135968598891
642,442,18179.62,41.13036199095023,26.814999999999998,1.380973746177106,0.2376776852321446,0.21963110340040112,0.09133689263031901,0.13802708747487574,0.07414676434380918,0.041147174693420434,0.03813611065577829,0.09310865683661156,0.03399851041990977,0.03279001431273041,0.00098785997830253,24,18.416666666666668,0.42423549007074957,72.0,8688.0,24.0,24.0,0.0,0.0,24.0,1.0,21.78,37170.24,1616.0973913043476,23,248.33,37170.29,38470.72,559,3625.464035615025,0.0,0.0,0.0,0.0,0.0,11581.26,0.0,0.0,515.3722760415901
643,424,15287.03,36.05431603773585,25.115000000000002,1.1560352556301003,0.24694397799965068,0.22508754153030378,0.13323058828300854,0.11895116317558087,0.07425772043359632,0.020971372464108465,0.040280551552525246,0.04550327957752422,0.05041528668420223,0.04435851829949964,0.002002040474095579,24,17.666666666666668,0.36130497552500385,72.0,19464.0,24.0,0.0,0.0,24.0,24.0,0.0,0.0,37123.21,1614.0526086956522,23,3918.99,37123.27,34751.09,519,1592.0690999241108,0.0,0.0,0.0,0.0,0.0,0.0,0.0,0.0,39.36299279836544
644,457,16166.32,35.37487964989059,24.49,1.241079193359185,0.3011396533039059,0.23114475032041926,0.0995662587403936,0.07207948376624983,0.08539358369746486,0.032876375081032666,0.056766165707470846,0.03868103563457856,0.05072706713710975,0.03162562661137476,0.0021499882779316692,24,19.041666666666668,0.4159252074683663,48.0,11520.0,0.0,24.0,24.0,0.0,0.0,0.0,0.0,45084.0,1960.1739130434783,23,652.1,45084.0,46310.4,563,4354.619496492576,13.0,4070.93,0.0,0.0,0.0,0.0,14553.18,0.0,684.4201506708923
645,436,18109.9,41.53646788990826,27.295,1.6230933825724905,0.23412001170630428,0.22768706619031578,0.08458080939154826,0.1750567369228985,0.0846404452813102,0.044736304452260914,0.044147676132943854,0.04284286495231889,0.033578319040966545,0.028609765929132683,0.0030606974231007777,24,18.166666666666668,0.3995996664807646,48.0,11520.0,0.0,24.0,24.0,0.0,0.0,0.0,0.0,51237.12,2227.7008695652175,23,23742.14,51237.13,29629.86,507,7136.388385398499,0.0,0.0,0.0,0.0,0.0,0.0,0.0,0.0,1147.2103480041196
646,445,16531.48,37.14939325842697,25.93,0.965776743872544,0.2600807671182495,0.18678726889546485,0.14890439331505706,0.06821228347371197,0.04086748433897025,0.1207617224834074,0.036663384040630353,0.03149869219210863,0.06592452702359376,0.040299477118806055,0.0016021825236243181,24,18.541666666666668,0.38058116998599034,24.0,960.0,0.0,24.0,0.0,0.0,0.0,0.0,0.0,43546.59,1893.33,23,1071.13,43546.55,44368.75,515,7756.969192258948,0.0,0.0,0.0,0.0,0.0,0.0,26877.24,0.0,1305.1284646273734
647,433,16024.44,37.00794457274827,24.42,1.4169470393483359,0.29556477480648313,0.15498076687859297,0.09349780709965529,0.08497457633464883,0.06146299028234372,0.0760987591454054,0.057275636465299255,0.109279325829795,0.03159611193901316,0.03526925121876334,0.002927979980923534,24,18.041666666666668,0.3961205508585635,72.0,23256.0,0.0,24.0,24.0,24.0,0.0,0.0,0.0,52915.92,2300.6921739130435,23,15840.25,52915.96,39280.55,528,4693.221009905904,0.0,0.0,0.0,0.0,0.0,0.0,0.0,0.0,664.6617737048064
648,457,16935.73,37.05849015317287,25.76,0.9804430434547939,0.24006936813470692,0.22903411898985165,0.15157185429857467,0.07026033126413801,0.08474273031041474,0.03433096772326909,0.03744450342559783,0.06817361873388392,0.049653011709563155,0.034719495410000044,0.0016106332079717234,24,19.041666666666668,0.3640197381512342,24.0,2976.0,24.0,0.0,0.0,0.0,0.0,0.0,0.0,33763.44,1467.9756521739132,23,292.12,33763.4,34878.09,527,5102.878640401383,0.0,0.0,0.0,0.0,0.0,14966.38,0.0,0.0,464.9283772147877
649,442,17356.05,39.2670814479638,26.79,1.3640139507059441,0.26170297965262834,0.20522065792619867,0.09112269208719727,0.07586057887595393,0.07183489330809718,0.11839214567830815,0.023609058512737632,0.07353919814704382,0.0335133858222349,0.04520440998960017,0.0017692943750738932,24,18.416666666666668,0.32598200627446916,48.0,3936.0,24.0,24.0,0.0,0.0,0.0,0.0,0.0,27408.71,1191.6830434782607,23,7258.65,27408.65,21292.03,513,2084.39473481281,0.0,0.0,0.0,0.0,0.0,0.0,0.0,0.0,275.60715544733625
650,280,8753.68,31.263142857142856,24.205,0.9494116561470272,0.25937091600332657,0.24263852459765492,0.10948081264108352,0.03370125478655834,0.0637400498990139,0.11389267142504637,0.04451156542162839,0.005341753411136801,0.042398168541687604,0.08492428327286353,0.004026349462262435,24,11.666666666666666,0.597916533389386,47.0,11480.0,0.0,23.0,24.0,0.0,0.0,23.0,233.2,19656.0,854.6086956521739,23,8.09,19656.03,20466.95,373,313.2683866321072,0.0,0.0,0.0,0.0,0.0,0.0,0.0,0.0,-568.8686482551304
651,440,17236.88,39.174727272727274,27.44,1.2278135034511641,0.32108653074106225,0.15471767512450052,0.09446025034693055,0.10313699463011869,0.054028919386803195,0.05536732865808662,0.06559945883477754,0.07816379762462813,0.0460135476954066,0.02742549695768608,0.0013258243595600794,24,18.333333333333332,0.3392046588477729,72.0,14496.0,24.0,24.0,24.0,0.0,0.0,0.0,0.0,60082.44,2612.28,23,1617.06,60082.49,61077.71,571,6057.4805676333235,13.0,9412.76,0.0,0.0,0.0,19932.11,0.0,0.0,591.8223399578098
652,434,15767.91,36.331589861751155,26.985,0.9441369587108317,0.23559558622544144,0.20361037068324214,0.1405392344324644,0.07378403352124664,0.07532069881170049,0.04877691463231336,0.06925331258232703,0.07550778765226336,0.048462351700383884,0.029149709758617345,0.0018997792054996632,24,18.083333333333332,0.33960683438705574,96.0,26232.0,24.0,24.0,24.0,24.0,0.0,0.0,0.0,71444.88,3106.299130434783,23,871.19,71444.84,73550.52,576,9780.327325690063,0.0,0.0,0.0,0.0,0.0,0.0,31550.61,0.0,1256.1382876279608
653,291,9713.89,33.38106529209622,24.17,1.0550945783147252,0.2851998529940117,0.22555845289580181,0.10850339050576031,0.052936568151379114,0.057907800067738054,0.022808576172882337,0.06347405622258437,0.09458208812329562,0.07150276562736452,0.017526449239182243,0.0025975002707059325,24,12.125,0.6341836277742491,46.0,3772.0,23.0,23.0,0.0,0.0,0.0,26.0,206.8,13150.319999999998,571.7530434782608,23,5.67,13150.32,13692.58,386,212.25494696175537,0.0,0.0,0.0,0.0,0.0,0.0,0.0,0.0,-266.1897948479468
654,450,16433.96,36.51991111111111,25.95,1.0375788290657397,0.24997018369279225,0.226402522581289,0.11872731830915982,0.050911648805278834,0.08240314568126003,0.04406850205306573,0.04632115448741509,0.0868269120771865,0.05403019114078409,0.0403384211717687,0.0018281974727247796,24,18.75,0.33107358177822027,48.0,3936.0,24.0,24.0,0.0,0.0,0.0,0.0,0.0,24492.73,1064.901304347826,23,287.96,24492.79,25225.36,541,1608.407640128515,0.0,0.0,0.0,0.0,0.0,0.0,4855.41,0.0,287.98300637652994
655,445,17905.06,40.23608988764045,24.05,1.5236984493720653,0.19950840712066867,0.22064042231637312,0.13744829673846387,0.09295975551045346,0.0705711123000984,0.10924174507094642,0.03719339672695875,0.030335000273665653,0.021644719425681903,0.0804571445166897,0.005864169882371595,24,18.541666666666668,0.34408206395287144,24.0,960.0,0.0,24.0,0.0,0.0,0.0,0.0,0.0,37441.21,1627.878695652174,23,20136.25,37441.28,18865.08,492,5969.064764173801,0.0,0.0,0.0,0.0,0.0,0.0,0.0,0.0,848.033245053172
656,443,16969.46,38.30577878103837,24.87,1.3316856561045614,0.2637779870426048,0.18874908217468325,0.08858502274085328,0.05687452635499303,0.0964084891328304,0.07952462836177462,0.03836008924267478,0.08871643529022138,0.06268083957886698,0.03632290008049755,0.0027008250997583305,24,18.458333333333332,0.302509331469593,72.0,14496.0,24.0,24.0,24.0,0.0,0.0,0.0,0.0,57083.27,2481.881304347826,23,1491.75,57083.21,57969.92,561,7954.138727786922,0.0,0.0,0.0,0.0,0.0,0.0,26504.45,0.0,1259.256961545349
657,307,10608.98,34.556938110749186,24.97,1.2021664360299558,0.238734543754442,0.22420817081378228,0.12369520915300057,0.10691225735179066,0.13276771188182088,0.03346127525926149,0.06590171722446456,0.020524122017385273,0.017810383279071126,0.03598460926498118,0.004425145342113135,24,12.791666666666666,0.5691960961374233,48.0,12696.0,0.0,24.0,0.0,24.0,0.0,0.0,0.0,31044.48,1349.76,23,133.7,32275.19,32141.49,417,2763.903659682307,0.0,0.0,0.0,17.0,1230.76,8836.59,0.0,7299.455979646078,-141.06
658,303,10336.75,34.114686468646866,22.64,1.2332188264500143,0.29188574745447077,0.1812339468401577,0.10510556993252233,0.0456748978160447,0.04823759885844198,0.06454833482477569,0.061449681959997116,0.05909304181681863,0.06123491426221976,0.08153626623455149,0.004115260515919372,24,12.625,0.5829965898372312,93.0,20062.0,23.0,23.0,0.0,24.0,23.0,52.0,990.66,30148.320000000003,1310.7965217391306,23,15.05,30148.3,31389.42,471,472.18868609272397,0.0,0.0,0.0,0.0,0.0,0.0,0.0,0.0,-1029.5410252727331
659,468,18751.89,40.068141025641026,25.634999999999998,1.7159679917132868,0.21882220938796038,0.1679452044567241,0.11109653480262523,0.1583029763933129,0.0949994907180023,0.08098650322714138,0.03863823859888257,0.04165020165967271,0.03391978088608668,0.05363885986959181,0.001439000141589486,24,19.5,0.31717816177462643,0.0,0.0,0.0,0.0,0.0,0.0,0.0,0.0,0.0,30966.24,1346.3582608695654,23,13504.62,30966.2,18751.84,491,4272.555862063753,0.0,0.0,0.0,0.0,0.0,0.0,0.0,0.0,552.9283201628134
660,464,17924.39,38.630150862068966,28.775,1.001119325162595,0.26612397967239054,0.19796601167459535,0.1294169564487271,0.09025969642481557,0.1013183712249064,0.0660184251737437,0.04709281598983285,0.03238269196329694,0.040863315292738,0.02855773613495355,0.0017368047984011037,24,19.333333333333332,0.33173346484873406,24.0,2976.0,24.0,0.0,0.0,0.0,0.0,0.0,0.0,44004.479999999996,1913.238260869565,23,24937.63,44004.53,20900.42,511,7383.504590216803,0.0,0.0,0.0,0.0,0.0,0.0,0.0,0.0,909.2321964608325
661,440,15315.24,34.80736363636363,25.145000000000003,1.08729398574341,0.21729336268971303,0.23085175289450252,0.11434949762458833,0.08031150670835065,0.10236274456032032,0.10221583207315069,0.04914059459727697,0.034313533447729194,0.039411070280322084,0.02975010512404638,0.0018789811791598554,24,18.333333333333332,0.38652936552087985,72.0,8688.0,24.0,24.0,0.0,0.0,24.0,0.0,0.0,66569.53,2894.3273913043477,23,1720.1,66569.62,67623.26,558,13236.01467193944,0.0,0.0,0.0,0.0,0.0,0.0,43620.0,0.0,1925.5342168201914
662,430,15249.14,35.463116279069766,25.735,0.8834322972393747,0.24184904853650763,0.23320265929750789,0.057273393778272084,0.04944541134778748,0.10473311937591233,0.10582039380581462,0.074391736189713,0.039788473317183784,0.06751921747718231,0.0259765468741188,0.0009767409375106562,24,17.916666666666668,0.37111732202602904,72.0,14496.0,24.0,24.0,24.0,0.0,0.0,0.0,0.0,40688.61,1769.07,23,436.53,40688.54,42021.07,548,3625.371639301333,0.0,0.0,0.0,0.0,0.0,12275.76,0.0,0.0,495.916772160901
663,441,19690.19,44.64895691609977,26.16,3.7524860752906624,0.22499224232981,0.17718163207160523,0.07104400719342983,0.10879376989252011,0.045188492340602106,0.027203394177506675,0.030602040914790574,0.20868513711650322,0.06780584646466084,0.03850343749857163,0.0012051430886121928,24,18.375,0.31771557308487125,48.0,13536.0,24.0,0.0,24.0,0.0,0.0,0.0,0.0,113819.52999999998,4948.675217391304,23,3549.75,113819.62,115012.35,535,24617.364050711414,0.0,0.0,0.0,0.0,0.0,0.0,81786.22,0.0,3665.9641121186596
664,148,3987.05,26.93952702702703,20.805,0.7967539684800314,0.3404120841223461,0.19973413927590575,0.1199759220476292,0.0439673442770971,0.04397486863721297,0.077340389511042,0.04960559812392621,0.023889843367903587,0.09000639570609849,0.011093414930838588,0.005971222390463771,24,6.166666666666667,0.788949223109818,46.0,11040.0,0.0,23.0,23.0,0.0,0.0,39.0,963.5999999999999,15833.29,688.4039130434783,23,-231.72,15833.36,16724.8,281,304.4367518465835,1.0,14.16,24.0,0.0,0.0,0.0,0.0,3128.655769374855,-861.4567672213345
665,433,15504.84,35.80794457274827,25.03,1.0901580938838573,0.29339999638822456,0.22238346219632063,0.11928275299841856,0.08713537192257385,0.06777819055211147,0.019910556961568127,0.05809540762755372,0.03886657327647367,0.043020115009248724,0.05012757306750666,0.005128073549679035,24,18.041666666666668,0.3904503367980579,72.0,15672.0,24.0,24.0,0.0,24.0,0.0,0.0,0.0,45340.32,1971.3182608695652,23,713.3,45340.34,46516.22,550,4985.771569169737,0.0,0.0,0.0,0.0,0.0,0.0,15339.34,0.0,753.0407922644465
666,453,18020.41,39.780154525386315,25.93,1.2165843430015888,0.22848314771972444,0.19966138395297334,0.0905107042514571,0.11903280779960057,0.09666428233319886,0.06230324393285169,0.04569596363234799,0.052335657179831095,0.06027998253091911,0.04503282666709581,0.0007996363443700805,24,18.875,0.3888568573079081,24.0,960.0,0.0,24.0,0.0,0.0,0.0,0.0,0.0,31140.97,1353.9552173913044,23,9902.03,31141.03,22536.54,513,3099.745913787901,13.0,3556.1,0.0,0.0,0.0,0.0,0.0,0.0,142.06304801265833
667,399,13939.92,34.93714285714286,22.31,1.0998610134548625,0.2692196224942467,0.23389517299955806,0.08946321069274427,0.10404937761479262,0.08736778977210773,0.04669682465896504,0.04546080608783981,0.064800945773003,0.039352449655378215,0.019693800251364427,0.003961957809073824,24,16.625,0.3916163076976052,72.0,14496.0,24.0,24.0,24.0,0.0,0.0,7.0,40.040000000000006,27503.03,1195.7839130434782,23,173.01,27502.96,28475.9,501,487.57920821077863,0.0,0.0,0.0,0.0,0.0,0.0,0.0,0.0,-204.15352081615765
668,445,16373.15,36.79359550561798,24.81,1.2456506987120053,0.2723006874059054,0.2108158784351209,0.15202694655579407,0.052972702259491904,0.09831461875082069,0.04483315672304962,0.03607796911406785,0.04563874391916033,0.0562042123842999,0.030815084452289265,0.003263207517627209,24,18.541666666666668,0.3401410235660212,48.0,3936.0,24.0,24.0,0.0,0.0,0.0,0.0,0.0,44658.0,1941.6521739130435,23,1100.84,44658.02,45417.93,539,7718.3296329329105,0.0,0.0,0.0,0.0,0.0,0.0,25108.68,0.0,1299.1209278593394
669,334,11962.48,35.81580838323353,24.119999999999997,1.3431391843939526,0.29709558553075954,0.1940007423209903,0.10499745872093412,0.06507597086891682,0.0865564665520862,0.04599464325123219,0.05827470557944507,0.09604697353725984,0.025855842601199754,0.026101611037176238,0.0013521553176355505,24,13.916666666666666,0.5103180945757068,93.0,18886.0,23.0,23.0,24.0,0.0,23.0,43.0,602.58,35967.840000000004,1563.8191304347827,23,15.6,35967.89,37450.96,512,2127.345359615356,0.0,0.0,0.0,0.0,0.0,0.0,5999.91,0.0,-292.00780975046814
670,436,15274.82,35.03399082568807,25.105,1.321423229976464,0.2836504783689759,0.23493828405179243,0.10037041353024127,0.04784409898119913,0.04948601685649978,0.07343458057116221,0.04128428354638549,0.09177653157287614,0.04513179206039744,0.03208352046047024,0.001795311608454031,24,18.166666666666668,0.42749570862373504,48.0,3936.0,24.0,24.0,0.0,0.0,0.0,0.0,0.0,47860.57,2080.894347826087,23,1219.72,47860.66,48635.13,530,8998.211474305846,0.0,0.0,0.0,0.0,0.0,29424.26,0.0,0.0,1371.5641630168443
671,459,18536.96,40.38553376906318,26.96,1.1130734328602652,0.26656582309073334,0.15903308848915895,0.13758944292915343,0.11564086020577269,0.06889479181052341,0.06620718823366939,0.04346775307278,0.05560512619113382,0.05122576733186024,0.03577015864521475,0.0016150851744300976,24,19.125,0.3703325680154675,48.0,14712.0,24.0,0.0,0.0,24.0,0.0,0.0,0.0,53142.49,2310.5430434782606,23,804.09,53142.55,54552.73,552,6758.593328989247,0.0,0.0,0.0,0.0,0.0,0.0,21303.83,0.0,805.3529644345672
672,437,16368.24,37.455926773455374,24.29,1.1284370856258255,0.29514902029784507,0.16963766415937204,0.11893764998558182,0.09705502851864341,0.05092178511556526,0.05675564385663944,0.04565426704398273,0.05077210500334794,0.06642375722741113,0.04869307879161106,0.003825195089273148,24,18.208333333333332,0.3398355595959004,24.0,2976.0,24.0,0.0,0.0,0.0,0.0,0.0,0.0,38575.44,1677.193043478261,23,813.92,38575.42,39368.8,530,5908.946852303011,23.0,602.14,0.0,0.0,0.0,0.0,19422.51,5235.588910097847,822.5091283983705
673,438,18017.329999999998,41.135456621004565,25.925,1.6081722121509692,0.2082783631092953,0.22164216340600965,0.07550674822518097,0.19119980596459074,0.0862269825773297,0.06530379362535957,0.03566122172375152,0.017677980033667582,0.07246134693653276,0.026041594398282096,0.002534630089330858,24,18.25,0.4105957986005696,48.0,3936.0,24.0,24.0,0.0,0.0,0.0,0.0,0.0,51665.05,2246.3065217391304,23,31864.62,51665.15,21953.25,509,9434.091237587723,0.0,0.0,0.0,0.0,0.0,0.0,0.0,0.0,1491.1546639606568
674,410,14083.06,34.348926829268294,21.685,1.2537906156876433,0.2359828048733727,0.23131549535399268,0.10415705109542954,0.0864109078566732,0.07163855014464186,0.05936848951861315,0.05081637087394359,0.06250630189745694,0.023784603630176968,0.0740194247556994,0.0019026984063632568,24,17.083333333333332,0.3737589699965775,47.0,3896.0,24.0,23.0,0.0,0.0,0.0,2.0,8.8,20716.79,900.73,23,11.74,20716.69,21605.68,500,909.9763715578082,0.0,0.0,0.0,0.0,0.0,0.0,3617.89,0.0,274.6258531865517
675,430,15278.48,35.5313488372093,25.275,0.9743741978884441,0.28376906603274676,0.2011666081966269,0.0876062278446547,0.09126562328189716,0.0917637094789534,0.08149239976751614,0.05434899283174766,0.03605790628387117,0.03508725998921359,0.03744220629277258,0.0023564180775489385,24,17.916666666666668,0.392427126258633,48.0,3936.0,24.0,24.0,0.0,0.0,0.0,0.0,0.0,25852.8,1124.0347826086957,23,340.5,25852.83,26589.53,524,2376.34201655524,0.0,0.0,0.0,0.0,0.0,0.0,7375.07,0.0,118.4810736142756
676,153,4206.42,27.492941176470588,20.83,0.8499381688361969,0.33163117330176256,0.23106584696725482,0.0944294673380214,0.059016931262213475,0.09177875723299148,0.04621031661127514,0.09524964221356878,0.006468683583664969,0.014254401605165437,0.02989477988408195,0.0045285178824922,24,6.375,0.8080862110773532,23.0,2852.0,23.0,0.0,0.0,0.0,0.0,22.0,300.08000000000004,6556.61,285.07,23,-581.62,6556.66,7423.36,223,180.47132093693327,1.0,34.92,1.0,0.0,0.0,0.0,0.0,7793.8199818400135,-859.247620143979
677,427,15249.65,35.713466042154565,23.89,1.1882380360502474,0.2533572901673153,0.19774093175908952,0.11296062532582714,0.05717049243753135,0.1135744099044896,0.027529812159623333,0.046783368798628155,0.0788759086274111,0.07207706406376539,0.03993009675631899,0.0038811246074719197,24,17.791666666666668,0.3653008429701665,72.0,8688.0,24.0,24.0,0.0,0.0,24.0,0.0,0.0,38061.130000000005,1654.831739130435,23,757.64,38061.2,38889.44,544,4669.603914198601,0.0,0.0,0.0,0.0,0.0,14951.76,0.0,0.0,631.0231755299878
678,437,14993.64,34.310389016018306,24.25,1.160662814690859,0.2028226634759805,0.23630352602836935,0.13544676276074388,0.11115246197721165,0.05661600518619894,0.04422808604181506,0.044697618456892386,0.05902769440909612,0.08183869960863405,0.027866482055058008,0.0011459553273628353,24,18.208333333333332,0.3756199295167818,48.0,14712.0,24.0,0.0,0.0,24.0,0.0,0.0,0.0,30594.71,1330.2047826086957,23,2163.81,30594.6,29705.57,508,995.0168236594678,0.0,0.0,0.0,0.0,0.0,0.0,0.0,0.0,114.88513226986629
679,436,15987.14,36.66775229357798,25.33,1.3701831326220786,0.2822481069159337,0.20618947479036276,0.1300076186234686,0.09132652869744057,0.060877054932902325,0.08443036090257544,0.06643402134465576,0.005291753246672012,0.04233089845963693,0.030864182086351905,0.0017257454392063387,24,18.166666666666668,0.3076172473625677,72.0,14496.0,24.0,24.0,24.0,0.0,0.0,0.0,0.0,48567.11,2111.6134782608697,23,672.41,48567.02,49918.24,577,5913.621189759708,23.0,517.04,1.0,0.0,0.0,0.0,18888.08,4496.263236381231,924.4959589878276
680,434,18066.92,41.62884792626728,27.255,1.4299185269356849,0.2812028835020026,0.2143840787472353,0.1030895138739752,0.09688092934490218,0.0782496407799448,0.06766842383759933,0.02685958647074322,0.033402483655210743,0.0604048725516026,0.03785758723678414,0.005067817565723609,24,18.083333333333332,0.34583205106349063,48.0,3936.0,24.0,24.0,0.0,0.0,0.0,0.0,0.0,48414.479999999996,2104.9773913043477,23,1357.79,48414.45,49073.93,528,8627.9359134721,0.0,0.0,0.0,0.0,0.0,27071.02,0.0,0.0,1380.7887234457362
681,460,16774.49,36.46628260869566,24.32,1.2454528066326045,0.24282407393607797,0.22034410584166794,0.09405949152552479,0.0344827175073579,0.09709445711911362,0.0835775036975789,0.0558306094551906,0.09213752549257832,0.033232604985308056,0.04641691043960205,0.0019824170923086193,24,19.166666666666668,0.3258531257880269,24.0,2976.0,24.0,0.0,0.0,0.0,0.0,0.0,0.0,47960.159999999996,2085.2243478260866,23,30207.96,47960.19,19750.57,507,8972.210608354459,0.0,0.0,0.0,0.0,0.0,0.0,0.0,0.0,1402.7511505978932
682,385,13223.71,34.3472987012987,24.75,0.9428915703497819,0.30529102649710255,0.2340863494435374,0.13554743714131665,0.08122228935752523,0.07185351160907189,0.032896214451163856,0.053322403470735524,0.02247326960436973,0.030726626642598787,0.032580871782578416,0.001438811180746291,24,16.041666666666668,0.46498448619941,24.0,2976.0,24.0,0.0,0.0,0.0,0.0,3.0,40.92,15595.15,678.05,23,32.44,15595.08,16240.69,435,219.94909835139927,0.0,0.0,0.0,0.0,0.0,0.0,0.0,0.0,-124.00289830913562
683,448,17203.83,38.40140625,28.085,1.1256768817496985,0.23813592670934322,0.19051862288804294,0.12535871372828025,0.01838718471410145,0.13662364717623923,0.07225019080053685,0.03632970100262557,0.07469034511501217,0.07351502543329014,0.034190642432528104,0.0025567971650970467,24,18.666666666666668,0.3574704004864033,72.0,17448.0,0.0,24.0,0.0,24.0,24.0,0.0,0.0,62974.799999999996,2738.0347826086954,23,1150.31,62974.82,64448.46,566,9230.166576659003,0.0,0.0,0.0,0.0,0.0,0.0,29796.62,0.0,1521.2406368014144
684,371,13001.99,35.045795148247976,23.91,1.0221714354234404,0.2946495113440327,0.21755977354235773,0.13183751102715813,0.058314919485401844,0.05877946375900919,0.046788991531296356,0.05006618217672833,0.03292880551361753,0.08530924881498908,0.023765592805409016,0.002073664869975289,24,15.458333333333334,0.4850319066542891,23.0,2852.0,23.0,0.0,0.0,0.0,0.0,0.0,0.0,17833.199999999997,775.3565217391304,23,2.13,17833.15,18574.07,435,963.2084321961474,0.0,0.0,0.0,0.0,0.0,2720.16,0.0,0.0,17.84804174888245
685,462,16867.92,36.510649350649345,25.055,1.100745367238789,0.2726198606585756,0.2097970585584945,0.10229951292156947,0.08064598361860859,0.054638034802157,0.10365356250207496,0.04551242832548411,0.031070813710285566,0.06788981688317233,0.031872928019577994,0.002099026866586362,24,19.25,0.39520877500011864,48.0,3936.0,24.0,24.0,0.0,0.0,0.0,0.0,0.0,57615.92,2505.04,23,1877.12,57615.82,58243.74,579,10326.817466563212,23.0,1532.03,0.0,0.0,0.0,0.0,35907.84,13322.628492418818,1875.4056402382707
686,421,16646.78,39.54104513064133,25.13,1.2061757143247023,0.20781856911667002,0.2056517837083208,0.11691330095069438,0.07755493855268106,0.11056132176913494,0.05161058174613949,0.059655380800371006,0.06622962518877525,0.043326697415356004,0.06067780075185712,0.001390274814596748,24,17.541666666666668,0.3793340213542799,72.0,15672.0,24.0,24.0,0.0,24.0,0.0,0.0,0.0,320122.97,13918.39,23,287585.08,320122.97,46456.28,529,80782.9970188434,13.0,14137.44,0.0,0.0,0.0,0.0,0.0,0.0,11678.830054225353
687,129,3921.13,30.396356589147288,24.3,0.9344847469648294,0.27548946349649206,0.2633424548535753,0.11669085187178187,0.019420422174220187,0.039741095041480386,0.012980951919472192,0.08149691542999084,0.07510335030973214,0.03633136366302571,0.07940313124022923,0.0034821467747704338,23,5.608695652173913,0.8224516912216632,69.0,15019.0,23.0,23.0,0.0,23.0,0.0,61.0,1391.61,20832.95,905.7804347826087,23,2.44,20832.85,21698.45,298,561.4622125634544,0.0,0.0,0.0,0.0,0.0,1366.71,0.0,0.0,-802.4945136252666
688,164,5335.51,32.53359756097561,22.174999999999997,1.2393554250284897,0.2912111494496309,0.2613358423093575,0.07613142886059628,0.09943379358299395,0.03949200732451069,0.023201156028195998,0.06357405383927685,0.027118307340816532,0.046312348772657164,0.07218991249196423,0.005517763800158448,24,6.833333333333333,0.7732794053426945,69.0,13892.0,23.0,23.0,23.0,0.0,0.0,61.0,1210.44,19620.48,853.064347826087,23,0.0,19620.47,20437.98,317,332.2501309310556,0.0,0.0,0.0,0.0,0.0,0.0,0.0,0.0,-799.670470464964
689,361,11105.04,30.7618836565097,23.57,0.9557749661768367,0.2509968446759309,0.2535056154682919,0.11617157614920794,0.017346177951632773,0.11249846916355097,0.1013035522609554,0.059767456938471186,0.013067039830563423,0.03663111524136789,0.038712152320027664,0.003907165841974369,24,15.041666666666666,0.4926240697917341,24.0,960.0,0.0,24.0,0.0,0.0,0.0,10.0,44.0,11604.65,504.55,23,0.19,11604.61,12108.97,418,163.77013487265074,0.0,0.0,0.0,0.0,0.0,0.0,0.0,0.0,-274.8618795234447
690,449,15714.95,34.99988864142539,26.92,0.8770478983071376,0.2937992166694771,0.21552152568095984,0.14123430236812717,0.04014139402288903,0.08215043636791718,0.06275680164429413,0.042469750142380344,0.01941336116245995,0.048081603823111115,0.05443160811838408,0.0036516905643804165,24,18.708333333333332,0.3391592082698322,48.0,3936.0,24.0,24.0,0.0,0.0,0.0,0.0,0.0,30940.79,1345.2517391304348,23,673.95,30940.73,31555.98,542,3635.25717079655,0.0,0.0,0.0,0.0,0.0,0.0,11904.97,0.0,785.717216905427
691,435,17593.25,40.444252873563215,24.78,1.5642755026460382,0.2010549500518665,0.19049294473732822,0.09100080996973271,0.09160274537109403,0.08225938925440154,0.1043121651769855,0.0652989072513606,0.12091000809969732,0.03038665397240419,0.02268142611512938,0.0029919838643649443,24,18.125,0.36331888650476746,0.0,0.0,0.0,0.0,0.0,0.0,0.0,0.0,0.0,26759.52,1163.4573913043478,23,-194.95,26759.5,28069.43,508,3138.441732936689,21.0,507.06,8.0,0.0,0.0,0.0,9729.14,4868.543293494123,210.01935593183964
692,450,16683.93,37.0754,24.92,1.1613934718132775,0.2609666907017711,0.19809061773814682,0.14258511034270702,0.10470434723713178,0.07323993807214488,0.044335477312599604,0.058979509024552366,0.02068217740064841,0.05841789074876243,0.03799824142153557,0.0025249883832507702,24,18.75,0.37044389421437274,0.0,0.0,0.0,0.0,0.0,0.0,0.0,0.0,0.0,39361.909999999996,1711.3873913043476,23,12047.17,39361.83,28954.74,486,3679.1375273014787,13.0,12270.99,0.0,0.0,0.0,0.0,0.0,0.0,-23.70371669441829
693,437,18499.78,42.333592677345536,27.18,1.5594528709141722,0.23405954016750466,0.18504382214274978,0.146057412574636,0.15134342138122722,0.06786296918125512,0.047661647868244915,0.025979227861088073,0.034795548920041205,0.06495644813073452,0.042239961772518375,0.0032274818037257846,24,18.208333333333332,0.31417779022237025,48.0,3936.0,24.0,24.0,0.0,0.0,0.0,0.0,0.0,45996.24,1999.8365217391304,23,466.81,45996.18,47445.88,544,5261.656257762986,13.0,7994.200000000001,0.0,0.0,0.0,0.0,17015.9,0.0,668.4575753437191
694,442,16464.83,37.25074660633484,24.25,0.9995099290461011,0.2976319828385716,0.18388225083405052,0.09871769098132199,0.08504430352454291,0.08713239067758366,0.07103201187014987,0.03886465879088943,0.03922785719621763,0.06619564246943332,0.032271210817238924,0.001835393624062709,24,18.416666666666668,0.31225405910659265,24.0,2976.0,24.0,0.0,0.0,0.0,0.0,0.0,0.0,21343.920000000002,927.9965217391306,23,2792.33,21343.88,19440.88,489,808.8493036403149,0.0,0.0,0.0,0.0,0.0,0.0,0.0,0.0,135.3584024914046
695,378,11728.59,31.028015873015875,20.700000000000003,1.0091212766152327,0.2920811453039112,0.21005167714107154,0.11615974298700865,0.034857557472807894,0.08392483665982015,0.05285716356356561,0.04698007177333337,0.042513209175186445,0.05869332971823552,0.0618812662050596,0.004280082128573781,24,15.75,0.4488553184994956,70.0,14332.0,23.0,23.0,24.0,0.0,0.0,7.0,77.0,29092.08,1264.873043478261,23,2.07,29092.11,30302.22,497,1339.7832967877948,0.0,0.0,0.0,0.0,0.0,4164.63,0.0,0.0,-4.108611129046494
696,348,11731.08,33.71,23.869999999999997,0.8659550546989407,0.3253647575500295,0.1958361889953866,0.0998612233485749,0.04203278811499026,0.08390531818042328,0.03763506855293801,0.07744129270280316,0.027890015241563437,0.08692805777473174,0.02310528953855911,0.0028202183603095454,24,14.5,0.44714553135772667,71.0,14456.0,24.0,23.0,24.0,0.0,0.0,17.0,148.72,25286.17,1099.3986956521737,23,3.99,25286.22,26335.83,459,480.4870640013004,0.0,0.0,0.0,0.0,0.0,0.0,0.0,0.0,-231.9374390053233
697,361,12737.72,35.284542936288084,25.72,1.0232629151737913,0.2961346300593827,0.19363512465339167,0.13653856420144267,0.035344629965174304,0.08115345603451796,0.05176358092343057,0.03717070244910392,0.06488209820909865,0.06762748749383721,0.03574972601062043,0.0022627914699847596,24,15.041666666666666,0.49971109429317023,70.0,19142.0,23.0,0.0,0.0,24.0,23.0,25.0,495.66,31084.81,1351.5134782608695,23,4.69,31084.89,32375.4,479,577.5906833293288,0.0,0.0,0.0,0.0,0.0,0.0,0.0,0.0,-574.3261123492539
698,460,16214.98,35.24995652173913,25.685000000000002,1.008510169827813,0.25912952097381553,0.23170488030204167,0.11750369103137961,0.027646657596864133,0.09703619739278124,0.05890294036748734,0.060518113497518955,0.0606309721011065,0.05173672739651853,0.03519029934048639,0.00230925967511153,24,19.166666666666668,0.3959733530352797,72.0,14496.0,24.0,24.0,24.0,0.0,0.0,0.0,0.0,41148.24,1789.0539130434781,23,768.69,41148.21,42094.02,578,3632.2582402653525,0.0,0.0,0.0,0.0,0.0,11382.95,0.0,0.0,511.81855725419405
699,444,19794.38,44.58193693693694,27.015,1.358373175724402,0.29199702137677463,0.16770669250565062,0.07900929455734407,0.12095049200833773,0.08301548217221252,0.09373216034046028,0.03405411030807735,0.04596809801569941,0.04007147483275557,0.04349517388268792,0.002167732269571565,24,18.5,0.37692920919978296,24.0,2976.0,24.0,0.0,0.0,0.0,0.0,0.0,0.0,58360.08,2537.3947826086956,23,1466.94,58360.11,59324.85,514,11379.160533409797,0.0,0.0,0.0,0.0,0.0,0.0,36554.45,0.0,1572.701451917669
700,449,15549.55,34.6315144766147,23.72,1.089283232633413,0.3293574412121251,0.19075407326900135,0.09707226254135973,0.0745191983047741,0.07709933727985699,0.09902601683006904,0.048401400683621074,0.01855616400474612,0.04029955850812403,0.024914547366322502,0.0026022910266308985,24,18.708333333333332,0.2962259357987852,120.0,30984.0,24.0,24.0,24.0,24.0,24.0,0.0,0.0,57287.27999999999,2490.7513043478257,23,13140.65,57287.22,46533.55,592,3937.7771300692443,0.0,0.0,0.0,0.0,0.0,0.0,0.0,0.0,797.7177026500465
701,450,16948.73,37.66384444444444,24.81,1.1331038934479196,0.2623978315779413,0.21368621719739475,0.09805454449979438,0.07902421007355714,0.0626796226029915,0.039123875358212684,0.05780669112080964,0.09040972391441718,0.040934040485629306,0.05588324316925221,0.004391305261590928,24,18.75,0.34416147994569507,24.0,2976.0,24.0,0.0,0.0,0.0,0.0,0.0,0.0,28644.23,1245.401304347826,23,623.37,28644.18,29214.32,519,3027.4360267284496,0.0,0.0,0.0,0.0,0.0,0.0,9289.51,0.0,509.5073880420824
702,446,17678.71,39.638363228699546,27.32,1.1247384744782467,0.2572308726145743,0.20465407261050156,0.10442108049738924,0.10881167234487131,0.10594381603635107,0.06905820617002033,0.04483585057959546,0.026263228482168662,0.029874917344082232,0.048906283320445894,0.0032269655314790535,24,18.583333333333332,0.36909367255868786,48.0,3936.0,24.0,24.0,0.0,0.0,0.0,0.0,0.0,79422.72,3453.161739130435,23,61117.32,79422.67,21614.63,517,18104.595336736795,0.0,0.0,0.0,0.0,0.0,0.0,0.0,0.0,2631.978001000607
703,458,18852.02,41.16161572052402,27.28,1.2811640288310486,0.2314950864681875,0.22420939506747822,0.1470166061780117,0.028336485957472998,0.10708825897702211,0.054969706164113986,0.03460265796450461,0.11873528672258997,0.019714598223426458,0.03383191827719258,0.0010422034402330915,24,19.083333333333332,0.35287571305356136,48.0,3936.0,24.0,24.0,0.0,0.0,0.0,0.0,0.0,63078.42,2742.54,23,43032.91,63078.36,22787.99,529,12061.332242821376,0.0,0.0,0.0,0.0,0.0,0.0,0.0,0.0,1959.7772310214636
704,450,17187.29,38.19397777777778,25.564999999999998,1.288725393957232,0.28414310807579324,0.19847515227822424,0.11260006667717833,0.10783200842017562,0.07793433403404494,0.05619152292188007,0.04119381240439884,0.04193273052354386,0.05287220963863414,0.02682505502612687,0.0015733464141007847,24,18.75,0.3722605483470634,72.0,15672.0,24.0,24.0,0.0,24.0,0.0,0.0,0.0,45777.83,1990.3404347826088,23,673.8,45777.76,47011.37,568,4626.528561071795,0.0,0.0,0.0,0.0,0.0,14152.09,0.0,0.0,522.2768231203868
705,427,14922.88,34.948196721311476,23.88,1.1677749753649034,0.2884932399107947,0.22453708667495814,0.0952657931980958,0.09326483895869965,0.058265562679589995,0.08450848629755114,0.036961364026246946,0.049319568340695626,0.05714178496376034,0.012242274949607581,0.0026983610962845184,24,17.791666666666668,0.35641846614058414,48.0,11520.0,0.0,24.0,24.0,0.0,0.0,0.0,0.0,40653.600000000006,1767.5478260869568,23,15904.63,40653.63,26442.9,498,4946.48304850893,0.0,0.0,0.0,0.0,0.0,0.0,0.0,0.0,535.5112461966548
706,447,15968.24,35.72313199105145,27.27,0.9195447087289941,0.2683307615617,0.21043584014268324,0.1304351638001433,0.0501652029278117,0.08451714152592897,0.05838088605882677,0.047402218403531,0.03334368721912997,0.06657026697995522,0.05041883138028988,0.0036186618324250963,24,18.625,0.33295278628076735,72.0,15672.0,24.0,24.0,0.0,24.0,0.0,0.0,0.0,63789.6,2773.4608695652173,23,1164.38,63789.65,65283.18,565,10275.979644164521,0.0,0.0,0.0,0.0,0.0,0.0,33642.95,0.0,1632.2721266223368
707,446,16935.47,37.971905829596416,26.455,1.2871697027845168,0.29439749826842715,0.16856278567999589,0.14191103051760592,0.08133107613783377,0.07969368432054144,0.05300945294107574,0.045826304200592013,0.049327830878032906,0.035935229432664105,0.050005107623231,0.002150053585059153,24,18.583333333333332,0.3458545880332816,48.0,3936.0,24.0,24.0,0.0,0.0,0.0,0.0,0.0,67364.4,2928.8869565217387,23,2216.32,67364.36,67954.89,563,13975.864326132372,23.0,989.46,0.0,0.0,0.0,0.0,46093.92,8603.742706652547,2053.0681258229806
708,435,15536.8,35.7167816091954,27.24,1.0194555317735894,0.2390344215024973,0.24303202718706557,0.16074738684928686,0.09229442356212349,0.0818077081509706,0.045715333916894085,0.0489077544925596,0.021124684619741516,0.0489656814788116,0.018370578240049434,0.002114830701061221,24,18.125,0.353167318881623,48.0,3936.0,24.0,24.0,0.0,0.0,0.0,0.0,0.0,26724.23,1161.9230434782608,23,452.15,26724.18,27385.54,528,2401.2935176719266,0.0,0.0,0.0,0.0,0.0,0.0,7912.75,0.0,310.5773854237025
709,440,18198.34,41.359863636363634,25.375,1.927670174869593,0.327830999970327,0.14954715649888947,0.10779279868383601,0.08737060633002793,0.044202932794969216,0.027965737534302586,0.04653006812709292,0.09107369133668236,0.08739918036480251,0.030286828359070116,0.000594775848488216,24,18.333333333333332,0.4401357486452061,72.0,8688.0,24.0,24.0,0.0,0.0,24.0,2.0,43.56,39187.67,1703.8117391304347,23,315.39,39187.58,40505.01,558,4169.973052839553,0.0,0.0,0.0,0.0,0.0,0.0,13575.03,0.0,752.5559376476652
710,409,15872.24,38.807432762836186,25.82,1.1431304628272445,0.33478828445134395,0.18660504125441651,0.11002857819690226,0.06284683195314586,0.05819720467936473,0.029138294279824395,0.050503268599769155,0.07996728880107659,0.06602407725689631,0.02190113052726017,0.005291395840112734,24,17.041666666666668,0.35144944884905976,24.0,2976.0,24.0,0.0,0.0,0.0,0.0,0.0,0.0,24549.28,1067.36,23,175.84,24549.38,25440.91,478,1993.6554139751431,0.0,0.0,0.0,0.0,0.0,6592.76,0.0,0.0,388.4844588550983
711,437,18304.71,41.887208237986265,25.32,1.6760610868655295,0.24711508677274865,0.20087835316702643,0.11605701483388702,0.14407603288989557,0.0825743756661537,0.056780467977913876,0.04043494816361472,0.013765309584254546,0.044737665879437595,0.05358074506506795,0.002882258362072898,24,18.208333333333332,0.3386734889544822,24.0,2976.0,24.0,0.0,0.0,0.0,0.0,0.0,0.0,22326.100000000002,970.7,23,2016.04,22325.99,21280.65,484,734.5834090901959,0.0,0.0,0.0,0.0,0.0,0.0,0.0,0.0,116.29538276263759
712,448,16319.53,36.427522321428576,25.1,1.486458885920688,0.25789774582968994,0.2249813566934832,0.09613757258940668,0.08578494601253835,0.09786188695385221,0.08261573709536978,0.050739206337437406,0.03527797675545803,0.04930350322588947,0.019400068506874892,0.0020167383292397645,24,18.666666666666668,0.39572218072456744,72.0,15672.0,24.0,24.0,0.0,24.0,0.0,0.0,0.0,113817.34,4948.58,23,3573.09,113817.24,115192.72,566,24158.202494036945,0.0,0.0,0.0,0.0,0.0,0.0,83201.17,0.0,3969.645727199195
713,340,11139.26,32.7625294117647,24.6,0.9269451794489213,0.29905307892983907,0.2402655113535369,0.1557895228228805,0.020110851169646813,0.04001971405640948,0.04279997055459697,0.07602120787197712,0.012180342320764573,0.05653607151642029,0.05722372940392807,0.003041676537266058,24,14.166666666666666,0.4820050883092773,48.0,3936.0,24.0,24.0,0.0,0.0,0.0,0.0,0.0,32444.879999999997,1410.646956521739,23,21.06,33024.31,33003.25,449,5372.610773924694,1.0,55.49,0.0,14.0,579.44,17872.49,0.0,3570.495356752743,-24.34
714,448,16363.82,36.52638392857143,26.689999999999998,1.082277462053544,0.2581004924278072,0.23158528998730124,0.16725251194403262,0.052904517404860234,0.10997432139928207,0.05700319363082704,0.04765390966168046,0.019359782740215915,0.03882100878645695,0.017344972017536247,0.003064270069737529,24,18.666666666666668,0.3518823844310192,48.0,12696.0,0.0,24.0,0.0,24.0,0.0,0.0,0.0,54945.85,2388.95,23,1327.22,54945.81,56007.54,542,8089.162538138074,0.0,0.0,0.0,0.0,0.0,0.0,26947.67,0.0,914.8784301252008
715,293,10130.59,34.575392491467575,24.69,1.3531035282200843,0.277276052036456,0.23538609301136462,0.11355014860931102,0.12252988226746914,0.05973590876740645,0.051524146175099386,0.07110049858892721,0.020309774652808973,0.037107414276957226,0.011480081614200163,0.0017540627381480434,24,12.208333333333334,0.594708699098473,72.0,23256.0,0.0,24.0,24.0,24.0,0.0,0.0,0.0,56189.27999999999,2443.012173913043,23,0.0,57536.36,57536.36,429,7112.3443252035095,1.0,95.82,0.0,17.0,1347.11,24053.92,0.0,6557.698599110027,-22.95
716,396,13742.19,34.7025,23.395,1.3553624898091476,0.2683313212813969,0.21042861436204854,0.10145180644424215,0.056595055082195776,0.05951380384058145,0.11218080960894879,0.0624994997158386,0.03625331915800902,0.04379069129447344,0.048955079212265294,0.003970384322058429,24,16.5,0.4087485328029957,48.0,3936.0,24.0,24.0,0.0,0.0,0.0,7.0,49.28,17472.48,759.6730434782609,23,473.19,17472.53,17727.36,474,362.09039617339073,0.0,0.0,0.0,0.0,0.0,0.0,0.0,0.0,-588.1180641765156
717,459,18287.47,39.8419825708061,26.51,1.136485780587461,0.25971771929085874,0.2066551578758571,0.12284203337038968,0.048440270852118966,0.07377236982480355,0.04901334082844703,0.047817986851106255,0.0771336877107659,0.04459501505675745,0.07001241833889543,0.0031826942592463325,24,19.125,0.3512678352992513,48.0,3936.0,24.0,24.0,0.0,0.0,0.0,0.0,0.0,123381.2,5364.4,23,100897.5,123381.29,27848.2,543,28662.76798288685,13.0,5624.78,0.0,0.0,0.0,0.0,0.0,0.0,4183.58392386762
718,447,16505.99,36.92615212527964,25.77,1.0343941169268545,0.26236778284731793,0.17325528489960312,0.0781722271732868,0.10045747028805908,0.11498128861098307,0.09035992388217855,0.025859703053255214,0.055265391533619014,0.05553620231200916,0.04374472539968824,0.00136606163080355,24,18.625,0.37119736532010494,48.0,3936.0,24.0,24.0,0.0,0.0,0.0,0.0,0.0,80670.01,3507.3917391304344,23,2479.28,80670.12,81552.09,541,18740.859055801804,0.0,0.0,0.0,0.0,0.0,0.0,61110.13,0.0,2505.514903335212
719,440,16638.75,37.81534090909091,25.814999999999998,1.0416515854919683,0.25965652467883704,0.18277935542032903,0.10856704980842913,0.11562226729772368,0.08782510705431598,0.06478912177897979,0.04259214183757794,0.025602283825407558,0.07906904064307717,0.03349710765532267,0.004381488213024531,24,18.333333333333332,0.3169510930809105,48.0,3936.0,24.0,24.0,0.0,0.0,0.0,0.0,0.0,42317.700000000004,1839.9,23,23582.91,42317.81,20574.8,511,6626.58139098725,0.0,0.0,0.0,0.0,0.0,0.0,0.0,0.0,1299.584809434815
720,437,15411.92,35.26755148741419,26.05,1.059404640600607,0.3181764504357666,0.25663382628510917,0.14763832150698938,0.04423524129375185,0.0528538949073185,0.04469851906835748,0.05791685915836573,0.02711278023763425,0.036268680346121705,0.014465426760585313,0.0013045325183957956,24,18.208333333333332,0.3225860243240297,72.0,17448.0,0.0,24.0,0.0,24.0,24.0,2.0,43.56,38174.88,1659.7773913043477,23,64.13,38174.85,39701.34,554,2303.1288474619755,0.0,0.0,0.0,0.0,0.0,6797.82,0.0,0.0,271.75886890721404
721,462,19085.27,41.31010822510822,25.89,1.479055790896087,0.2535227429321147,0.18862976525875716,0.1005953806260011,0.11855949640743883,0.06324458600795273,0.06789267325010336,0.04596214777155366,0.07556665428364388,0.06851671472292506,0.01750983873950958,0.0021054101944419923,24,19.25,0.3294132071487592,48.0,3936.0,24.0,24.0,0.0,0.0,0.0,0.0,0.0,48515.51,2109.37,23,27515.68,48515.41,23021.21,533,7963.067866895945,0.0,0.0,0.0,0.0,0.0,0.0,0.0,0.0,1383.5555377528667
722,441,16312.71,36.990272108843534,26.57,1.1194762599526644,0.25100611731588435,0.21714785587434582,0.12235612599010219,0.07127754983690632,0.06928891643387272,0.07869998301937568,0.04405950942547253,0.03530437309312799,0.07590093859328094,0.0349586304176314,0.006446600224169985,24,18.375,0.3435125126358527,48.0,5712.0,0.0,24.0,0.0,0.0,24.0,0.0,0.0,50959.030000000006,2215.61,23,1506.05,50959.11,51668.67,535,8885.796285209828,0.0,0.0,0.0,0.0,0.0,0.0,29643.94,0.0,1404.0834437617077
723,442,18142.38,41.04610859728507,27.405,1.1869227323613356,0.29430372420818,0.19820166924075014,0.10862356537565636,0.07599774671239386,0.08063054571671414,0.07932917290895683,0.036075200717877155,0.010753826124246104,0.06357269553388256,0.05251185346134301,0.002342043084893719,24,18.416666666666668,0.34675163898011174,48.0,3936.0,24.0,24.0,0.0,0.0,0.0,0.0,0.0,31144.76,1354.12,23,522.87,31144.81,31976.07,535,3073.9704632851503,0.0,0.0,0.0,0.0,0.0,0.0,9897.72,0.0,649.4623556610806
724,440,16987.08,38.607000000000006,26.75,1.0418521470341326,0.257271408623495,0.19976299634781255,0.10235425982570281,0.11435691125255193,0.07000614584731454,0.08321795152551233,0.04682382139838041,0.04799588864007233,0.053742609088789826,0.02446800745036816,0.0027048456418147238,24,18.333333333333332,0.3194775087890326,72.0,14496.0,24.0,24.0,24.0,0.0,0.0,0.0,0.0,51058.57,2219.9378260869566,23,784.8,51058.64,52401.28,581,5809.10262878896,23.0,1051.79,0.0,0.0,0.0,19866.26,0.0,9146.077757399342,1093.0432987354388
725,425,19033.9,44.785647058823535,24.82,4.32427743305683,0.22822753087911568,0.18163119486810375,0.07778489957391811,0.05490519546703512,0.05791561372078238,0.059664073048613264,0.0370066040065357,0.22755189425183486,0.06042061795007854,0.014892376233982527,0.0023558141606129235,24,17.708333333333332,0.28118619936008904,48.0,3936.0,24.0,24.0,0.0,0.0,0.0,0.0,0.0,110829.12000000001,4818.6573913043485,23,3803.98,110829.08,111642.97,518,26584.958545093064,0.0,0.0,0.0,0.0,0.0,0.0,88673.12,0.0,3954.458229798961
726,429,15727.86,36.66167832167832,25.4,1.1259693911828195,0.3049079785806842,0.18782593436106373,0.12238155731294657,0.10049618956425095,0.04685952189299752,0.05493563650744602,0.04767463596446052,0.05702873753962714,0.06455360106206438,0.013336207214458927,0.001534478904650971,24,17.875,0.37735203644996834,48.0,3936.0,24.0,24.0,0.0,0.0,0.0,0.0,0.0,56841.6,2471.3739130434783,23,39546.11,56841.61,19663.9,500,11832.825793195894,0.0,0.0,0.0,0.0,0.0,0.0,0.0,0.0,1513.4504720107018
727,447,15251.49,34.119664429530204,26.36,0.9393363291275344,0.2527536653795793,0.24458987285832398,0.13207562015252278,0.08761176776826395,0.06297417498224762,0.07229326446137392,0.051682819186846654,0.031004839527154392,0.036791815094787454,0.028222160588899835,0.0014237495337925399,24,18.625,0.317144751103007,24.0,960.0,0.0,24.0,0.0,0.0,0.0,0.0,0.0,65383.71,2842.77,23,2256.24,65383.62,65970.14,517,14955.545480552017,0.0,0.0,0.0,0.0,0.0,0.0,49758.84,0.0,1847.0858845881587
728,277,8836.93,31.902274368231048,22.99,1.0805265435185913,0.26964228527327927,0.2450409814268077,0.0826248482221767,0.05962930565252864,0.11008687406146705,0.03751076448495122,0.04928408395223228,0.05767727027372628,0.036405176910986055,0.05209840974184473,0.0074907196660426445,24,11.541666666666666,0.6742975218769415,23.0,2852.0,23.0,0.0,0.0,0.0,0.0,20.0,272.8,15279.11,664.3091304347827,23,14.28,15279.01,15901.35,363,1297.8773082875568,0.0,0.0,0.0,0.0,0.0,3939.61,0.0,0.0,-385.11466865231
729,326,10032.15,30.773466257668712,23.13,0.8930781980259936,0.2999327163170407,0.21979934510548588,0.13035391217236586,0.051298076683462666,0.07766829642698724,0.06355865891159922,0.06273530599123817,0.027857438335750564,0.043700502883230415,0.023095747172839323,0.006119272380432417,24,13.583333333333334,0.475910946307621,47.0,13412.0,23.0,0.0,24.0,0.0,0.0,8.0,248.16,22748.41,989.0613043478261,23,4.05,22748.52,23692.32,404,351.2388578289622,0.0,0.0,0.0,0.0,0.0,0.0,0.0,0.0,-494.84512739943546
730,438,15904.31,36.3112100456621,26.165,0.9445904304567687,0.23810904088262866,0.21934620238161856,0.1352903709749118,0.02993653921484176,0.09932276219465036,0.07742303815758117,0.043144279758128457,0.056756941986166015,0.05700278729476475,0.04366803715470837,0.004411917455299674,24,18.25,0.3779547808109877,24.0,960.0,0.0,24.0,0.0,0.0,0.0,0.0,0.0,47535.11,2066.743913043478,23,32651.33,47535.01,16864.31,485,9614.241742372373,0.0,0.0,0.0,0.0,0.0,0.0,0.0,0.0,1011.6553325598287
731,442,16358.0,37.009049773755656,25.955,1.0573891712913646,0.2027362758283409,0.20351999021885317,0.13869116028854386,0.07401393813424625,0.11766597383543222,0.04336715979948649,0.06732241105269593,0.06499205281819294,0.03613705832008803,0.05155397970412031,0.0013378968885986442,24,18.416666666666668,0.38248135468883726,24.0,2976.0,24.0,0.0,0.0,0.0,0.0,0.0,0.0,27814.07,1209.307391304348,23,140.58,27814.02,28832.35,520,2002.0175507291117,10.0,3191.1000000000004,0.0,0.0,0.0,6307.27,0.0,892.327062214925,111.38748687653083
732,438,14836.82,33.87401826484018,24.18,0.8982216175514686,0.2375926916953902,0.2366827932131009,0.10853336496634722,0.06102116221670142,0.06675217465737267,0.03535528502738457,0.07278042060225842,0.03620452361085461,0.07781047421212901,0.06726710979846084,0.0020002451817088263,24,18.25,0.3639101909978015,24.0,960.0,0.0,24.0,0.0,0.0,0.0,0.0,0.0,38181.84,1660.08,23,24045.15,38181.78,15796.71,485,6641.053627127297,0.0,0.0,0.0,0.0,0.0,0.0,0.0,0.0,1267.9475313429298
733,439,15857.65,36.122209567198176,25.81,1.103971810037083,0.2351275252007706,0.20659807726869994,0.11580845837813294,0.11610358407456338,0.057686353274287165,0.07251641951991625,0.0590024373094374,0.062415301132261077,0.0544210522996787,0.020320791542252477,0.0035515882953329747,24,18.291666666666668,0.34474338883756417,72.0,15672.0,24.0,24.0,0.0,24.0,0.0,0.0,0.0,115718.15000000001,5031.223913043478,23,89010.03,115718.08,31529.63,534,26320.838453725923,0.0,0.0,0.0,0.0,0.0,0.0,0.0,0.0,3763.186507514133
734,457,16090.64,35.20927789934354,25.81,0.9821961802140085,0.25934580600895923,0.2284576623428279,0.08534402609218776,0.06499492872875162,0.09202555025778962,0.09812164090427727,0.06422864472761805,0.01432634127666768,0.04029423316909707,0.052861166491823826,0.003025318349002215,24,19.041666666666668,0.3181831176385775,24.0,2976.0,24.0,0.0,0.0,0.0,0.0,0.0,0.0,53534.799999999996,2327.6,23,1802.5,53534.88,54059.98,527,10290.031423976954,0.0,0.0,0.0,0.0,0.0,34993.37,0.0,0.0,1582.803422345661
735,377,13347.74,35.40514588859416,23.44,1.147254046650006,0.29267201788467556,0.21938245725493602,0.07729623142194858,0.08341037508971555,0.05710180150347549,0.062493725529565294,0.07200320054181457,0.04662512155615857,0.0472514448138786,0.04176362440383165,0.002275290361197113,24,15.708333333333334,0.4602337174682755,47.0,3896.0,24.0,23.0,0.0,0.0,0.0,16.0,144.32,16857.59,732.9386956521739,23,2.98,16857.51,17556.92,464,296.7927981443784,1.0,168.96,0.0,0.0,0.0,0.0,0.0,2096.415495622611,-261.7839494288967
736,85,2292.83,26.97447058823529,19.87,1.0290848754478599,0.33504010327848116,0.18065447503739918,0.05161743347740564,0.09952329653746678,0.1042990540074929,0.024445772255247876,0.02960097346946786,0.07456287644526631,0.010846857377127827,0.08940915811464434,0.016494404033536747,23,3.6956521739130435,0.7920430210700313,92.0,25139.0,23.0,23.0,23.0,23.0,0.0,82.0,2477.42,29920.09,1300.8734782608697,23,0.14,29920.16,31166.69,294,683.0689005476532,0.0,0.0,0.0,0.0,0.0,1257.43,0.0,0.0,-1236.6568205156195
737,464,16529.78,35.624525862068964,24.865000000000002,0.9895834406686168,0.27732976482445626,0.17668656207160655,0.12003487039754916,0.10589312138455564,0.07684131307252728,0.04573563592497904,0.07636459771394417,0.023416524599843436,0.03680085276392063,0.06089675724661793,0.0022373846284869936,24,19.333333333333332,0.3481794676033196,48.0,3936.0,24.0,24.0,0.0,0.0,0.0,0.0,0.0,35618.399999999994,1548.6260869565215,23,809.96,35618.38,36292.53,558,4909.839384831247,0.0,0.0,0.0,0.0,0.0,15826.77,0.0,0.0,766.4893617436721
738,432,16078.34,37.21837962962963,25.630000000000003,1.4014872284939672,0.28813608867582097,0.17861669799245444,0.08585712206608392,0.06156481328296329,0.11003747899347817,0.034621111383389074,0.06815939954000225,0.08353474301451516,0.030281111109728986,0.05919143394156361,0.001826543358799504,24,18.0,0.3880046074408179,0.0,0.0,0.0,0.0,0.0,0.0,0.0,0.0,0.0,25664.629999999997,1115.8534782608695,23,119.67,25664.57,26614.25,475,3266.1133472469014,0.0,0.0,0.0,0.0,0.0,0.0,10535.87,0.0,581.6169793200461
739,378,12918.66,34.17634920634921,24.785,0.8803479935175269,0.29753318068592255,0.2163444196224686,0.1208484471299655,0.06427446809498819,0.0750944757428402,0.0674814570551435,0.03810534529122989,0.042224193530908005,0.04107391943127228,0.037020093415261336,0.0031315970166229112,24,15.75,0.38612363821015494,96.0,20424.0,24.0,24.0,0.0,24.0,24.0,0.0,0.0,33551.99,1458.7821739130434,23,0.0,36188.31,36188.31,531,1025.287001100286,3.0,289.53000000000003,0.0,21.0,2636.38,2556.15,0.0,7757.946272993896,-40.0
740,58,1099.28,18.95310344827586,11.855,0.921350766534167,0.24303180263445162,0.33210828906193146,0.06346881595225966,0.03106578851611964,0.020586201877592605,0.020831817189433083,0.1578487737428135,0.08059820973728259,0.020367877155956626,0.03009242413215923,0.012690808437462953,20,2.9,0.8266410741576306,41.0,10544.0,6.0,14.0,21.0,0.0,0.0,40.0,1111.44,12224.27,531.49,23,1.05,12224.23,12754.67,162,196.54424524524515,0.0,0.0,0.0,0.0,0.0,0.0,0.0,0.0,-531.3916364116704
741,431,18237.66,42.31475638051044,26.84,1.218882312490424,0.26163992529743396,0.19592809603863653,0.092838116293428,0.1116672862636983,0.09210830775439392,0.048230419911326344,0.0508113431218698,0.052369657072234045,0.046516384229117115,0.04789046401786195,0.002387816544089927,24,17.958333333333332,0.33637429363196814,48.0,11520.0,0.0,24.0,24.0,0.0,0.0,0.0,0.0,38906.88,1691.6034782608695,23,-271.22,38906.88,40799.22,553,3139.5221344514835,23.0,766.5899999999999,6.0,0.0,0.0,0.0,10094.89,6666.65200711988,623.4899324804705
742,466,17261.94,37.04278969957081,24.84,1.1189108303559767,0.24660611727302956,0.1801321288337232,0.11722784345212647,0.10236161173077882,0.07748897285009682,0.05271191998118404,0.0606183314274062,0.060617172809081715,0.0693322998457879,0.0329036017967853,0.0007826406100904792,24,19.416666666666668,0.3565908582696962,72.0,14496.0,24.0,24.0,24.0,0.0,0.0,0.0,0.0,50398.75,2191.25,23,910.24,50398.77,51679.78,584,5974.270332163163,0.0,0.0,0.0,0.0,0.0,0.0,19921.85,0.0,830.1809837931701
743,425,16347.0,38.4635294117647,27.32,1.1183351569298197,0.25730837462531353,0.2065149568728207,0.08823637364654066,0.0997143206704594,0.09499602373524195,0.0570979384596562,0.039621337248424794,0.06877836911971615,0.03535388756346731,0.052378418058359334,0.0027324124855901966,24,17.708333333333332,0.36566342448155625,48.0,3936.0,24.0,24.0,0.0,0.0,0.0,0.0,0.0,65454.25000000001,2845.8369565217395,23,1610.27,65454.31,66571.3,519,13798.864597837104,0.0,0.0,0.0,0.0,0.0,46288.32,0.0,0.0,2117.2329076365904
744,455,19294.73,42.406,27.17,1.313934815225499,0.2516542081697956,0.17468293155695883,0.11657276365100729,0.12375503570145839,0.06864620546646676,0.06168731047285969,0.04209906020970493,0.07589274376993096,0.06207187143847051,0.02293786956334709,0.0037866583028892675,24,18.958333333333332,0.3507952689672258,96.0,20424.0,24.0,24.0,0.0,24.0,24.0,0.0,0.0,248299.71999999997,10795.64,23,9304.13,248299.63,249791.14,597,62722.236151688616,0.0,0.0,0.0,0.0,0.0,210072.38,0.0,0.0,9291.425951469635
745,429,16209.66,37.784755244755246,24.63,1.4001170132173066,0.22177948211128426,0.21144737150563309,0.12097169218848516,0.12112530429385936,0.06857454135373599,0.07884742801514653,0.03625924294525611,0.042931190413617565,0.06607232970956825,0.031991417463413795,0.006800277932036081,24,17.875,0.3525582893163706,48.0,3936.0,24.0,24.0,0.0,0.0,0.0,0.0,0.0,32290.8,1403.9478260869564,23,346.66,32290.75,33289.54,522,4083.543823562883,0.0,0.0,0.0,0.0,0.0,13143.82,0.0,0.0,744.9480450784904
746,414,15527.01,37.50485507246377,27.115000000000002,1.0470967354103788,0.21533830402633863,0.18255027851466576,0.13733036817777539,0.10748624493704842,0.09727178639029666,0.052238647363529754,0.06901328716861778,0.026419767875463466,0.06128095492950672,0.051070360616757515,0.0031053159689545806,24,17.25,0.42186937472185565,48.0,3936.0,24.0,24.0,0.0,0.0,0.0,1.0,4.4,23625.11,1027.178695652174,23,20.32,23625.05,24589.11,507,1564.5472922440943,0.0,0.0,0.0,0.0,0.0,5121.66,0.0,0.0,407.33703767168925
747,438,17684.33,40.37518264840183,26.57,1.5341981616821427,0.20902233785503893,0.17346939352522828,0.07770325480241548,0.15421788668272987,0.10276499024842899,0.07505005844156946,0.05094397130114627,0.05541629227683492,0.04442577129017611,0.0569860435764318,0.002825459825399279,24,18.25,0.3310495789209995,72.0,15672.0,24.0,24.0,0.0,24.0,0.0,0.0,0.0,53905.92,2343.735652173913,23,22795.64,53905.9,33356.34,533,6908.826373014242,0.0,0.0,0.0,0.0,0.0,0.0,0.0,0.0,1127.8092013468154
748,450,16950.53,37.66784444444444,26.69,1.0814231902237468,0.2945919685107191,0.18805901644373363,0.1430657330478752,0.03993503447974783,0.08611176169712689,0.0505459121337209,0.061216374945208214,0.06840199097019387,0.04900790712738776,0.019064300644286637,0.001972228556306743,24,18.75,0.34112738657729286,96.0,26232.0,24.0,24.0,24.0,24.0,0.0,0.0,0.0,68034.69,2958.03,23,1322.53,68034.62,69670.12,605,6009.319901396903,13.0,6077.74,0.0,0.0,0.0,0.0,20409.87,0.0,991.0967649320389
749,451,16437.42,36.44660753880266,26.79,1.1128443952192628,0.26480433060662806,0.22583836149468714,0.10950076106834286,0.0841671016497723,0.11332131198205073,0.02337653962726511,0.06627804120111308,0.01627871040589095,0.058691692491887416,0.03774314947236245,0.0030747451181055707,24,18.791666666666668,0.3440375679394942,48.0,3936.0,24.0,24.0,0.0,0.0,0.0,0.0,0.0,21091.23,917.01,23,1634.8,21091.14,20373.34,522,579.3591976234461,0.0,0.0,0.0,0.0,0.0,0.0,0.0,0.0,91.38595982658398
750,445,18847.21,42.353280898876406,28.16,1.25349655642881,0.2930624744988781,0.17727982019619884,0.10298924880658732,0.06134541929548195,0.09569055579048573,0.04610337551287433,0.04830317060190873,0.08283984738324666,0.06655839246233264,0.025827695452005903,0.0028109307368432424,24,18.541666666666668,0.35680824907240916,48.0,12696.0,0.0,24.0,0.0,24.0,0.0,0.0,0.0,47938.32,2084.2747826086957,23,288.66,47938.31,49647.08,539,5781.964834617903,0.0,0.0,0.0,0.0,0.0,18103.8,0.0,0.0,958.3096844325567
751,439,16514.46,37.618359908883825,26.31,1.0843994994879655,0.23253379159839319,0.19812697478452218,0.11647731745391615,0.1000287021192337,0.07197873863268918,0.07498398373304364,0.03978876693515865,0.05047879252485398,0.07281618654197594,0.042786745676213454,0.001842736327379857,24,18.291666666666668,0.33034685966116967,48.0,3936.0,24.0,24.0,0.0,0.0,0.0,0.0,0.0,20402.64,887.0713043478261,23,802.4,20402.65,20450.36,510,485.762438471311,0.0,0.0,0.0,0.0,0.0,0.0,0.0,0.0,185.04031607896604
752,438,17691.95,40.3925799086758,26.825,1.2501509553420054,0.290588657553294,0.15811484884368315,0.109088596791196,0.04855654690410045,0.10058077261127235,0.06835538196750499,0.0614121111578995,0.07871150438476256,0.02809356797865696,0.056498011807630026,0.001388948298000181,24,18.25,0.37681148771051237,23.0,2852.0,23.0,0.0,0.0,0.0,0.0,0.0,0.0,19694.21,856.27,23,6.43,19694.11,20543.95,484,488.73213100385505,0.0,0.0,0.0,0.0,0.0,0.0,0.0,0.0,6.525482685950806
753,435,16369.89,37.631931034482754,23.5,1.2818547795185768,0.2403033862780996,0.189735544954792,0.10306666691101773,0.07696142124351478,0.10511555056264887,0.08532555808255278,0.055098110005626186,0.03548160677927585,0.0628788586850614,0.0460332964974108,0.0014106919630906267,24,18.125,0.3676524399369819,24.0,4752.0,0.0,0.0,0.0,0.0,24.0,0.0,0.0,63054.04,2741.48,23,44673.59,63054.11,21122.0,482,12318.463928862946,0.0,0.0,0.0,0.0,0.0,0.0,0.0,0.0,1956.4029044883364
754,445,15582.18,35.016134831460676,24.63,0.9945860701875665,0.3311423690395054,0.2243100772805859,0.10954885645012444,0.05024329073338903,0.08282923185330936,0.08367571161416437,0.05580798065482494,0.015078121289832361,0.018585332732647165,0.02877902835161704,0.0030172605814395848,24,18.541666666666668,0.3494305674815719,48.0,3936.0,24.0,24.0,0.0,0.0,0.0,0.0,0.0,23707.199999999997,1030.7478260869564,23,94.44,23707.21,24600.57,536,1678.1094734332705,0.0,0.0,0.0,0.0,0.0,0.0,5082.32,0.0,286.090437762246
755,408,14902.49,36.52571078431372,24.335,1.3645604133069036,0.2853073546769701,0.20355524479466183,0.0840691723329457,0.09420573340428345,0.037594388588752616,0.0742030358685025,0.07761052012113412,0.06914079459204468,0.03913507071637022,0.03517868490433478,0.0020245463084204163,24,17.0,0.3743052335549294,48.0,7728.0,24.0,0.0,0.0,0.0,24.0,0.0,0.0,32200.81,1400.0352173913045,23,312.99,33389.18,33076.19,511,3047.596877518106,1.0,454.57,0.0,9.0,1188.29,9991.18,0.0,25301.268932980576,-198.0
756,441,16671.83,37.80460317460318,28.13,1.2092576290887427,0.27962377255526244,0.18872673245828445,0.11209387331804607,0.08816548633233426,0.08509503755736474,0.06475653842439612,0.03770191994520099,0.02445442401943878,0.04678670547864272,0.07259550991102957,0.003929244553959044,24,18.375,0.3689624954189192,72.0,15672.0,24.0,24.0,0.0,24.0,0.0,0.0,0.0,47451.299999999996,2063.1,23,17170.47,47451.19,32343.81,536,5131.14072097045,0.0,0.0,0.0,0.0,0.0,0.0,0.0,0.0,714.4050366576826
757,371,12367.57,33.33576819407008,22.61,1.1448209697366976,0.25569857296138204,0.19564473861882328,0.16564854696597636,0.09940594635809623,0.07565673774233743,0.04197995240778909,0.06543322576706662,0.04535248233889115,0.011550369231789268,0.043629427607848596,0.0020316312891626165,24,15.458333333333334,0.5296375925100889,71.0,14456.0,24.0,23.0,24.0,0.0,0.0,8.0,44.440000000000005,29488.550000000003,1282.1108695652176,23,3.39,29488.5,30713.8,490,1286.1127188450077,0.0,0.0,0.0,0.0,0.0,3845.7,0.0,0.0,111.93741431562557
758,456,16570.37,36.33853070175439,23.35,1.299607454942967,0.24929075210752683,0.25732255827721406,0.11380132127405723,0.11390874192911804,0.06609810161149086,0.058162249847166954,0.05357092207355659,0.024774944675345204,0.04377210647680165,0.019298301727722435,0.0005852555210245081,24,19.0,0.37308098732858713,24.0,2976.0,24.0,0.0,0.0,0.0,0.0,0.0,0.0,41103.85,1787.1239130434783,23,15255.19,41103.95,27561.43,516,4800.127287421335,13.0,8015.03,0.0,0.0,0.0,0.0,0.0,0.0,503.5845792093121
759,425,16942.88,39.8656,26.21,1.4959614214174208,0.26348649108061917,0.16519505538609733,0.11823963812527742,0.1352981311323695,0.07131373178585933,0.050546896395418026,0.04848172211572059,0.04231925150859831,0.06494468472892448,0.04017439774111604,0.002172828198488408,24,17.708333333333332,0.3485163089156035,24.0,960.0,0.0,24.0,0.0,0.0,0.0,1.0,4.4,17195.760000000002,747.6417391304349,23,5.01,17195.79,17907.27,473,403.7696308327257,0.0,0.0,0.0,0.0,0.0,0.0,0.0,0.0,-65.48892499907845
760,433,17011.12,39.28665127020785,25.22,1.3698668406190473,0.2505231871857938,0.21132706135751203,0.08933274234735868,0.10073528374380993,0.06389820305776457,0.12000914695798984,0.034813110483025225,0.022717493028089866,0.06977494721100082,0.03686882462765532,0.0028158089413005127,24,18.041666666666668,0.3578988332337906,48.0,3936.0,24.0,24.0,0.0,0.0,0.0,0.0,0.0,71810.64,3122.201739130435,23,53855.58,71810.61,20947.13,504,16244.157741494133,0.0,0.0,0.0,0.0,0.0,0.0,0.0,0.0,2300.568639469551
761,314,9880.33,31.466019108280253,23.515,0.9378835673518321,0.2939588050196704,0.20614898490232617,0.09704028104324453,0.061339044343660595,0.09877200457879445,0.059163003664857355,0.03789245905754161,0.038276049484177156,0.06223273918988537,0.0451766287158425,0.004786283746384679,24,13.083333333333334,0.5048677523928857,46.0,3772.0,23.0,23.0,0.0,0.0,0.0,26.0,225.28,13302.51,578.37,23,3.38,13302.59,13877.59,409,191.86429514026108,0.0,0.0,0.0,0.0,0.0,0.0,0.0,0.0,-222.42639389212536
762,34,1098.97,32.32264705882353,22.77,1.1299187134022857,0.23949698353913207,0.3194445708254092,0.1169822652119712,0.11861106308634448,0.0,0.07000191088018781,0.11435253009636295,0.013685541916521833,0.0,0.007425134444070357,0.010023425354461768,8,4.25,0.7018844918423615,69.0,15019.0,23.0,23.0,0.0,23.0,0.0,67.0,1593.8999999999999,17461.19,759.1821739130435,23,1.53,17461.11,18187.12,210,367.02640963085406,0.0,0.0,0.0,0.0,0.0,475.27,0.0,0.0,-724.1738861905984
763,449,16068.87,35.78812917594655,25.42,0.9813064950755105,0.2522081515377248,0.20594291944610918,0.11184358327623536,0.04038802977434008,0.07887362334750359,0.05996750238193477,0.08184022896445114,0.03265506535307088,0.07748646917922668,0.058794426739403584,0.002368545773292041,24,18.708333333333332,0.30875226447161497,72.0,8688.0,24.0,24.0,0.0,0.0,24.0,0.0,0.0,50339.53,2188.675217391304,23,1017.96,50339.64,51419.17,567,8080.269847257422,0.0,0.0,0.0,0.0,0.0,0.0,26662.34,0.0,1264.9949593577496
764,410,14334.26,34.96160975609756,25.225,1.0809931532114405,0.24728308262861148,0.22143591646865624,0.15984152652456424,0.08514496039558374,0.06378843414309494,0.08150403299507614,0.0569209711558183,0.027963075875559674,0.02776773966706339,0.028350260145971962,0.004325877205355488,24,17.083333333333332,0.424434187743211,48.0,3936.0,24.0,24.0,0.0,0.0,0.0,0.0,0.0,17721.84,770.5147826086957,23,189.96,17721.85,18270.3,481,265.2871948981861,0.0,0.0,0.0,0.0,0.0,0.0,0.0,0.0,-93.9794062830266
765,428,15276.84,35.69355140186916,25.545,1.0315344421569124,0.2525234276198481,0.2128437556458011,0.08871468183210665,0.07924740980464548,0.09536919938940254,0.07429416031064016,0.04470623505908291,0.056459320121176895,0.03975167639380919,0.056090133823487064,0.0050468562682512985,24,17.833333333333332,0.3330086588587692,0.0,0.0,0.0,0.0,0.0,0.0,0.0,0.0,0.0,22175.760000000002,964.1634782608696,23,235.46,22175.71,22864.25,472,2088.604082076348,0.0,0.0,0.0,0.0,0.0,7587.35,0.0,0.0,622.018067319811
766,433,16347.95,37.755080831408776,25.09,1.014975728766197,0.22693915750904545,0.2129771622741689,0.11206298037368599,0.047019962747622795,0.08607378906835414,0.10562731106958365,0.06735829262996278,0.05596726195027511,0.05984787083395777,0.026126211543343356,0.0032462565413619027,24,18.041666666666668,0.317001825917011,120.0,30984.0,24.0,24.0,24.0,24.0,24.0,0.0,0.0,72696.72,3160.7269565217393,23,1382.46,72696.68,74343.25,612,6231.340662416997,13.0,8508.57,0.0,0.0,0.0,0.0,18502.61,0.0,210.91843177284045
767,321,11087.57,34.54071651090342,25.72,0.9263014663461139,0.274215179701233,0.2268792891499219,0.12664001219383508,0.04790229058305832,0.10091120056062777,0.040928715669889794,0.057982948472929584,0.027998019403710637,0.054517806877431206,0.0420245373873626,0.0038636551052130264,24,13.375,0.5079138170040866,46.0,3772.0,23.0,23.0,0.0,0.0,0.0,23.0,184.36,17726.16,770.7026086956522,23,7.7,17726.22,18457.11,432,1262.5420462681418,0.0,0.0,0.0,0.0,0.0,0.0,3413.16,0.0,-173.4376671745474
768,439,18651.89,42.48722095671982,25.81,1.643311293775341,0.2468109129959484,0.17425043789128072,0.07343438118067393,0.10218321038779449,0.0663026642340267,0.09270588664205076,0.06384822127945211,0.10693500765874128,0.04247505212608481,0.03105422560394684,0.0023642652828076427,24,18.291666666666668,0.29597161467282945,96.0,19248.0,24.0,24.0,24.0,0.0,24.0,1.0,21.78,62422.329999999994,2714.0143478260866,23,494.94,62422.4,64528.39,581,8070.200751190469,0.0,0.0,0.0,0.0,0.0,26606.71,0.0,0.0,1365.6431374897975
769,453,17067.15,37.67582781456954,25.21,1.1552144821955552,0.2696208798774254,0.20209876868721494,0.10111178492015364,0.06931209955968044,0.09953741544428918,0.035430637218281914,0.08054420333799142,0.04422179449996046,0.049550745144912894,0.04857167131008986,0.0009739712168812531,24,18.875,0.32984358841399997,72.0,14496.0,24.0,24.0,24.0,0.0,0.0,0.0,0.0,79346.4,3449.8434782608692,23,2135.63,79346.35,80516.81,571,15003.966579279064,0.0,0.0,0.0,0.0,0.0,0.0,48953.58,0.0,2198.9577927668606
770,80,1774.28,22.1785,17.325,1.016722553252397,0.18047320603286965,0.20102802263453345,0.1768210203575535,0.04213540140225895,0.17472439524764974,0.06417250941226862,0.08753409833848097,0.0,0.05468133552765066,0.018430011046734453,0.020006581892143327,23,3.4782608695652173,0.7514484748743152,75.0,22257.0,17.0,16.0,21.0,21.0,0.0,71.0,2284.04,25268.879999999997,1098.646956521739,23,6.45,25268.9,26315.31,249,550.7917532714398,0.0,0.0,0.0,0.0,0.0,0.0,0.0,0.0,-2101.2893645141894
771,419,17809.1,42.50381861575179,27.14,1.434152742394357,0.2178330179514967,0.17456805790298222,0.11227125458333101,0.03640105339405136,0.08851317584830228,0.09037963737639747,0.05229573644934332,0.15003958650352908,0.059223655322279065,0.01847482466828756,0.005430050497696959,24,17.458333333333332,0.3999489025273596,48.0,3936.0,24.0,24.0,0.0,0.0,0.0,0.0,0.0,36098.63,1569.505652173913,23,848.37,36098.58,36754.31,512,4740.292724321692,0.0,0.0,0.0,0.0,0.0,15009.15,0.0,0.0,909.5474236276262
772,444,17243.13,38.83587837837838,25.745,1.242549533539137,0.21206764665115904,0.17166662897049434,0.12127844538665541,0.12548359839541892,0.09925228192329351,0.0922877690999256,0.03402340526342955,0.05594343950315284,0.05454346165690335,0.03345332314956739,0.0025036103252604747,24,18.5,0.33066560421454805,48.0,3936.0,24.0,24.0,0.0,0.0,0.0,0.0,0.0,61601.759999999995,2678.3373913043474,23,34104.84,61601.74,30063.63,528,10045.758231286976,13.0,8884.49,0.0,0.0,0.0,0.0,0.0,0.0,863.3690813158828
773,293,10903.89,37.21464163822525,22.44,1.478932547415225,0.24321228479010698,0.22195748489759154,0.09301909685442533,0.16332336441398435,0.0805052141942004,0.05346899134162211,0.050172919939581194,0.019903905853782454,0.045724048940332294,0.028712688774373177,0.0016866487210878134,24,12.208333333333334,0.626637832920178,46.0,3772.0,23.0,23.0,0.0,0.0,0.0,31.0,284.24,21585.27,938.49,23,0.63,21585.21,22523.07,414,2399.874064626179,0.0,0.0,0.0,0.0,0.0,7563.04,0.0,0.0,-5.962794117355088
774,429,17481.24,40.748811188811196,26.31,1.269273419987156,0.26290983934778084,0.22322787170704142,0.11863403282604668,0.06993382620454842,0.06292116577542556,0.07338609846898735,0.03792236706320604,0.06294976786543748,0.05278229690799967,0.03533273383352668,0.005009173077466844,24,17.875,0.32949893714633516,24.0,2976.0,24.0,0.0,0.0,0.0,0.0,0.0,0.0,22110.489999999998,961.325652173913,23,2574.63,22110.58,20457.22,476,1087.8561054052145,0.0,0.0,0.0,0.0,0.0,0.0,0.0,0.0,-46.67603286024689
775,458,18121.2,39.56593886462882,24.68,1.7060415232210495,0.22894675849281504,0.1914867668807805,0.10757952012008035,0.1959390106615456,0.08214301481138114,0.02447409663819173,0.03347957088934507,0.0777029115069642,0.0392700262675761,0.018978323731320218,0.002645046941346263,24,19.083333333333332,0.32747886453435754,24.0,2976.0,24.0,0.0,0.0,0.0,0.0,0.0,0.0,38408.89,1669.9517391304348,23,11824.54,38408.96,28184.79,518,3576.8226821935814,13.0,7087.639999999999,0.0,0.0,0.0,0.0,0.0,0.0,179.25345946449397
776,179,5030.43,28.10296089385475,21.9,0.8566900960884217,0.31293348679933924,0.3134602807314683,0.09038789924519376,0.030289657146605763,0.093960158475518,0.005357394894671032,0.07902902932751277,0.006603809217104701,0.007880042063998506,0.060098242098588,0.001893930494324625,24,7.458333333333333,0.8197768381629403,23.0,920.0,0.0,23.0,0.0,0.0,0.0,21.0,92.4,8562.439999999999,372.2799999999999,23,1.37,8562.35,8933.25,266,914.0425847069234,0.0,0.0,0.0,0.0,0.0,2890.4,0.0,0.0,-93.04408590401579
777,431,14780.25,34.29292343387471,24.73,0.9581213057757284,0.2797544019891409,0.23505015138444885,0.08952622587574635,0.05071226806041846,0.07602374790683514,0.07118012212242689,0.04622046311801221,0.04687065509717359,0.06805365267840531,0.0366083117673923,0.002145943682807072,24,17.958333333333332,0.342456318397862,48.0,3936.0,24.0,24.0,0.0,0.0,0.0,0.0,0.0,21211.21,922.2265217391304,23,3378.83,21211.29,18716.26,502,1072.433071180457,0.0,0.0,0.0,0.0,0.0,0.0,0.0,0.0,314.0437636079748
778,460,17572.51,38.201108695652174,26.54,1.15304971800019,0.26989940537805923,0.1981282127595887,0.13881966776516272,0.07155437669405224,0.07882539261608046,0.04603041910347468,0.04651014567640023,0.050040091028544,0.048600342239099585,0.051591946739538055,0.0020934338336139335,24,19.166666666666668,0.34789224760720017,48.0,3936.0,24.0,24.0,0.0,0.0,0.0,0.0,0.0,34574.98,1503.2600000000002,23,733.98,34575.0,35344.28,553,4180.930870752404,0.0,0.0,0.0,0.0,0.0,0.0,13835.82,0.0,704.7309024222902
779,439,17282.41,39.367676537585425,24.97,1.1934861940739903,0.277167362653704,0.17329122500854918,0.14900641750774346,0.0794848635115126,0.05725648216886419,0.0633505396527452,0.03976760185645405,0.07279250984093076,0.026834220458836475,0.061048777340660255,0.0027152941866396274,24,18.291666666666668,0.32175200102300544,48.0,11520.0,0.0,24.0,24.0,0.0,0.0,0.0,0.0,48309.12,2100.3965217391305,23,845.7,48309.16,49476.34,546,5305.7050548387815,13.0,4286.73,0.0,0.0,0.0,0.0,16387.19,0.0,457.041490385041
780,432,16696.96,38.65037037037037,25.52,1.0913770041206199,0.271938125263521,0.18442279313120474,0.12336676856146268,0.053165965541032624,0.038575884472383,0.0925072588063935,0.041329080263712674,0.08659959657326843,0.061220725209858565,0.04687380217716279,0.0027313536330968446,24,18.0,0.3632727155122849,72.0,14496.0,24.0,24.0,24.0,0.0,0.0,0.0,0.0,52161.369999999995,2267.885652173913,23,715.98,52161.45,53618.86,550,7110.782965074158,0.0,0.0,0.0,0.0,0.0,0.0,22425.78,0.0,682.9038819793927
781,419,15831.6,37.78424821002387,24.86,1.1235070815126758,0.27574471310543475,0.1927335203011698,0.11916420323909144,0.08489224083478612,0.10210022991990703,0.06376234872028096,0.05242237044897547,0.02416432956871068,0.053922534677480476,0.031093509184163322,0.004744155131223171,24,17.458333333333332,0.34606420071249905,72.0,23256.0,0.0,24.0,24.0,24.0,0.0,0.0,0.0,51256.57,2228.5465217391306,23,535.77,51256.64,52856.56,536,4381.406663961334,0.0,0.0,0.0,0.0,0.0,13768.93,0.0,0.0,947.9331678324738
782,36,1135.99,31.55527777777778,23.78,1.2254613012462965,0.40397362652840263,0.11389184763950388,0.15142738932561028,0.07003582778017414,0.0,0.03764997931319818,0.1315152422116392,0.0,0.08678773580753353,0.004718351393938328,0.03391768245114368,11,3.272727272727273,0.3034093609978961,23.0,11247.0,0.0,0.0,0.0,23.0,0.0,23.0,1237.17,13080.72,568.7269565217391,23,5.64,13080.75,13620.15,105,308.49841472060797,0.0,0.0,0.0,0.0,0.0,0.0,0.0,0.0,-574.8686140743206
783,256,7796.88,30.4565625,21.1,1.0297831542061695,0.2176396199505443,0.2778919260011697,0.11290157088476414,0.03553857440412062,0.03639019710448282,0.09261268610008105,0.07803121248499398,0.05958024235335159,0.059785452642595494,0.02962851807389622,0.002539967253630482,24,10.666666666666666,0.6216499420280933,46.0,12167.0,0.0,23.0,0.0,23.0,0.0,36.0,998.03,21436.23,932.01,23,0.71,21436.14,22367.44,375,391.492426274833,0.0,0.0,0.0,0.0,0.0,1405.55,0.0,0.0,-442.7637334650084
784,462,16419.16,35.53930735930736,26.619999999999997,1.3059362920557807,0.26463168639564993,0.24664477354505346,0.10235359177936021,0.10247174642308132,0.06436321955568981,0.04695855329992521,0.03857931830861019,0.034852574674952924,0.06154821562126199,0.03759632039641492,0.002585581348854449,24,19.25,0.3900924286017068,24.0,2976.0,24.0,0.0,0.0,0.0,0.0,0.0,0.0,75286.57,3273.329130434783,23,2543.37,75286.63,75880.21,532,16966.72627340806,0.0,0.0,0.0,0.0,0.0,0.0,56484.91,0.0,2465.953023519056
785,423,14898.37,35.220732860520094,25.7,0.8932503613510429,0.2393107433900487,0.2522249078254869,0.1404945641704428,0.05403409903231024,0.08721423887311161,0.09069314294114054,0.03435275134125411,0.021232524094917764,0.055358404979873634,0.025084623351413607,0.0034602979312008397,24,17.625,0.3575733452719996,0.0,0.0,0.0,0.0,0.0,0.0,0.0,0.0,0.0,40718.28,1770.36,23,857.99,40718.33,41630.71,492,7797.424565498989,23.0,514.51,0.0,0.0,0.0,26217.84,0.0,4474.346082782158,1209.2423392819987
786,334,11219.12,33.59017964071857,22.53,1.173920655830249,0.30807050820385207,0.19720530665506744,0.10026365704262014,0.05979791641412162,0.07032458873779764,0.07390508346465678,0.05109937321287232,0.0649355742696397,0.03350441032808278,0.04089358167128974,0.0066156155658123605,24,13.916666666666666,0.49013024194410965,23.0,2852.0,23.0,0.0,0.0,0.0,0.0,4.0,54.56,16977.22,738.1400000000001,23,3.84,16977.19,17711.49,404,852.5661706521352,0.0,0.0,0.0,0.0,0.0,3585.8,0.0,0.0,30.348738080139015
787,450,16328.1,36.284666666666666,25.564999999999998,1.0389394642013634,0.3055652525400996,0.16680814056748794,0.09868753866034628,0.0893618975875944,0.06408890195429964,0.07526534011918104,0.048671308970425216,0.047853700063081435,0.07007612643234669,0.03362179310513777,6.591955212387202e-05,24,18.75,0.3713212192477998,48.0,13536.0,24.0,0.0,24.0,0.0,0.0,0.0,0.0,31437.350000000002,1366.8413043478263,23,2883.09,31437.28,29864.08,521,954.9880928273731,0.0,0.0,0.0,0.0,0.0,0.0,0.0,0.0,354.19683468396454
788,459,17529.420000000002,38.190457516339876,24.49,1.8450656707943445,0.22689683971289412,0.22346945877273752,0.0949900224879089,0.1482564739734686,0.060999736443076845,0.04327467765619171,0.05159782810840291,0.0786865737714083,0.046663837137794636,0.025164551936116542,0.004271994429490222,24,19.125,0.29646788085401565,48.0,13536.0,24.0,0.0,24.0,0.0,0.0,0.0,0.0,52248.96,2271.693913043478,23,1097.27,52248.91,53328.68,552,6806.246725766088,0.0,0.0,0.0,0.0,0.0,0.0,22263.37,0.0,896.1579929109721
789,441,16478.28,37.36571428571428,26.13,1.0569856733677467,0.2833408583905602,0.22349723393460968,0.0949231351815845,0.09674310668346454,0.10651536446765077,0.03088307760275951,0.04004180047917622,0.03502732081260909,0.03549824374874076,0.05352985869884478,0.005632356600750121,24,18.375,0.3286544469447054,48.0,3936.0,24.0,24.0,0.0,0.0,0.0,0.0,0.0,55278.48,2403.4121739130437,23,1539.38,55278.49,56042.38,535,11049.712727726861,0.0,0.0,0.0,0.0,0.0,0.0,35628.07,0.0,1694.280558302601
790,216,6493.17,30.060972222222222,22.855,0.9788800286595605,0.367201228367654,0.1917830581980758,0.1239748843785085,0.044126366628318675,0.11345921945675223,0.026768127124347584,0.04427267420997757,0.03621651673989745,0.03236631722255847,0.019831607673909662,0.003330817891900373,24,9.0,0.754944041200215,46.0,3772.0,23.0,23.0,0.0,0.0,0.0,43.0,383.24,10218.439999999999,444.2799999999999,23,14.31,10218.4,10648.37,328,143.09933917181607,0.0,0.0,0.0,0.0,0.0,0.0,0.0,0.0,-268.341572952736
791,315,10310.7,32.73238095238096,22.74,1.0499021906076071,0.29004044342285196,0.23687043556693532,0.1538731608911131,0.057425780984802194,0.09429718641799295,0.05893295314576119,0.047153927473401414,0.012091322606612548,0.02732016254958441,0.021994626940944843,0.003573543901673304,24,13.125,0.538886787512002,48.0,3936.0,24.0,24.0,0.0,0.0,0.0,0.0,0.0,15613.78,678.86,23,5.87,16376.77,16370.9,420,523.6457133424543,3.0,131.60999999999999,0.0,14.0,763.0,1992.68,0.0,3059.9022338102664,-12.48
792,436,16941.87,38.857499999999995,26.42,1.277482587162615,0.2634762278308121,0.18415086410177864,0.12764470510044051,0.13109709849030834,0.061417069072068196,0.03885934669549466,0.05008478993168995,0.029159118798574187,0.07322922440084832,0.040881555577985194,0.0038610737639991344,24,18.166666666666668,0.4071817337755514,48.0,14712.0,24.0,0.0,0.0,24.0,0.0,0.0,0.0,74700.0,3247.8260869565215,23,46158.64,74700.0,31653.87,507,13572.366065003123,0.0,0.0,0.0,0.0,0.0,0.0,0.0,0.0,1947.0201838451146
793,454,16942.23,37.317687224669605,26.03,1.1290022018467734,0.2667553208757053,0.17318499394707781,0.10328333401211057,0.09432583550099367,0.08318031333537557,0.10332347040501752,0.06392842028469688,0.010813216441991402,0.06971750472045297,0.03148759047657835,0.0021813933650619566,24,18.916666666666668,0.3953588164013828,48.0,3936.0,24.0,24.0,0.0,0.0,0.0,0.0,0.0,33145.93,1441.1273913043478,23,209.87,33146.04,34317.25,548,4115.251388956044,0.0,0.0,0.0,0.0,0.0,0.0,13439.01,0.0,508.93491741843025
794,449,16019.71,35.678641425389756,24.86,1.1076512470144677,0.2972631839153143,0.19751918105883315,0.09069639837425272,0.06396370471125883,0.0866101820819478,0.05973079412798359,0.07140703545819495,0.039001954467340554,0.05227497876053937,0.04153258704433477,0.002767929357525123,24,18.708333333333332,0.34888334433020324,0.0,0.0,0.0,0.0,0.0,0.0,0.0,0.0,0.0,26371.339999999997,1146.58,23,669.23,26371.29,26848.64,495,3273.857707936208,0.0,0.0,0.0,0.0,0.0,10828.94,0.0,0.0,619.5279244981615
795,448,16555.27,36.95372767857143,25.85,1.1454454434725445,0.2820956710461382,0.1863430798772838,0.1030076827499642,0.05409878546227274,0.07780785212201312,0.06301437548285228,0.04348283054278185,0.09891351817276312,0.07259078227053983,0.01864542227339089,0.0022300704260470594,24,18.666666666666668,0.3235737019088182,24.0,960.0,0.0,24.0,0.0,0.0,0.0,0.0,0.0,45715.03,1987.61,23,1128.03,45715.09,46574.68,518,8615.692505114477,0.0,0.0,0.0,0.0,0.0,0.0,29059.46,0.0,1477.7827481104146
796,453,16635.65,36.72328918322296,24.96,1.2627898494514447,0.2887311286303811,0.2196163059453643,0.10678512712157325,0.09842717296889511,0.0560032219961348,0.055674410077153576,0.05890241739877912,0.052043052119995305,0.02093155362128922,0.042885610120434126,0.0020393521867747566,24,18.875,0.3648640119261946,0.0,0.0,0.0,0.0,0.0,0.0,0.0,0.0,0.0,80431.20000000001,3497.0086956521745,23,67146.92,80431.23,16635.61,476,19533.6986982029,0.0,0.0,0.0,0.0,0.0,0.0,0.0,0.0,3044.3912418044893
797,457,16567.64,36.25304157549234,26.51,1.0367377182107815,0.2321410894973575,0.23719310656194847,0.14551619904826518,0.0809336755265083,0.08005606109258771,0.03677470056085236,0.05571403048352089,0.02093780405658259,0.05142856797950704,0.05930476519286996,0.002974909053608754,24,19.041666666666668,0.33345666612746294,72.0,15672.0,24.0,24.0,0.0,24.0,0.0,0.0,0.0,31561.29,1372.23,23,693.72,31561.2,32239.7,552,523.8112416923076,0.0,0.0,0.0,0.0,0.0,0.0,0.0,0.0,1.765880764288795
798,449,18103.9,40.320489977728286,25.6,1.1735646055616724,0.22970409690729623,0.19196802898822907,0.12041217638188458,0.08348311689746409,0.07183203619109696,0.0809781317837593,0.04891045575815157,0.04573103033048128,0.07763023436939002,0.049350692392246986,0.0036957460717378376,24,18.708333333333332,0.2826214241130364,96.0,20424.0,24.0,24.0,0.0,24.0,24.0,0.0,0.0,59400.49,2582.63,23,1059.25,59400.54,60816.31,591,6783.856477912163,0.0,0.0,0.0,0.0,0.0,0.0,22288.47,0.0,1185.492587693674
799,312,10106.92,32.39397435897436,24.03,0.894399785749728,0.293810577307429,0.22837620165193748,0.09976728815504625,0.05031799994459242,0.10409699493020623,0.08110482718770902,0.0633031625856344,0.017959971979594178,0.02981521571359029,0.03144776054426077,0.0016997867541076461,24,13.0,0.5063263585741254,48.0,12696.0,0.0,24.0,0.0,24.0,0.0,0.0,0.0,45755.520000000004,1989.370434782609,23,0.0,46721.91,46721.91,423,6968.945960670932,1.0,61.81,0.0,16.0,966.37,23857.14,0.0,4328.366930926074,-26.66
800,464,16769.22,36.14056034482759,24.55,1.0685017618316326,0.2891148186975899,0.1952583364044362,0.11739603869470375,0.05391842912192695,0.07687417780910502,0.06499169311393135,0.06518132626323704,0.04259112826953192,0.05423329170945339,0.04044075991608435,0.0029419902921636876,24,19.333333333333332,0.3278232380516208,72.0,14496.0,24.0,24.0,24.0,0.0,0.0,0.0,0.0,39922.94,1735.7800000000002,23,637.96,39922.98,41020.8,582,2794.3733919486153,0.0,0.0,0.0,0.0,0.0,9755.6,0.0,0.0,651.3315601025711
801,439,17620.46,40.13772209567198,24.82,1.6588858564606912,0.25271360679573635,0.13532053079204515,0.07664612615107665,0.20238631681579256,0.05615460663342501,0.054323212901365804,0.05569321118744914,0.05144417342112522,0.059513202266002145,0.05580501303598204,0.0033384275513675954,24,18.291666666666668,0.3216539182291495,48.0,3936.0,24.0,24.0,0.0,0.0,0.0,0.0,0.0,27439.92,1193.04,23,7026.89,27439.93,21556.37,510,2052.4543041607863,0.0,0.0,0.0,0.0,0.0,0.0,0.0,0.0,585.7003085554373
802,456,16965.55,37.20515350877193,25.28,1.0892554915597292,0.29651322827730314,0.19685774996979175,0.09678967083295266,0.08045362514035796,0.07937261096751948,0.08423481702626794,0.05841072054840545,0.02134796690941349,0.04768545670491083,0.038334153623077356,0.003967764098081972,24,19.0,0.34280645189811115,72.0,14496.0,24.0,24.0,24.0,0.0,0.0,0.0,0.0,117965.76,5128.946086956522,23,91419.48,117965.8,31461.57,551,26266.816224087837,0.0,0.0,0.0,0.0,0.0,0.0,0.0,0.0,3942.721736842506
803,154,3459.06,22.46142857142857,16.14,0.8578233872866198,0.3634484513133626,0.21533884928275313,0.16421513359120685,0.03197689545714732,0.09024706134036413,0.020534480465791285,0.06792307736783981,0.0,0.0092944325915133,0.037021618590021566,0.0025464307404016173,24,6.416666666666667,0.7423722051655652,92.0,18446.0,23.0,23.0,23.0,0.0,23.0,86.0,1852.18,23342.24,1014.8800000000001,23,5.91,23342.17,24351.13,372,416.4117483037766,0.0,0.0,0.0,0.0,0.0,0.0,593.9,0.0,-906.0131742784513
804,441,15799.54,35.826621315192746,24.7,0.9798617580077356,0.29891249998417674,0.1958253214967018,0.0984098271215491,0.03597383214954359,0.13376591976728436,0.09541100563687296,0.04064295542781625,0.00237475268267304,0.05472627684097132,0.043957608892410786,0.0023385338682743173,24,18.375,0.37576853503329843,72.0,8688.0,24.0,24.0,0.0,0.0,24.0,0.0,0.0,63764.88,2772.3860869565215,23,41934.18,63764.87,24487.56,536,12509.972603926686,0.0,0.0,0.0,0.0,0.0,0.0,0.0,0.0,1714.1096485666417
805,314,10018.67,31.9065923566879,23.354999999999997,0.8659953400320556,0.3301865417265964,0.23794176272898496,0.08546044534853428,0.0456607513771788,0.08709539290145298,0.06200623436044903,0.04945366999811351,0.023833502850178708,0.06090828423333635,0.017453414475174848,0.004334359979942359,24,13.083333333333334,0.511974144272643,48.0,13536.0,24.0,0.0,24.0,0.0,0.0,0.0,0.0,98706.70999999999,4291.5960869565215,23,6.71,99664.94,99658.23,415,22190.570039758077,0.0,0.0,0.0,7.0,958.3299999999999,76103.6,0.0,17512.08885668751,-14.99
806,423,15233.83,36.013782505910164,25.09,1.2177557608284837,0.22998090434250618,0.225003823726535,0.12692868438206284,0.09462820577622306,0.058429823622818435,0.08501604652277203,0.07024234877243608,0.010137962679116153,0.06705405009771018,0.03257815007782022,0.004313334899111121,24,17.625,0.4091203590955131,48.0,3936.0,24.0,24.0,0.0,0.0,0.0,2.0,18.04,23957.28,1041.6208695652174,23,16.64,23957.3,24938.88,517,1689.5999071087238,0.0,0.0,0.0,0.0,0.0,5751.0,0.0,0.0,443.19088920836145
807,327,11223.57,34.32284403669725,23.87,1.0487974019059296,0.2949257678261017,0.19049108260562372,0.11084084653991555,0.08303953198492102,0.05461096602952537,0.08899574734242313,0.04306383797668656,0.057138682255289536,0.0646389695970177,0.012254567842495748,0.002712625008149394,24,13.625,0.5764591836643778,23.0,920.0,0.0,23.0,0.0,0.0,0.0,15.0,66.0,11724.48,509.76,23,3.53,11724.49,12209.48,388,208.93939470752636,0.0,0.0,0.0,0.0,0.0,0.0,0.0,0.0,-201.2695001022172
808,428,15154.36,35.4073831775701,24.765,0.957132569120742,0.2504553145101476,0.23689947975368147,0.13673490665392668,0.08352777682462341,0.07988064161073118,0.035242662837625616,0.04783507848566353,0.0012313288057034413,0.06784120213588697,0.060351608382010195,0.001472617378009522,24,17.833333333333332,0.3897069886158175,24.0,2976.0,24.0,0.0,0.0,0.0,0.0,0.0,0.0,18738.79,814.73,23,9.53,18738.68,19543.87,484,269.8541394578588,9.0,1413.45,0.0,0.0,0.0,0.0,0.0,650.1988089050562,-108.66485687134048
809,445,17676.21,39.721820224719096,27.86,1.2638081004563797,0.271558778720099,0.17225412008569713,0.09204178950125622,0.08550645189211942,0.09987152223242426,0.10610419315000218,0.042748982955056546,0.012853999811045468,0.04468152392396334,0.07237863772833655,0.001776261127708012,24,18.541666666666668,0.3780431438639844,72.0,8688.0,24.0,24.0,0.0,0.0,24.0,0.0,0.0,91575.84999999999,3981.5586956521734,23,2779.36,91575.91,92612.21,586,20204.801570407704,23.0,549.47,0.0,0.0,0.0,0.0,65698.4,4778.475299730989,2875.9228616234805
810,442,15457.99,34.972828054298645,23.84,1.0558531978267123,0.306840022538506,0.22122733938888564,0.09476199687022699,0.08662575147221599,0.06928779226794687,0.07160956890255461,0.035182452569836056,0.025692214835175857,0.04850501261807001,0.04026784853658205,0.001681702825518716,24,18.416666666666668,0.35999570448680585,24.0,960.0,0.0,24.0,0.0,0.0,0.0,0.0,0.0,45810.01,1991.7395652173914,23,1303.15,45810.09,46415.7,512,9380.796108836017,0.0,0.0,0.0,0.0,0.0,29997.77,0.0,0.0,1416.0837480378182
811,347,11559.460000000001,33.31256484149856,24.51,0.8616069884359849,0.32588719542262357,0.24667761296807986,0.09145409906691145,0.05957544729598096,0.056826183922086326,0.07406228318623881,0.06476167571841591,0.0067451247722644485,0.05565571402124321,0.018354663626155548,0.003981004131198618,24,14.458333333333334,0.530301588482507,23.0,2852.0,23.0,0.0,0.0,0.0,0.0,9.0,122.76,13954.560000000001,606.72,23,1.76,13954.55,14534.23,402,221.98238992735006,0.0,0.0,0.0,0.0,0.0,0.0,0.0,0.0,-211.39055334091427
812,452,16803.36,37.17557522123894,26.105,1.035290355085331,0.23440014378076765,0.23598197027261214,0.12209879452680893,0.03736812161377248,0.051446853486445565,0.10349299187781491,0.060433746584016526,0.06390091029413164,0.06913914836080402,0.0217373192028261,0.0016779051610521512,24,18.833333333333332,0.35327101246417386,72.0,8688.0,24.0,24.0,0.0,0.0,24.0,0.0,0.0,43924.33,1909.7534782608695,23,20263.28,43924.39,25491.29,547,5966.463813800439,0.0,0.0,0.0,0.0,0.0,0.0,0.0,0.0,714.0328240721142
813,307,9722.06,31.667947882736154,23.52,0.8852499536561121,0.2898356932584247,0.22134917908344526,0.09126975147242458,0.07130690409234257,0.046960212136111075,0.07939263900860517,0.06502942791959729,0.008183450832436748,0.07666482206445958,0.050007920132153064,0.003014836605576443,24,12.791666666666666,0.5709468980853852,23.0,920.0,0.0,23.0,0.0,0.0,0.0,14.0,61.60000000000001,10258.23,446.01,23,0.6,10258.28,10703.69,367,148.39188702101583,0.0,0.0,0.0,0.0,0.0,0.0,0.0,0.0,-104.59787260898406
814,162,4485.01,27.685246913580247,20.025,0.9574324977375235,0.3068086804711695,0.30632261689494555,0.0870678103281821,0.0795917957819492,0.030956452716939316,0.06167656259406333,0.05078249546823752,0.018824930156231535,0.03813369423925476,0.019834961349027094,0.006805018783896277,24,6.75,0.8487316639204818,46.0,3772.0,23.0,23.0,0.0,0.0,0.0,45.0,401.28000000000003,8306.22,361.14,23,8.95,8306.12,8658.3,276,115.54411244955293,0.0,0.0,0.0,0.0,0.0,0.0,0.0,0.0,-313.8344678707556
815,435,16734.68,38.470528735632186,27.6,1.271111438821206,0.27154507884226053,0.2072570255302163,0.07936751703647754,0.1419298128198448,0.046093501638513557,0.02940898780257525,0.06434541921327447,0.05231590923758327,0.048034381296804006,0.05970236658245034,0.0017052725180486394,24,18.125,0.3735870659014693,24.0,2976.0,24.0,0.0,0.0,0.0,0.0,0.0,0.0,30763.93,1337.5621739130436,23,401.25,30764.01,31644.6,502,3371.8215657424375,0.0,0.0,0.0,0.0,0.0,11934.04,0.0,0.0,808.7438746137609
816,415,15334.34,36.95021686746988,26.43,1.1060683980855022,0.25459850244614374,0.22225410418707292,0.13879762676450372,0.08290477451262981,0.05274892822253843,0.07020908627303164,0.04490183470563454,0.054602936937618446,0.046320871977535386,0.032661333973291316,0.007184324083494786,24,17.291666666666668,0.3602580874038269,48.0,12696.0,0.0,24.0,0.0,24.0,0.0,0.0,0.0,43425.590000000004,1888.0691304347827,23,824.95,43425.52,44409.97,509,5052.337158535647,0.0,0.0,0.0,0.0,0.0,0.0,16379.53,0.0,964.7968449956936
817,460,16925.35,36.79423913043478,25.975,1.0868823646962293,0.24503895045006457,0.2222778258647532,0.10209596847332553,0.07801079445919878,0.08589955303730795,0.04779103534048041,0.07111522066013407,0.04173266727128243,0.07584835764105322,0.030189626802399953,0.00447662435453422,24,19.166666666666668,0.3950925682482194,48.0,3936.0,24.0,24.0,0.0,0.0,0.0,0.0,0.0,105736.51999999999,4597.24,23,4004.32,105736.59,106329.52,567,22087.878695181334,13.0,10613.84,0.0,0.0,0.0,74854.37,0.0,0.0,3277.6831944839882
818,442,16952.69,38.35450226244343,27.27,1.0994340814407892,0.2768162456813638,0.22039806072074694,0.09149521403387897,0.09175299023340837,0.07023251177246796,0.043127668824239684,0.055062647874762054,0.0568228405049582,0.03784119216478328,0.05645062818939058,0.0035971744343845646,24,18.416666666666668,0.34387521980287494,48.0,3936.0,24.0,24.0,0.0,0.0,0.0,0.0,0.0,76510.33,3326.536086956522,23,2341.74,76510.44,77356.63,536,17008.557495508132,0.0,0.0,0.0,0.0,0.0,56467.93,0.0,0.0,2579.7548741584615
819,474,16518.18,34.848481012658226,22.945,1.1627821194579369,0.254375482044632,0.20848301689411305,0.11913297954132962,0.10424393002134617,0.06453616560662252,0.03835652596109257,0.041293290180879495,0.05331459034833136,0.07063853281656937,0.04562548658508383,0.0019436679322376582,24,19.75,0.36063113490711446,24.0,960.0,0.0,24.0,0.0,0.0,0.0,0.0,0.0,98386.18,4277.66,23,3970.99,98386.13,98692.79,557,22547.78932430787,13.0,4230.7699999999995,0.0,0.0,0.0,76983.89,0.0,0.0,3118.0177395822607
820,432,15743.4,36.44305555555555,26.619999999999997,1.0647330371541295,0.2684458249171081,0.18795939885920446,0.1296282886797007,0.11856333447666957,0.0494162633230433,0.06974287637994334,0.05374506142256437,0.051055680475627876,0.03595093817091606,0.03549233329522212,0.0030080481976124673,24,18.0,0.3601407573967504,72.0,15672.0,24.0,24.0,0.0,24.0,0.0,2.0,8.8,30385.449999999997,1321.1065217391304,23,227.27,30385.5,31424.29,529,676.4359695167973,0.0,0.0,0.0,0.0,0.0,0.0,0.0,0.0,-70.47749034099866
821,443,15775.54,35.610699774266365,24.4,1.0881249080028481,0.23460496439424577,0.24284113253809375,0.11176289369492264,0.04476487017243149,0.10034204851307783,0.09476125698391306,0.0559378632997666,0.03355004012540933,0.053433353153045794,0.028001577125093657,0.002364612554463741,24,18.458333333333332,0.39741016789282646,96.0,19248.0,24.0,24.0,24.0,0.0,24.0,0.0,0.0,45158.409999999996,1963.4091304347824,23,803.02,45158.49,46237.08,608,3430.0844959079977,23.0,477.71,0.0,0.0,0.0,10735.79,0.0,4154.714860568424,669.2839514620541
822,436,16400.28,37.61532110091743,25.39,1.1022271462730704,0.2531432390178704,0.18396027384898303,0.10329091942332691,0.11266027165389858,0.10082144938988845,0.09296731519217963,0.06333184555385639,0.03541037104244561,0.025036157919255033,0.02937815695829583,0.0021504002712868786,24,18.166666666666668,0.343294748626243,48.0,3936.0,24.0,24.0,0.0,0.0,0.0,0.0,0.0,51341.759999999995,2232.2504347826084,23,32741.56,51341.74,20739.42,530,9921.731112629781,23.0,403.19000000000005,0.0,0.0,0.0,0.0,0.0,3506.3893159150216,979.7891635851875
823,114,3161.69,27.734122807017545,21.02,1.0216483474123188,0.25285843963196897,0.24549845177737223,0.12301016228662519,0.026811610246418843,0.08503679993927299,0.023351435466475206,0.04259747160537561,0.06568955210662651,0.07917284743286027,0.05597322950700417,0.00888340713033331,23,4.956521739130435,0.7961944403151479,69.0,15594.0,0.0,23.0,23.0,0.0,23.0,64.0,1517.34,20545.199999999997,893.2695652173912,23,1.22,20545.22,21400.05,287,498.03204748214364,0.0,0.0,0.0,0.0,0.0,1127.03,0.0,0.0,-717.4193277069638
824,462,18200.36,39.39471861471861,27.575,1.1779698244688657,0.255966914940144,0.20930355223742828,0.09127291987631014,0.09255750985145349,0.04419253245540198,0.09188829231949258,0.0461106263832144,0.04108819825541912,0.06402071167823054,0.06359874200290544,0.00292418610150047,24,19.25,0.30085064251476346,24.0,960.0,0.0,24.0,0.0,0.0,0.0,0.0,0.0,55138.82000000001,2397.34,23,30255.16,55138.74,27280.91,522,8495.518290618575,13.0,8120.49,0.0,0.0,0.0,0.0,0.0,0.0,1229.4664806768974
825,453,14825.99,32.72845474613686,24.1,1.09377235247179,0.2727305225485786,0.19792067848420242,0.09408882644599115,0.0846951873028378,0.08254693278492702,0.06587620792945362,0.08913401398490085,0.05355864937181261,0.024472564732608077,0.03497641641468799,0.004752207825013399,24,18.875,0.3491220485107571,24.0,960.0,0.0,24.0,0.0,0.0,0.0,0.0,0.0,62368.87,2711.69,23,2220.94,62368.9,62859.65,536,10189.682874715543,13.0,13778.269999999999,0.0,0.0,0.0,0.0,33295.35,0.0,992.0913712354313
826,166,4385.37,26.41789156626506,20.345,1.0276121714201538,0.3399963971113042,0.20276054243997654,0.15417171185099549,0.033217265589904614,0.0739367487806046,0.02797483450655247,0.09011554327228946,0.008806554521055235,0.025710487370506935,0.04330991455681049,0.0042179674913976895,24,6.916666666666667,0.7834504272159476,92.0,25139.0,23.0,23.0,23.0,23.0,0.0,76.0,2082.85,32009.77,1391.7291304347825,23,0.31,32009.86,33343.28,370,718.4898157523238,0.0,0.0,0.0,0.0,0.0,1736.04,0.0,0.0,-1157.25602415232
827,429,15603.04,36.370722610722616,26.78,0.9593121247238685,0.23288859094125247,0.22964627405941404,0.1006803802335955,0.04998705380489956,0.08052341082250639,0.06745864908376828,0.07557629795219394,0.04330181810724064,0.09368558947487156,0.02625193552025759,0.00632877527207143,24,17.875,0.3686518780955506,48.0,3936.0,24.0,24.0,0.0,0.0,0.0,0.0,0.0,23687.760000000002,1029.9026086956524,23,5135.65,23687.73,19539.07,500,1694.9604891385109,0.0,0.0,0.0,0.0,0.0,0.0,0.0,0.0,37.238833306957076
828,101,2892.41,28.637722772277225,21.29,0.8492772357443552,0.19944267928820605,0.3473643086561034,0.10479496336964678,0.03711437866692481,0.1294768030811676,0.06641174660577165,0.07568429095460187,0.017058439156274526,0.009728911184790539,0.012923479036512807,0.002389696964293364,22,4.590909090909091,0.7956721211723096,59.0,19427.0,23.0,0.0,21.0,15.0,0.0,56.0,1986.3799999999999,24678.96,1072.9982608695652,23,1.94,24679.02,25705.37,257,649.2100649722073,0.0,0.0,0.0,0.0,0.0,1399.58,0.0,0.0,-1434.2276912246684
829,472,17602.96,37.29440677966102,25.535,1.0920652266200848,0.27087035362234535,0.21126901384767108,0.11074614723887347,0.08435229075110097,0.09656557760740239,0.07899807759604066,0.04307173339029346,0.05253945927275867,0.023323918250112482,0.02826342842340152,0.0007314801947098104,24,19.666666666666668,0.3331854415393775,24.0,960.0,0.0,24.0,0.0,0.0,0.0,0.0,0.0,42527.05,1849.0021739130436,23,772.01,42527.12,43527.08,555,6621.957041936659,13.0,2639.5,0.0,0.0,0.0,0.0,22324.62,0.0,1226.3333944449332
830,434,15638.96,36.034470046082944,23.28,1.178869235606668,0.30297347138172864,0.18523610265644264,0.13027400799030114,0.08601019505133332,0.06171190411638625,0.05658496472911242,0.030454710543412093,0.04980957813051507,0.06488858594177617,0.032056479458992156,0.0024813286670634094,24,18.083333333333332,0.3615719971148977,72.0,19464.0,24.0,0.0,0.0,24.0,24.0,0.0,0.0,64597.57000000001,2808.59,23,32303.1,64597.48,35102.96,529,8889.071044148226,0.0,0.0,0.0,0.0,0.0,0.0,0.0,0.0,1533.5359882236937
831,450,18832.8,41.85066666666666,28.115000000000002,1.2121709287931166,0.24690327513699503,0.18832940401852089,0.11483847330189882,0.13217259249819463,0.04184029990229812,0.06584363451000383,0.05107737564249607,0.08038847117794487,0.051601992268807614,0.02700448154284015,0.0025828226318637126,24,18.75,0.3444134701159679,0.0,0.0,0.0,0.0,0.0,0.0,0.0,0.0,0.0,39118.08,1700.7860869565218,23,21915.14,39118.03,18832.81,473,6603.583168129492,0.0,0.0,0.0,0.0,0.0,0.0,0.0,0.0,799.2677205020184
832,437,17229.68,39.427185354691076,25.88,2.0030750954990393,0.2426197120317963,0.18176715992403805,0.11298526728296752,0.0741429904676117,0.09200751261776191,0.04233450650273249,0.0445771482697299,0.10927713109007248,0.062755083089181,0.037533488724108624,0.005487777851981623,24,18.208333333333332,0.4115816428395652,48.0,12696.0,0.0,24.0,0.0,24.0,0.0,0.0,0.0,31763.04,1381.0017391304348,23,3160.83,31763.03,29925.67,508,1237.7578076263449,0.0,0.0,0.0,0.0,0.0,0.0,0.0,0.0,414.0997788778768
833,458,17124.26,37.38921397379912,25.625,1.0996521089666809,0.28675691679523674,0.2126445171937357,0.07486162905725562,0.08224822561675658,0.10259129445593562,0.07612708519959403,0.03468237459604094,0.06147302131595759,0.03965251637151036,0.02896241939797691,0.0014032085415192075,24,19.083333333333332,0.4067708619233766,24.0,2976.0,24.0,0.0,0.0,0.0,0.0,0.0,0.0,74083.69,3221.03,23,57204.5,74083.65,20100.18,505,15976.821492551633,0.0,0.0,0.0,0.0,0.0,0.0,0.0,0.0,2779.0481924557316
834,287,8923.19,31.0912543554007,23.01,0.8598457387430669,0.3002984358732695,0.25121845438682805,0.09217331470023613,0.05514395636538054,0.10813621586002316,0.05017936410633417,0.022134460882262955,0.037769004134171745,0.057351687008793936,0.025595106682699795,0.0041784252139799305,24,11.958333333333334,0.6006416987646794,23.0,11247.0,0.0,0.0,0.0,23.0,0.0,15.0,806.85,20139.84,875.6452173913043,23,2.03,20139.89,20977.02,348,334.56133146147374,0.0,0.0,0.0,0.0,0.0,0.0,0.0,0.0,-638.3077765008577
835,443,17761.86,40.0944920993228,25.27,2.51363248518819,0.2005623284948761,0.21167771843714564,0.09798523352847055,0.20348713479331557,0.0758800035581859,0.06743100103254952,0.03667465006480177,0.027115403454367953,0.04581276960858829,0.033373757027698674,0.005246189766125564,24,18.458333333333332,0.45638069436421635,72.0,8688.0,24.0,24.0,0.0,0.0,24.0,2.0,43.56,25641.120000000003,1114.8313043478263,23,-338.28,25641.16,27047.83,564,1132.858519603926,21.0,464.52000000000004,3.0,0.0,0.0,0.0,0.0,4467.808934881379,-615.1581683910963
836,148,4085.08,27.601891891891892,18.479999999999997,1.260453661217013,0.3167698062216651,0.17725234267137974,0.07105858392002114,0.14738756646136672,0.0543857158244147,0.02691501757615518,0.038479050593868414,0.11434782182968264,0.04689014658219667,0.006513948319249562,0.0014193411670255784,24,6.166666666666667,0.844201337550305,46.0,3772.0,23.0,23.0,0.0,0.0,0.0,44.0,396.88,8441.52,367.0226086956522,23,-192.27,8441.5,8985.5,286,159.89012140011843,1.0,11.56,24.0,0.0,0.0,0.0,0.0,2580.1458841101166,-521.7206875284062
837,190,5265.72,27.714315789473684,21.35,0.9048003165008852,0.25813943772171705,0.2744373039204515,0.1309792393063057,0.061256580296711556,0.11688619979793836,0.03097582097035163,0.03852464620222876,0.04134477336432624,0.023299757677962368,0.024156240742006792,0.004787584448514681,24,7.916666666666667,0.7982669036712927,47.0,4212.0,23.0,23.0,1.0,0.0,0.0,47.0,463.32000000000005,9547.44,415.1060869565218,23,4.19,9547.41,9941.03,307,130.90985813476718,0.0,0.0,0.0,0.0,0.0,0.0,0.0,0.0,-668.1412077992146
838,445,16636.91,37.38631460674157,26.09,1.0875217566962991,0.29819539806370293,0.19147425814048402,0.10605454979320078,0.0822911225702369,0.05471809368446424,0.08625399788782893,0.04829081842721996,0.02070697022463907,0.04790913697315186,0.0641056542350713,0.003425332055933872,24,18.541666666666668,0.33573001236407485,24.0,960.0,0.0,24.0,0.0,0.0,0.0,0.0,0.0,60434.630000000005,2627.5926086956524,23,45355.77,60434.56,17596.9,492,13414.038289423965,0.0,0.0,0.0,0.0,0.0,0.0,0.0,0.0,1910.8968223249249
839,31,674.81,21.76806451612903,9.02,1.3462860831109322,0.17754627228405034,0.2513892799454661,0.372415939301433,0.10887509076628978,0.019368414813058493,0.004282686978556927,0.06612231591114537,0.0,0.0,0.0,0.05248118197541274,11,2.8181818181818183,0.45683970302751886,30.0,11607.0,6.0,0.0,0.0,21.0,3.0,29.0,1263.1299999999999,13173.11,572.7439130434783,23,0.17,13173.03,13721.73,133,312.5586246804028,0.0,0.0,0.0,0.0,0.0,0.0,176.79,0.0,-953.7338937095753
840,450,17223.0,38.27333333333333,25.54,1.0142729092937381,0.3076258491551994,0.20967078906113917,0.11287522498983917,0.05495500203216629,0.06214654822040294,0.07398420716483772,0.04172850258375428,0.03402078615804448,0.06429135458398652,0.038701736050629966,0.002131681106162686,24,18.75,0.3468367880160251,24.0,960.0,0.0,24.0,0.0,0.0,0.0,0.0,0.0,35438.63,1540.81,23,18796.4,35438.57,18182.98,497,5312.846829368014,0.0,0.0,0.0,0.0,0.0,0.0,0.0,0.0,757.1672847218248
841,366,13135.46,35.88923497267759,26.07,0.9679704346543151,0.24449771838976334,0.2330219116802914,0.11922536401465958,0.053351766896629446,0.06545868968425926,0.1086296178436081,0.05503956465932675,0.05152617418803758,0.047307060430316114,0.02194213221310864,0.004064577866020769,24,15.25,0.5002108795580817,46.0,14099.0,23.0,0.0,0.0,23.0,0.0,15.0,646.25,27642.55,1201.85,23,-451.11,27642.59,29295.56,489,419.5204059872347,9.0,249.94,22.0,0.0,0.0,504.98,0.0,5949.089383225562,-844.6583257061627
842,421,14203.99,33.73869358669834,24.98,0.8817613340118008,0.28170464777854676,0.23118574428734462,0.13810978464501877,0.03695229298246479,0.08861172107274083,0.0523338864642963,0.04972616849209272,0.032839364150495744,0.04786119956434776,0.040675190562651765,0.005955377794298111,24,17.541666666666668,0.3805986909312101,48.0,3936.0,24.0,24.0,0.0,0.0,0.0,0.0,0.0,39492.47,1717.0639130434784,23,1027.07,39492.39,40110.84,515,6992.9454735383115,0.0,0.0,0.0,0.0,0.0,0.0,21970.88,0.0,1070.7663739565314
843,439,14288.460000000001,32.547744874715264,22.7,0.9733476963893499,0.27947098567655293,0.22223948557087328,0.10711441260989638,0.06906342600952096,0.11141368628949516,0.030208293965899753,0.07276221510225735,0.038757850741087556,0.037695454933561766,0.03127418910085481,0.0020815923936891023,24,18.291666666666668,0.34626404804996475,24.0,10560.0,0.0,0.0,24.0,0.0,0.0,0.0,0.0,33480.479999999996,1455.6730434782608,23,255.42,33480.5,34620.1,508,3268.016391046694,0.0,0.0,0.0,0.0,0.0,9771.7,0.0,0.0,457.4608308902019
844,447,17804.55,39.83120805369127,29.47,1.272967045916788,0.24355515865326563,0.17656554083085504,0.1282863088367861,0.10097924406963388,0.10134712756008998,0.05854458551325363,0.04185109985930563,0.0572864801413122,0.05532967696459613,0.03625477757090182,0.002693996149333522,24,18.625,0.3824999789379681,24.0,960.0,0.0,24.0,0.0,0.0,0.0,0.0,0.0,23474.16,1020.6156521739131,23,5687.62,23474.11,18764.58,494,1883.8558451540882,0.0,0.0,0.0,0.0,0.0,0.0,0.0,0.0,328.48810290735196
845,189,5647.1900000000005,29.879312169312172,22.52,0.9271340452118424,0.20981585531919414,0.2058953213899302,0.19958244719940357,0.0630880136846821,0.0545492536996276,0.03312443888022184,0.09536424310143628,0.054984868580656925,0.05557277159082658,0.02802278655402067,0.012732159047749714,24,7.875,0.7536473892325208,69.0,13892.0,23.0,23.0,23.0,0.0,0.0,55.0,998.8,21619.920000000002,939.9965217391306,23,9.6,21619.9,22511.13,352,717.0206034120332,0.0,0.0,0.0,0.0,0.0,1973.16,0.0,0.0,-624.2307878901647
846,427,14683.54,34.38768149882904,23.97,0.9516048638147838,0.23380056852775283,0.2338237237069535,0.11015531676966181,0.03419611347127464,0.08533636983997046,0.07540552210161855,0.05367370538712054,0.05597628364822107,0.06140481110141015,0.05622758544601642,0.00251459610297855,24,17.791666666666668,0.39340649461914495,48.0,22296.0,0.0,0.0,24.0,24.0,0.0,0.0,0.0,76843.46,3341.0200000000004,23,33134.99,76843.54,47049.58,511,9552.115227642083,13.0,10070.06,0.0,0.0,0.0,0.0,0.0,0.0,1238.4436599193273
847,376,13064.8,34.746808510638296,23.415,1.0716380828480463,0.25572454228155045,0.2670427407997061,0.12149516257424528,0.07462111934357969,0.09192333598677362,0.06500137774784152,0.04929581776988549,0.012574245300349028,0.04331486130671728,0.019006796889351536,0.0048273147636419544,24,15.666666666666666,0.439513808095034,46.0,3772.0,23.0,23.0,0.0,0.0,0.0,5.0,31.240000000000002,19970.89,868.2995652173913,23,5.28,19970.99,20797.83,468,1238.9074957587204,0.0,0.0,0.0,0.0,0.0,0.0,3929.79,0.0,193.87451279778224
848,447,16615.71,37.17161073825503,26.14,1.1463224162130616,0.28281668372883256,0.2154587435625682,0.08659214682971718,0.07017214431402571,0.0859048454745539,0.05924513607904809,0.05578154650026993,0.0605312682996995,0.03517273712649053,0.04832474808479446,0.0013987413497457135,24,18.625,0.34621150706169046,48.0,3936.0,24.0,24.0,0.0,0.0,0.0,0.0,0.0,207618.25,9026.880434782608,23,7934.07,207618.35,208335.05,541,57137.779911941594,0.0,0.0,0.0,0.0,0.0,0.0,187783.35,0.0,7720.884570214367
849,410,14593.38,35.59360975609756,25.045,1.0375465732374274,0.2630946360610085,0.2351737568678401,0.14120238080554334,0.049413501190265725,0.08082774518308987,0.07357377112087811,0.05613504205331459,0.009859264954383426,0.05741301877974808,0.03330688298392833,0.004701729599973059,24,17.083333333333332,0.4273019684267798,72.0,15672.0,24.0,24.0,0.0,24.0,0.0,2.0,8.8,32210.58,1400.46,23,54.28,32210.68,33556.87,525,949.4704263037404,0.0,0.0,0.0,0.0,0.0,3282.64,0.0,0.0,297.91455013401287
850,434,15371.85,35.41900921658986,23.21,1.3497832630797146,0.2465994659068362,0.20741550301362555,0.0693267238491138,0.12669587590303052,0.05355438675240781,0.11787715857232539,0.05140630438106018,0.055455264005308404,0.049310915732328896,0.02235840188396322,0.0020917921085162883,24,18.083333333333332,0.3318331885882311,24.0,2976.0,24.0,0.0,0.0,0.0,0.0,0.0,0.0,82706.88,3595.9513043478264,23,2585.96,82706.82,83566.98,504,20151.613939293005,0.0,0.0,0.0,0.0,0.0,0.0,65219.07,0.0,3047.6476846160876
851,32,573.85,17.9328125,13.670000000000002,1.0826734535665041,0.5338154570009583,0.042554674566524356,0.1541866341378409,0.004164851442014464,0.13398971856756992,0.0,0.10079289012808225,0.03049577415700967,0.0,0.0,0.020320934190807827,17,1.8823529411764706,0.5736865034416658,54.0,5504.0,21.0,23.0,0.0,0.0,10.0,54.0,605.44,6581.68,286.16,23,0.28,6581.7,6867.58,183,122.26726742820264,0.0,0.0,0.0,0.0,0.0,184.31,0.0,0.0,-251.33923441022705
852,470,16526.46,35.162680851063826,26.07,0.9860565321781466,0.2596254733318569,0.24872598245480282,0.10327922616216662,0.08182333058622356,0.07031511890628725,0.0463850092518301,0.0494189318220599,0.028968091170159856,0.06500908240482232,0.046449753909790725,0.000762415016831608,24,19.583333333333332,0.32081341073647957,48.0,12696.0,0.0,24.0,0.0,24.0,0.0,0.0,0.0,37213.77,1617.9899999999998,23,5103.85,37213.84,33727.98,554,1422.5551303925686,13.0,4505.51,0.0,0.0,0.0,0.0,0.0,0.0,198.05293206178385
853,439,16427.19,37.419567198177674,23.57,1.3424984085221356,0.2825583681688712,0.18485267413355538,0.12452951478615636,0.10781089157670909,0.0595250922403649,0.03837540078370068,0.04265976104251548,0.048188399841969314,0.044029441432162156,0.06747045599399532,0.0017926528465723734,24,18.291666666666668,0.42486998689368055,48.0,3936.0,24.0,24.0,0.0,0.0,0.0,0.0,0.0,118164.70999999999,5137.5960869565215,23,4129.21,118164.64,118958.95,533,29466.856385158866,0.0,0.0,0.0,0.0,0.0,98595.68,0.0,0.0,4380.506669859928
854,304,10216.93,33.60832236842106,25.475,0.9974452340707953,0.30184703232771487,0.21676765916963311,0.13980618444092305,0.12605939357517376,0.07140696862951981,0.019450069639314352,0.026791805366191215,0.008713967894465362,0.06684884794160281,0.02230807101546159,0.0029117509488559845,24,12.666666666666666,0.544549096450695,48.0,13536.0,24.0,0.0,24.0,0.0,0.0,0.0,0.0,85615.43,3722.41,23,0.0,86612.9,86612.9,404,17614.637698058497,0.0,0.0,0.0,6.0,997.46,62859.99,0.0,8000.416791862412,-65.97
855,443,19539.8,44.1079006772009,26.14,1.8959708265399187,0.23391027543782436,0.20165457169469495,0.10658195068526803,0.14784184075579077,0.05981944543956438,0.06579545338232735,0.030815054401785075,0.007070696731798688,0.06820387107339891,0.07830684039754758,0.002828060718190195,24,18.458333333333332,0.44264782648747686,24.0,4752.0,0.0,0.0,0.0,0.0,24.0,2.0,43.56,37368.56,1624.7199999999998,23,369.56,37368.55,38623.72,527,3448.121606296895,13.0,2334.51,0.0,0.0,0.0,0.0,11953.81,0.0,658.0797688717508
856,318,10998.67,34.58701257861635,25.455,0.966402351215022,0.3037630913555912,0.2555036199831434,0.07642742258836752,0.08970539165189974,0.05493846074116235,0.06854919731203865,0.05400834828211048,0.026519570093474942,0.029732685861108665,0.04085221213110313,0.003269312306532046,24,13.25,0.5203747362181064,46.0,7406.0,23.0,0.0,0.0,0.0,23.0,31.0,593.78,18242.16,793.1373913043478,23,3.86,18242.18,18998.41,418,291.87999640464193,0.0,0.0,0.0,0.0,0.0,0.0,0.0,0.0,-517.2690905310043
857,439,15302.12,34.856765375854216,23.39,1.2090670665442962,0.24278988793709624,0.25909743225121745,0.11603620936184003,0.10863592757082023,0.0826048939624052,0.05478260528606493,0.04056366046011925,0.018305306715670766,0.03835873722072497,0.038825339234040766,0.00180586287071971,24,18.291666666666668,0.3559715908645338,48.0,3936.0,24.0,24.0,0.0,0.0,0.0,0.0,0.0,32805.12,1426.3095652173913,23,14933.97,32805.15,19238.06,510,4763.9252713496935,0.0,0.0,0.0,0.0,0.0,0.0,0.0,0.0,683.9113711960558
858,439,16322.05,37.18006833712984,25.39,1.0267641302858812,0.287011129116747,0.20139259468020254,0.09557439169712138,0.09036793785094398,0.07966585079692808,0.0690826213619,0.048811270643087115,0.012051182296341452,0.06417024822249658,0.05187277333423192,0.002519375918931477,24,18.291666666666668,0.3557267622633186,72.0,15672.0,24.0,24.0,0.0,24.0,0.0,0.0,0.0,50134.78999999999,2179.773478260869,23,11597.81,50134.69,40625.82,547,3671.3716312954907,13.0,8631.76,0.0,0.0,0.0,0.0,0.0,0.0,11.525339226856431
859,443,14221.43,32.102550790067724,23.9,0.8322093841293935,0.26953829537535956,0.2184787324481434,0.10683454476800153,0.038295023777496356,0.11382118394563698,0.0663189285465667,0.06473680916757316,0.03722129209228607,0.03213108667693755,0.05262410320199867,0.0014685408880814599,24,18.458333333333332,0.3218326145823592,72.0,8688.0,24.0,24.0,0.0,0.0,24.0,0.0,0.0,213745.44,9293.28,23,8330.76,213745.52,214708.05,561,57427.819310041974,0.0,0.0,0.0,0.0,0.0,0.0,191798.56,0.0,8471.683610080965
860,430,16566.26,38.526186046511626,25.225,1.3024940302796422,0.26173801449452083,0.19694668561280582,0.1117349359481259,0.15606117494232255,0.07848301306390218,0.04427010079523079,0.0381431898328289,0.014502971702725905,0.05373331095853862,0.04438660264899864,0.0030976221954356342,24,17.916666666666668,0.39271084722804067,72.0,15672.0,24.0,24.0,0.0,24.0,0.0,0.0,0.0,77261.14,3359.18,23,48382.32,77261.25,32238.11,525,13682.380161472061,0.0,0.0,0.0,0.0,0.0,0.0,0.0,0.0,2165.5147239527705
861,442,15742.210000000001,35.61585972850679,25.994999999999997,0.9079069838899552,0.318704298824625,0.23118609140647978,0.09680788148550934,0.04411705853244239,0.05012447426377872,0.06368102064449654,0.0792112416236348,0.031224967777713546,0.03441067042048099,0.05053229502083888,0.002713206018700731,24,18.416666666666668,0.37160093786069426,24.0,2976.0,24.0,0.0,0.0,0.0,0.0,0.0,0.0,76643.53,3332.3273913043477,23,2493.91,76643.63,77343.21,512,18058.220984195617,0.0,0.0,0.0,0.0,0.0,58624.89,0.0,0.0,2234.314489773333
862,435,16290.74,37.449977011494255,25.4,1.2735121858266503,0.2986512583222125,0.15738450187038772,0.10239191098746897,0.09197986095168177,0.07949792336014203,0.06993113879418615,0.06231392803519055,0.048449610023854055,0.04296735446026394,0.046432513194612404,0.002675898897365747,24,18.125,0.3229957632372747,24.0,10560.0,0.0,0.0,24.0,0.0,0.0,0.0,0.0,45880.57,1994.807391304348,23,20941.61,45880.68,26850.76,482,6172.056293637488,0.0,0.0,0.0,0.0,0.0,0.0,0.0,0.0,976.4749172412495
863,307,10797.95,35.172475570032574,23.65,0.9826032687500547,0.3003514556003686,0.226337406637371,0.07738042869248331,0.07645062257187707,0.05439087975032298,0.0406753133696674,0.08464569663686164,0.06399085011506815,0.04472330396047398,0.031054042665505956,0.00047147822387283433,24,12.791666666666666,0.5552220560384147,24.0,2976.0,24.0,0.0,0.0,0.0,0.0,0.0,0.0,56394.16,2451.92,23,92.14,56983.76,56891.62,388,12244.332080658034,1.0,143.23,0.0,10.0,589.67,42974.41,0.0,8203.974958205888,0.0
864,436,16246.28,37.26211009174312,25.305,1.1908933201605958,0.21905199220990898,0.20314311953259453,0.13095120852281258,0.11901801520101833,0.08121797728464608,0.060235327718099155,0.04682856629332992,0.04156520754289597,0.057198940311258946,0.04078964538343547,0.0026808141949591358,24,18.166666666666668,0.38567352033819435,48.0,3936.0,24.0,24.0,0.0,0.0,0.0,0.0,0.0,78168.24,3398.6191304347826,23,2463.97,78168.2,78961.24,530,17980.954333502876,0.0,0.0,0.0,0.0,0.0,58778.87,0.0,0.0,2657.468201813492
865,436,16179.16,37.10816513761468,25.325,1.2384835305834119,0.27347896924191367,0.17545101228988402,0.09626952202710153,0.08779194964386285,0.06950051795025206,0.09586715255921816,0.03926656266456355,0.05482484875605408,0.04727315880428898,0.060276306062861114,0.003053833508041226,24,18.166666666666668,0.3766518162871249,24.0,4752.0,0.0,0.0,0.0,0.0,24.0,0.0,0.0,82793.76,3599.728695652174,23,2703.29,82793.82,83540.27,506,19230.769068389633,0.0,0.0,0.0,0.0,0.0,0.0,62609.11,0.0,2863.7824350186074
866,446,16198.76,36.320089686098655,25.65,0.9540377921945339,0.3013298548777808,0.18370665408957232,0.09394422782978451,0.08007156103306673,0.07086097948238014,0.0940034916252849,0.06422528637994514,0.010154480960271035,0.04508616708933277,0.056617296632581755,0.0015926997474541293,24,18.583333333333332,0.3908780672100827,48.0,3936.0,24.0,24.0,0.0,0.0,0.0,0.0,0.0,37764.72,1641.944347826087,23,19203.42,37764.69,20134.8,517,5724.223339085537,0.0,0.0,0.0,0.0,0.0,0.0,0.0,0.0,942.6486076465303
867,357,11018.84,30.865098039215688,22.53,0.9711007235838789,0.25926957828591757,0.24348661020579299,0.10492756043285864,0.08664614424022855,0.0647236914230536,0.042920125893469725,0.06048912589709987,0.042186836363900374,0.056391598389667154,0.038958728868011515,0.0014100459682390154,24,14.875,0.4813664596273292,94.0,26068.0,23.0,23.0,24.0,24.0,0.0,13.0,103.4,35656.9,1550.3,23,16.93,35656.88,37190.25,487,550.2999567788654,0.0,0.0,0.0,0.0,0.0,0.0,0.0,0.0,-313.09066578336115
868,431,18495.49,42.91296983758701,26.19,1.5218446880618353,0.23918966191217425,0.18833023618190164,0.09998058986271788,0.05408399561190322,0.08187509495558105,0.08498720498889187,0.04347600415020094,0.10286183280356453,0.05348330863361824,0.05173207089944629,0.0015496062460855775,24,17.958333333333332,0.40501170825968924,24.0,960.0,0.0,24.0,0.0,0.0,0.0,0.0,0.0,19600.83,852.21,23,997.66,19600.88,19455.43,478,444.58321712236665,0.0,0.0,0.0,0.0,0.0,0.0,0.0,0.0,48.81232081905728
869,455,16985.38,37.330505494505495,25.64,1.0985636743787515,0.3077358292837723,0.22146104473376513,0.1297115519346638,0.0587475817438291,0.06747567614030418,0.07274844601651537,0.057730824980071094,0.013300261754520652,0.027901642471348884,0.043187140941209436,0.0022841753347416782,24,18.958333333333332,0.37037440434067415,96.0,20424.0,24.0,24.0,0.0,24.0,24.0,0.0,0.0,74328.95999999999,3231.693913043478,23,40016.53,74328.91,37409.42,574,12148.741160040796,0.0,0.0,0.0,0.0,0.0,0.0,0.0,0.0,1693.1380122260796
870,361,12014.49,33.28113573407202,22.67,1.1045005418416012,0.2911709111248168,0.19914286831983713,0.09552548630861568,0.07077037810177544,0.07999257563159151,0.04263518468116416,0.0533164537154719,0.07447340669474943,0.04951437805516506,0.04345835736681291,0.0022061163070302703,24,15.041666666666666,0.5224483103319408,70.0,8450.0,24.0,23.0,0.0,0.0,23.0,35.0,514.14,20144.16,875.8330434782608,23,4.93,20144.22,20978.63,489,339.27436156844226,0.0,0.0,0.0,0.0,0.0,0.0,0.0,0.0,-427.95757771281365
871,98,3179.7599999999998,32.44653061224489,24.1,0.9987124282905797,0.2283411326641004,0.2529373286034166,0.08571087126072408,0.03562533021360102,0.035741691196819886,0.10045097743225902,0.0454656955241905,0.1815986112159408,0.02810903967595038,0.006019322212997207,0.005916439168905385,23,4.260869565217392,0.8717827760585705,46.0,3772.0,23.0,23.0,0.0,0.0,0.0,46.0,414.92,8745.98,380.26,23,2.93,8745.96,9123.29,231,532.274674081558,0.0,0.0,0.0,0.0,0.0,1756.63,0.0,2983.5406205243266,-265.82066452733187
872,431,15658.789999999999,36.33129930394431,24.96,1.1997079501411336,0.21301518188825572,0.2424599857332527,0.0769146275031468,0.15370025397875567,0.08091493659471773,0.07343096114067561,0.055722057706885396,0.02989822329822419,0.018595945152850252,0.05534782700323588,0.0018025812776498729,24,17.958333333333332,0.32651501169630603,96.0,26232.0,24.0,24.0,24.0,24.0,0.0,0.0,0.0,147960.15,6433.05,23,4820.12,147960.21,149573.15,573,31455.84544025977,0.0,0.0,0.0,0.0,0.0,0.0,107682.35,0.0,4827.262739123599
873,447,16332.94,36.53901565995526,26.64,1.0373338177448594,0.29840800247842697,0.21595193516905098,0.0701459749438864,0.09099953835622979,0.08097378671568008,0.06826572558277934,0.05396211582238102,0.0271120814746151,0.06866308209054829,0.025517757366401883,0.003389300180939081,24,18.625,0.37689540278725076,48.0,3936.0,24.0,24.0,0.0,0.0,0.0,0.0,0.0,22804.81,991.5134782608696,23,3486.11,22804.86,20268.96,518,1200.5655449930903,0.0,0.0,0.0,0.0,0.0,0.0,0.0,0.0,5.07256280566844
874,236,7407.1900000000005,31.386398305084747,20.29,1.0325000649894143,0.25643867647515456,0.22735882298145452,0.11942855522809595,0.08618247945577204,0.06625994472937781,0.0587604746199301,0.10210484677725291,0.02365404424619863,0.02955101732235841,0.03026113816440513,0.0008010624942739186,24,9.833333333333334,0.6760363916680954,70.0,24659.0,23.0,0.0,24.0,23.0,0.0,42.0,1538.9,32267.03,1402.914347826087,23,6.37,32266.96,33605.05,371,592.8131489129692,0.0,0.0,0.0,0.0,0.0,0.0,0.0,0.0,-1254.1034031922122
875,455,16709.07,36.72323076923077,24.73,1.1447905823457853,0.2076878006974655,0.2510337200095517,0.11046994237261559,0.12898084692924264,0.046141407032228604,0.09721845680220384,0.04156245679741602,0.03566206856515653,0.04589603131712298,0.03534726947699662,0.0015985468838436434,24,18.958333333333332,0.3688721155635831,72.0,8688.0,24.0,24.0,0.0,0.0,24.0,0.0,0.0,31050.46,1350.02,23,6583.14,31050.38,25817.26,573,1765.5970921392804,23.0,420.21,0.0,0.0,0.0,0.0,0.0,3654.333810929161,437.83673600003897
876,453,16702.91,36.87176600441501,23.94,1.5828719710156136,0.20677534633186673,0.21063694889094176,0.10330595087921805,0.10769201294864188,0.06328597831156367,0.09132241028659077,0.048217945256245766,0.07684828571787791,0.031219110921390347,0.06069601045566311,0.0021497599883413265,24,18.875,0.3476100871045824,24.0,960.0,0.0,24.0,0.0,0.0,0.0,0.0,0.0,25461.350000000002,1107.0152173913045,23,8859.23,25461.25,17662.91,500,2441.8469904469466,0.0,0.0,0.0,0.0,0.0,0.0,0.0,0.0,593.9652254587899
877,426,15143.7,35.54859154929578,24.095,1.264935604471088,0.24477043258912945,0.20569015498193965,0.10395147817244134,0.15317062540858573,0.057915832986654515,0.061274985637591865,0.05545936594095234,0.03321447202467032,0.060361074242094075,0.024191578015940622,0.002866896436121369,24,17.75,0.36711966032079346,48.0,14712.0,24.0,0.0,0.0,24.0,0.0,0.0,0.0,210278.88000000003,9142.560000000001,23,7550.72,210278.94,211489.84,520,55744.47737484169,0.0,0.0,0.0,0.0,0.0,181634.16,0.0,0.0,7245.892440919578
878,427,16798.99,39.341896955503515,25.45,1.1757094308761937,0.26658566973371617,0.20396523838635539,0.10334133183006837,0.0746032946028303,0.05605277460133021,0.13619925959834492,0.05463423693924457,0.048303499198463724,0.037034964602038575,0.0192797305076079,0.004386119461260329,24,17.791666666666668,0.347708999171974,24.0,2976.0,24.0,0.0,0.0,0.0,0.0,0.0,0.0,32933.99,1431.9126086956521,23,428.41,32933.94,33877.78,496,4217.017724715674,0.0,0.0,0.0,0.0,0.0,0.0,14102.77,0.0,611.7274392352263
879,452,17280.24,38.23061946902655,24.814999999999998,1.1536663940814322,0.30573475831354197,0.17751373823511712,0.08506884163645877,0.08323264028740342,0.0672901533774994,0.07173280000740731,0.04703059679726671,0.06850772905931862,0.04118750665500017,0.052701235630986616,0.0027752913319399886,24,18.833333333333332,0.3941970713369721,48.0,3936.0,24.0,24.0,0.0,0.0,0.0,0.0,0.0,64884.48,2821.064347826087,23,1926.97,64884.46,65661.01,569,13300.333335262038,23.0,877.9100000000001,0.0,0.0,0.0,0.0,43567.0,7633.148393171026,1830.069063287496
880,312,9974.5,31.96955128205128,21.19,1.357787899444381,0.2849837084565642,0.22137651010075687,0.09694922051230637,0.09743145019800489,0.07617524687954282,0.05750463682390094,0.04166624893478369,0.05265827861045665,0.02343776630407539,0.04781693317960799,0.005505282333369554,24,13.0,0.5612261266228884,70.0,24659.0,23.0,0.0,24.0,23.0,0.0,11.0,150.04000000000002,36576.0,1590.2608695652175,23,3.04,36576.01,38096.97,432,1254.3916909147201,0.0,0.0,0.0,0.0,0.0,0.0,3313.39,2950.8314033087636,1.3606005756057584
881,72,1758.42,24.4225,18.56,0.7265976897589363,0.48216012101773187,0.263156697489792,0.05773933417499801,0.008991026034735729,0.020131709147985125,0.0,0.0744930107710331,0.010623173075829438,0.057363997224781346,0.02534093106311348,0.01013841322389053,21,3.4285714285714284,0.7157277555987761,85.0,16650.0,22.0,23.0,21.0,0.0,19.0,84.0,1783.1,19619.04,853.0017391304348,23,0.93,19619.09,20435.62,283,350.5322788897395,0.0,0.0,0.0,0.0,0.0,244.09,0.0,0.0,-1440.857945902818
882,422,15968.65,37.84040284360189,26.174999999999997,1.009838496638479,0.262091660847974,0.21737341603704757,0.09597680455141792,0.05053777244789008,0.07619491942023902,0.04070225097300022,0.07227285963434603,0.04526368853973253,0.08721964599386922,0.05236698155448331,0.0032413295494444494,24,17.583333333333332,0.36958916376775747,48.0,3936.0,24.0,24.0,0.0,0.0,0.0,0.0,0.0,40579.36,1764.32,23,22439.05,40579.38,19904.65,493,6215.321790261667,0.0,0.0,0.0,0.0,0.0,0.0,0.0,0.0,1234.180710062874
883,431,16691.65,38.72772621809745,28.62,1.2559628142728505,0.299235845467644,0.23494082370526578,0.11166002162758025,0.0673618246248873,0.09803704247333248,0.04072754940344423,0.04640104483379414,0.05223629778961336,0.02920322436667435,0.02019632570776406,0.005800263923297244,24,17.958333333333332,0.3234473524187243,48.0,3936.0,24.0,24.0,0.0,0.0,0.0,0.0,0.0,25618.8,1113.8608695652174,23,6058.6,25618.8,20627.66,502,2065.940977361747,0.0,0.0,0.0,0.0,0.0,0.0,0.0,0.0,392.2801898169927
884,438,19779.32,45.158264840182646,25.195,2.2281713851047367,0.1998445851525735,0.18029133458581995,0.09242329867760873,0.1946937508468441,0.07815688304754663,0.08295836257262637,0.045045026825998064,0.0612816820800715,0.04686510961954203,0.018439966591369168,0.002585201298507589,24,18.25,0.35677111245482657,0.0,0.0,0.0,0.0,0.0,0.0,0.0,0.0,0.0,36132.729999999996,1570.988260869565,23,17859.03,36132.83,19779.34,461,5003.23228722556,0.0,0.0,0.0,0.0,0.0,0.0,0.0,0.0,784.374559673084
885,454,19561.54,43.08709251101322,27.775,1.6027770065340914,0.2578201920707674,0.1617761178312137,0.09850758171391413,0.12748178313159395,0.09423695680401441,0.07123825629270497,0.03504938772714213,0.07087018711205763,0.04156267860301387,0.041456858713577766,0.0015510313821649468,24,18.916666666666668,0.30855955103739274,48.0,3936.0,24.0,24.0,0.0,0.0,0.0,0.0,0.0,68157.6,2963.3739130434783,23,2130.77,68157.55,68866.67,548,13535.756669443623,0.0,0.0,0.0,0.0,0.0,0.0,45369.13,0.0,1979.747824857675
886,454,16214.73,35.71526431718062,23.91,1.0004785100118296,0.2393755554363224,0.1980631191515369,0.09457820142549397,0.09647524195592526,0.08737179095797463,0.08670449646710122,0.0470738643196649,0.03998093091898539,0.06914207020406753,0.04123472916292779,0.0021233639939675086,24,18.916666666666668,0.35008476860237575,48.0,3936.0,24.0,24.0,0.0,0.0,0.0,0.0,0.0,50634.27,2201.49,23,1624.38,50634.27,51211.38,548,9254.492892494909,0.0,0.0,0.0,0.0,0.0,0.0,31060.62,0.0,1516.2798905227555
887,448,17118.5,38.2109375,26.380000000000003,1.080135608160883,0.22765078716008996,0.1861354674767065,0.09902327890878289,0.10324853228962819,0.07567719134269942,0.09881531676256682,0.06186348102929579,0.05067324824020796,0.046755848935362325,0.050156847854660166,0.0015707981001309435,24,18.666666666666668,0.3832911762128691,48.0,3936.0,24.0,24.0,0.0,0.0,0.0,0.0,0.0,28623.590000000004,1244.5039130434784,23,8761.57,28623.48,21054.56,519,2709.892915886418,0.0,0.0,0.0,0.0,0.0,0.0,0.0,0.0,256.4250941331378
888,463,15520.61,33.52183585313175,24.56,0.9377721606450882,0.26700625813031836,0.27021618351340576,0.11175656111454382,0.0486321091761213,0.10205011272108508,0.023879216087512027,0.06363474116030234,0.026020884488431838,0.04401180108256055,0.04279213252571903,0.0045673976524428506,24,19.291666666666668,0.3586901545751101,24.0,2976.0,24.0,0.0,0.0,0.0,0.0,0.0,0.0,43337.03,1884.218695652174,23,1195.32,43336.97,43947.36,556,7504.664209808431,23.0,336.95,0.0,0.0,0.0,25113.89,0.0,2929.5423032308017,1251.5672394064657
889,73,2072.1,28.384931506849313,20.99,0.9477421492887841,0.33194826504512326,0.37074948120264467,0.13188070073838135,0.00968099995173978,0.0,0.07319627431108539,0.04677863037498191,0.003508517928671396,0.02813570773611312,0.0041214227112591085,0.005344484936217309,18,4.055555555555555,0.8701510544857873,37.0,11224.0,16.0,0.0,21.0,0.0,0.0,35.0,1172.6,15017.27,652.9247826086956,23,0.05,15017.17,15642.83,183,506.13087261483884,0.0,0.0,0.0,0.0,0.0,1174.13,0.0,0.0,-810.1345519315905
890,436,15001.34,34.406743119266054,26.490000000000002,0.8891289636358944,0.23161997528220812,0.2541599617100872,0.16027301561060545,0.0563376338380438,0.06216711307123231,0.04726244455495309,0.06331234409726064,0.02374921173708482,0.06039460474864245,0.04072369534988207,0.0034776551046287185,24,18.166666666666668,0.3641474694927253,48.0,3936.0,24.0,24.0,0.0,0.0,0.0,0.0,0.0,35699.520000000004,1552.153043478261,23,18249.51,35699.46,18937.43,507,5614.621140101058,0.0,0.0,0.0,0.0,0.0,0.0,0.0,0.0,720.3776926560575
891,429,17580.44,40.980046620046615,26.34,1.235501228414695,0.28988466727795204,0.21032124338184935,0.11083397230103455,0.03186097731342332,0.07800714885406734,0.08165381526287167,0.030629495052456022,0.07488492893238166,0.03704401027505568,0.05487974134890821,0.0017335408891844262,24,17.875,0.37483646598151127,72.0,15672.0,24.0,24.0,0.0,24.0,0.0,0.0,0.0,38984.869999999995,1694.9943478260868,23,303.86,38984.78,40305.29,546,2394.21847404646,0.0,0.0,0.0,0.0,0.0,7052.79,0.0,0.0,482.905985526314
892,427,17894.42,41.907306791569084,25.18,1.4243547226809754,0.28324248564636345,0.1304965458506059,0.11573384328746056,0.1026174639915683,0.07466182195343575,0.10859977579603025,0.05692947857488535,0.05051239436651201,0.04309332182881591,0.034112868704322355,0.0020434019361842415,24,17.791666666666668,0.3726122444873877,72.0,14496.0,24.0,24.0,24.0,0.0,0.0,0.0,0.0,40482.479999999996,1760.1078260869563,23,435.04,40482.46,41734.19,544,2826.843085726965,0.0,0.0,0.0,0.0,0.0,0.0,9343.68,0.0,677.7793222860568
893,335,11687.55,34.88820895522388,22.07,1.4631402256447237,0.26208315686350003,0.1996072744073822,0.09282869378098917,0.1319643552327049,0.07432952158493439,0.03380862541764527,0.06680014203147794,0.06626196251566838,0.04894524515403142,0.023371023011666256,0.0008205269628999146,24,13.958333333333334,0.5201432293337783,94.0,19010.0,24.0,23.0,24.0,0.0,23.0,41.0,779.02,30478.08,1325.1339130434783,23,-680.45,30478.12,32428.49,522,519.2438547920393,7.0,291.94,22.0,0.0,0.0,0.0,0.0,8879.122056673985,-1649.6481586092534
894,442,16246.42,36.75660633484163,26.015,1.0268315072283856,0.30628778524745764,0.19407598720210362,0.08891743534883378,0.07915343811128853,0.0853855803309283,0.0646960992021627,0.0617329848668199,0.02576198325538796,0.06648541647944595,0.027503289955571754,0.0016852279874515208,24,18.416666666666668,0.34814377567488713,24.0,2976.0,24.0,0.0,0.0,0.0,0.0,0.0,0.0,124970.62999999999,5433.5056521739125,23,4571.91,124970.57,125605.76,512,32618.222692603984,0.0,0.0,0.0,0.0,0.0,0.0,106383.35,0.0,4465.397018899319
895,455,16150.15,35.494835164835166,24.42,1.1886330675940526,0.22157688937873643,0.1951455559236292,0.13695538431531595,0.10436497493831327,0.06845323418048749,0.0769540840177955,0.060418014693361985,0.026040005820379374,0.07717637297486402,0.03291548375711681,0.0024131183971646264,24,18.958333333333332,0.3362625114937013,24.0,2976.0,24.0,0.0,0.0,0.0,0.0,0.0,0.0,70426.79,3062.0343478260866,23,1940.29,70426.69,71420.84,538,14694.259652172143,13.0,4745.65,0.0,0.0,0.0,0.0,47548.96,0.0,2032.7853715718943
896,445,16106.56,36.19451685393258,26.04,0.9267259871985577,0.23799619533904198,0.22686284346253946,0.10896988556215603,0.035095017185544274,0.09760867621639877,0.06767987701905309,0.03526699680130332,0.05867795482089285,0.06240500764905727,0.06943754594401287,0.0022825770660702682,24,18.541666666666668,0.36468432737965156,24.0,2976.0,24.0,0.0,0.0,0.0,0.0,0.0,0.0,46150.56,2006.5460869565215,23,1044.18,46150.51,47029.26,515,8395.548324242394,0.0,0.0,0.0,0.0,0.0,0.0,27946.77,0.0,1288.91793683809
897,308,10613.33,34.45886363636364,23.14,1.0394226119950558,0.2817004653581864,0.18302549718137473,0.11688508696139666,0.0841074384759543,0.053095494062655166,0.04790862057431551,0.06923840114271393,0.017193472736643445,0.06736905382193902,0.07947646968482087,0.002037791781261067,24,12.833333333333334,0.5906223588638062,46.0,7406.0,23.0,0.0,0.0,0.0,23.0,38.0,705.5400000000001,21374.63,929.3317391304348,23,2.61,21374.55,22262.55,433,1185.4826935650642,0.0,0.0,0.0,0.0,0.0,0.0,3537.67,0.0,-363.3038788101612
898,437,16762.1,38.357208237986264,25.46,1.1427037871431773,0.2545140525351836,0.20152725493822374,0.11185412329004124,0.047707626132763796,0.15659971006019535,0.06198388030139422,0.0511290351447611,0.029314942638452225,0.046710137751236426,0.038659237207748436,0.004606559019356249,24,18.208333333333332,0.3215682999146885,48.0,3936.0,24.0,24.0,0.0,0.0,0.0,0.0,0.0,43887.83,1908.1665217391305,23,25018.37,43887.77,20698.06,508,7551.930709926597,0.0,0.0,0.0,0.0,0.0,0.0,0.0,0.0,764.6271726614971
899,401,13844.47,34.524862842892766,23.91,1.0404388265068816,0.33393333222579125,0.21711918188273008,0.143533844199164,0.07473669992422968,0.05275969394278004,0.0655164119680999,0.053103513532840194,0.008391076003631774,0.015599730433884433,0.03530651588684869,0.0018148288902897214,24,16.708333333333332,0.4211233799488171,94.0,19010.0,24.0,23.0,24.0,0.0,23.0,15.0,257.18,33123.600000000006,1440.1565217391308,23,8.14,33123.57,34495.58,543,515.503667500175,10.0,1383.8,0.0,0.0,0.0,0.0,0.0,393.9324714293233,-408.81134763457294
900,427,16436.43,38.49281030444965,25.33,1.1979738264798527,0.32287364105222366,0.21393757646885606,0.09403197653018325,0.06919081576717084,0.059855455229633196,0.05336560311454495,0.05564407842822316,0.06932831521200163,0.0378829222647497,0.023889615932413545,0.004388307300879801,24,17.791666666666668,0.3335596598531433,48.0,13536.0,24.0,0.0,24.0,0.0,0.0,0.0,0.0,51570.96,2242.215652173913,23,23747.38,51571.01,29972.42,498,7175.674761485023,0.0,0.0,0.0,0.0,0.0,0.0,0.0,0.0,1042.3619202202683
901,330,11651.36,35.30715151515152,23.810000000000002,1.0948075251083402,0.2659732426085882,0.19509825462435287,0.12591405638483405,0.03208895785556364,0.10957604949121821,0.10319911152002859,0.04072400131830105,0.023407567871905087,0.05456616223342168,0.04945259609178672,0.002125072976800979,24,13.75,0.5090598865711814,48.0,3936.0,24.0,24.0,0.0,0.0,0.0,0.0,0.0,25614.719999999998,1113.6834782608694,23,13.05,26260.11,26247.06,440,2860.1708819002997,2.0,238.88,0.0,14.0,645.45,10420.82,0.0,6892.547405148369,-24.93
902,397,13949.2,35.13652392947103,25.85,0.8983105040560891,0.23678633900151982,0.2557186075187108,0.13240902704097726,0.04019800418662003,0.07056605396725261,0.06214693315745706,0.046890861124652315,0.03727310526768561,0.0532654202391535,0.0647456484959711,0.0027604085430111835,24,16.541666666666668,0.4286374845869297,24.0,960.0,0.0,24.0,0.0,0.0,0.0,6.0,26.400000000000002,14366.49,624.63,23,55.63,14366.58,14935.58,450,235.89176630720345,0.0,0.0,0.0,0.0,0.0,0.0,0.0,0.0,-194.19615128588123
903,288,8929.96,31.00680555555555,23.905,0.8338522006178382,0.26270218455625777,0.256153443016542,0.10878548168188883,0.04564522125519039,0.05670574112314052,0.07450873240193684,0.06376848272556652,0.006603613006105289,0.05642914413950342,0.06869795609386828,0.0036143553531338135,24,12.0,0.605592858198693,93.0,18886.0,23.0,23.0,24.0,0.0,23.0,55.0,790.6800000000001,27421.52,1192.24,23,7.13,27421.54,28606.65,459,411.7675855469674,0.0,0.0,0.0,0.0,0.0,0.0,0.0,0.0,-445.2391642363416
904,337,11456.08,33.99430267062314,24.36,0.940286293929974,0.27941494821963536,0.22539734359396932,0.10794180906557914,0.06766363363384334,0.09354595987458189,0.06011829526330124,0.05678818583669108,0.018272393349208455,0.04305835853101584,0.04779907263217436,0.002454716886270858,24,14.041666666666666,0.4563829861523313,48.0,3936.0,24.0,24.0,0.0,0.0,0.0,0.0,0.0,45222.0,1966.1739130434783,23,5.75,45872.15,45866.4,448,8808.83183142658,1.0,113.34,0.0,16.0,650.2,30360.88,0.0,6701.0681713285285,-76.51
905,448,16363.22,36.52504464285714,23.424999999999997,1.3195172586453845,0.26322997551826594,0.1922030016097076,0.09005562474867415,0.12821620683459614,0.08137579278406083,0.10966545704329587,0.031667972440632096,0.04179311895824905,0.028458946344301423,0.03333390371821683,0.0028348281194440217,24,18.666666666666668,0.3609069608548928,48.0,3936.0,24.0,24.0,0.0,0.0,0.0,0.0,0.0,22183.199999999997,964.486956521739,23,2808.28,22183.16,20299.18,519,756.3656963449137,0.0,0.0,0.0,0.0,0.0,0.0,0.0,0.0,178.6484282572069
906,315,9334.86,29.634476190476192,22.69,0.7976076737564509,0.28681737058723966,0.26492630848239823,0.123523009450597,0.0627540209494304,0.03876115978172141,0.05613367527740105,0.06893301024332449,0.01933933663707865,0.030585354252768652,0.04822675433804042,0.0031083561368115964,24,13.125,0.5503007008139382,24.0,2976.0,24.0,0.0,0.0,0.0,0.0,12.0,163.68,11976.960000000001,520.7373913043479,23,1.5,11976.92,12474.46,374,185.747844876953,0.0,0.0,0.0,0.0,0.0,0.0,0.0,0.0,-210.04159347664705
907,416,16017.28,38.503076923076925,27.799999999999997,0.8703523565134683,0.29724522515683066,0.24243691812842127,0.08649408638670236,0.07210525132856516,0.09199626902944819,0.02959865844887521,0.041595701642226396,0.03920515842889679,0.06684530706836617,0.0324774243816678,0.004030199491887432,24,17.333333333333332,0.3573272116114596,24.0,2976.0,24.0,0.0,0.0,0.0,0.0,0.0,0.0,18829.870000000003,818.6900000000002,23,655.27,18829.95,18993.37,463,330.2834422022543,0.0,0.0,0.0,0.0,0.0,0.0,0.0,0.0,-43.93666473209771
908,417,16702.09,40.05297362110312,27.16,1.0653262661971599,0.27115408909902894,0.17763585275854699,0.08318360157321628,0.0765173699818406,0.10604660853821288,0.07738492607811358,0.0552679335340667,0.043598136520639034,0.026166785114916755,0.08304469680141827,0.004680320275537553,24,17.375,0.36150984697124733,0.0,0.0,0.0,0.0,0.0,0.0,0.0,0.0,0.0,20578.56,894.72,23,4771.12,20578.58,16702.18,440,1228.4380437776701,0.0,0.0,0.0,0.0,0.0,0.0,0.0,0.0,464.6208028003903
909,422,15932.74,37.75530805687204,25.14,1.2536138103330174,0.24087131278110357,0.22009397002649891,0.08447009114565354,0.13288612002706376,0.0716675223470665,0.08657644573375328,0.035398180099593675,0.03185076766456994,0.07367659297773013,0.02250899719696675,0.002492239807642349,24,17.583333333333332,0.38931596197515306,0.0,0.0,0.0,0.0,0.0,0.0,0.0,0.0,0.0,20114.64,874.5495652173913,23,327.14,20114.7,20625.67,463,1542.28656605157,0.0,0.0,0.0,0.0,0.0,0.0,4692.94,0.0,102.92244267321371
910,440,15903.0,36.143181818181816,22.735,1.1923057603219471,0.24247248946739608,0.22262026032823995,0.10971137521222411,0.05386405080802364,0.09643966547192354,0.053344651952461804,0.06454505439225304,0.0626284348864994,0.061982015971829216,0.03239200150914922,0.0020872569712805378,24,18.333333333333332,0.37272275671256994,72.0,8688.0,24.0,24.0,0.0,0.0,24.0,5.0,91.52000000000001,23760.609999999997,1033.07,23,111.15,23760.5,24682.41,540,374.34563109268254,0.0,0.0,0.0,0.0,0.0,0.0,0.0,0.0,-306.6549642141872
911,348,11401.72,32.7635632183908,23.88,0.9691103279305675,0.2698496367214771,0.2008556603740488,0.13875976607038235,0.07974147760162502,0.07698136772346628,0.0744036864613409,0.041748964191367616,0.006370091530049851,0.07007977743708843,0.041209571889153564,0.008882205786938102,24,14.5,0.4654780155976467,69.0,8326.0,23.0,23.0,0.0,0.0,23.0,32.0,483.56,19408.56,843.8504347826088,23,5.95,19408.55,20211.28,472,344.40877218898095,0.0,0.0,0.0,0.0,0.0,0.0,0.0,6891.402992468771,-450.0005147031791
912,449,16674.24,37.13639198218263,24.93,1.19400677815706,0.30948457021129594,0.23323341873452702,0.10550705759302972,0.057866505459919004,0.07478121941389833,0.047209348072235965,0.053985668912046356,0.04552411384266988,0.040440223962231556,0.03196787379814612,0.0007885197137711408,24,18.708333333333332,0.34168273936323335,48.0,3936.0,24.0,24.0,0.0,0.0,0.0,0.0,0.0,36442.81,1584.4699999999998,23,17417.05,36442.79,20610.2,520,4890.0573287015595,0.0,0.0,0.0,0.0,0.0,0.0,0.0,0.0,1044.0589479063901
913,344,11705.16,34.02662790697674,23.695,1.0695921978017953,0.2901438340014147,0.19729589343503207,0.12733529486141154,0.05589671563652269,0.07393320552645156,0.07948802066780802,0.0377952971168271,0.0793291163896948,0.042963957775886866,0.015818664588950513,0.0036701857524612524,24,14.333333333333334,0.448043427001425,46.0,5474.0,0.0,23.0,0.0,0.0,23.0,32.0,523.16,19457.27,845.9682608695653,23,6.64,19457.22,20261.29,460,874.2268441933552,0.0,0.0,0.0,0.0,0.0,2558.96,0.0,0.0,-243.29268109929376
914,279,9468.75,33.93817204301075,24.63,1.040215959549663,0.30193531353135317,0.21836673267326737,0.07855947194719473,0.06425135313531355,0.046946006600660076,0.016208052805280527,0.06274534653465348,0.038125412541254136,0.09494706270627064,0.07791524752475248,0.002176498878009636,24,11.625,0.646123300330033,70.0,14332.0,23.0,23.0,24.0,0.0,0.0,37.0,329.12,25980.96,1129.606956521739,23,5.43,25980.99,27058.1,425,1085.0285490543754,0.0,0.0,0.0,0.0,0.0,0.0,2928.36,0.0,-169.52858244927484
915,117,2434.68,20.80923076923077,16.03,0.7879716273202985,0.3154706162616853,0.33290206515846027,0.05419192665976638,0.02957678216439122,0.05797887196674717,0.06694514268815614,0.049111176828166334,0.016712668605319794,0.054430150984934374,0.022680598682373043,0.006993377090417696,24,4.875,0.841387779913582,48.0,12116.0,0.0,23.0,21.0,4.0,0.0,47.0,1284.36,15205.92,661.1269565217391,23,4.39,15205.9,15835.08,235,239.6281568817558,0.0,0.0,0.0,0.0,0.0,0.0,0.0,0.0,-1079.7309781245037
916,439,16010.02,36.469293849658314,25.02,1.33612164534629,0.22556873757809173,0.17199104061081746,0.1222728016579617,0.14513535898143787,0.08351020173616272,0.029555865639143485,0.04747839165722466,0.06524788850982073,0.0548375329949619,0.05440218063437772,0.004399896012648008,24,18.291666666666668,0.383005143029178,96.0,26232.0,24.0,24.0,24.0,24.0,0.0,0.0,0.0,60869.53,2646.501304347826,23,881.24,60869.63,62524.63,581,6234.749192894995,0.0,0.0,0.0,0.0,0.0,0.0,20282.63,0.0,1163.4946709185936
917,96,2813.23,29.304479166666667,25.61,0.6480672102084137,0.25863864668015063,0.24896293584243026,0.1172033569953399,0.0675664627492242,0.027612388606690533,0.039079634441549396,0.10735346914400885,0.03185662032610203,0.05181588423271472,0.04991060098178962,0.008750737557118082,23,4.173913043478261,0.8339311041045346,69.0,13892.0,23.0,23.0,23.0,0.0,0.0,65.0,1369.28,17899.29,778.23,23,0.42,17899.36,18677.17,272,352.41713416231113,0.0,0.0,0.0,0.0,0.0,602.64,0.0,0.0,-649.5370386008572
